path,teclas,fecha
videos/process/process_escena2/shift_0_10-05-34.jpg,shift,10-05-34
videos/process/process_escena2/shift_0_10-05-35.jpg,shift,10-05-35
videos/process/process_escena2/shift_0_10-05-35_1.jpg,shift,10-05-35
videos/process/process_escena2/shift_0_10-05-35_2.jpg,shift,10-05-35
videos/process/process_escena2/shift_0_10-05-35_3.jpg,shift,10-05-35
videos/process/process_escena2/shift_0_10-05-36.jpg,shift,10-05-36
videos/process/process_escena2/shift_0_10-05-37.jpg,shift,10-05-37
videos/process/process_escena2/shift_0_10-05-37_1.jpg,shift,10-05-37
videos/process/process_escena2/shift_0_10-05-38.jpg,shift,10-05-38
videos/process/process_escena2/shift_0_10-05-38_1.jpg,shift,10-05-38
videos/process/process_escena2/shift_0_10-05-38_2.jpg,shift,10-05-38
videos/process/process_escena2/shift_0_10-05-39_2.jpg,shift,10-05-39
videos/process/process_escena2/shift_0_10-05-39.jpg,shift,10-05-39
videos/process/process_escena2/shift_0_10-05-39_1.jpg,shift,10-05-39
videos/process/process_escena2/shift_0_10-05-40.jpg,shift,10-05-40
videos/process/process_escena2/shift_0_10-05-41_1.jpg,shift,10-05-41
videos/process/process_escena2/shift_0_10-05-41.jpg,shift,10-05-41
videos/process/process_escena2/shift_0_10-05-42_2.jpg,shift,10-05-42
videos/process/process_escena2/shift_0_10-05-42_1.jpg,shift,10-05-42
videos/process/process_escena2/shift_0_10-05-42.jpg,shift,10-05-42
videos/process/process_escena2/shift_0_10-05-43_3.jpg,shift,10-05-43
videos/process/process_escena2/shift_0_10-05-43_1.jpg,shift,10-05-43
videos/process/process_escena2/shift_0_10-05-43_2.jpg,shift,10-05-43
videos/process/process_escena2/shift_0_10-05-43.jpg,shift,10-05-43
videos/process/process_escena2/shift_0_10-05-44.jpg,shift,10-05-44
videos/process/process_escena2/d_0_10-05-55.jpg,d,10-05-55
videos/process/process_escena2/a_0_10-05-55.jpg,a,10-05-55
videos/process/process_escena2/d_0_10-05-56.jpg,d,10-05-56
videos/process/process_escena2/right_0_10-06-06.jpg,right,10-06-06
videos/process/process_escena2/up_0_10-06-06.jpg,up,10-06-06
videos/process/process_escena2/up_0_10-06-07.jpg,up,10-06-07
videos/process/process_escena2/up_0_10-06-08.jpg,up,10-06-08
videos/process/process_escena2/up_0_10-06-09.jpg,up,10-06-09
videos/process/process_escena2/down_0_10-06-10.jpg,down,10-06-10
videos/process/process_escena2/up_0_10-06-11.jpg,up,10-06-11
videos/process/process_escena2/enter_0_10-06-12.jpg,enter,10-06-12
videos/process/process_escena2/enter_0_10-06-13.jpg,enter,10-06-13
videos/process/process_escena2/enter_0_10-06-14.jpg,enter,10-06-14
videos/process/process_escena2/enter_0_10-06-14_1.jpg,enter,10-06-14
videos/process/process_escena2/enter_0_10-06-15.jpg,enter,10-06-15
videos/process/process_escena2/enter_0_10-06-15_1.jpg,enter,10-06-15
videos/process/process_escena2/enter_0_10-06-16.jpg,enter,10-06-16
videos/process/process_escena2/enter_0_10-06-17.jpg,enter,10-06-17
videos/process/process_escena2/enter_0_10-06-18.jpg,enter,10-06-18
videos/process/process_escena2/enter_0_10-06-19_1.jpg,enter,10-06-19
videos/process/process_escena2/enter_0_10-06-19.jpg,enter,10-06-19
videos/process/process_escena2/enter_0_10-06-20_1.jpg,enter,10-06-20
videos/process/process_escena2/enter_0_10-06-20.jpg,enter,10-06-20
videos/process/process_escena2/enter_0_10-06-21_1.jpg,enter,10-06-21
videos/process/process_escena2/enter_0_10-06-21.jpg,enter,10-06-21
videos/process/process_escena2/enter_0_10-06-21_2.jpg,enter,10-06-21
videos/process/process_escena2/enter_0_10-06-22_1.jpg,enter,10-06-22
videos/process/process_escena2/enter_0_10-06-22_2.jpg,enter,10-06-22
videos/process/process_escena2/enter_0_10-06-22.jpg,enter,10-06-22
videos/process/process_escena2/enter_0_10-06-23.jpg,enter,10-06-23
videos/process/process_escena2/enter_0_10-06-24.jpg,enter,10-06-24
videos/process/process_escena2/enter_0_10-06-24_1.jpg,enter,10-06-24
videos/process/process_escena2/enter_0_10-06-25.jpg,enter,10-06-25
videos/process/process_escena2/down_0_10-06-25.jpg,down,10-06-25
videos/process/process_escena2/down_0_10-06-30.jpg,down,10-06-30
videos/process/process_escena2/up_0_10-06-31.jpg,up,10-06-31
videos/process/process_escena2/up_0_10-06-32.jpg,up,10-06-32
videos/process/process_escena2/enter_0_10-06-33.jpg,enter,10-06-33
videos/process/process_escena2/down_0_10-06-34_1.jpg,down,10-06-34
videos/process/process_escena2/down_0_10-06-34.jpg,down,10-06-34
videos/process/process_escena2/down_0_10-06-35.jpg,down,10-06-35
videos/process/process_escena2/down_0_10-06-35_1.jpg,down,10-06-35
videos/process/process_escena2/down_0_10-06-40.jpg,down,10-06-40
videos/process/process_escena2/down_0_10-06-40_2.jpg,down,10-06-40
videos/process/process_escena2/down_0_10-06-40_1.jpg,down,10-06-40
videos/process/process_escena2/up_0_10-06-42.jpg,up,10-06-42
videos/process/process_escena2/down_0_10-06-53.jpg,down,10-06-53
videos/process/process_escena2/up_0_10-06-56.jpg,up,10-06-56
videos/process/process_escena2/up_0_10-06-57.jpg,up,10-06-57
videos/process/process_escena2/alt_l_0_10-07-13.jpg,alt,10-07-13
videos/process/process_escena2/down_0_10-07-54.jpg,down,10-07-54
videos/process/process_escena2/down_0_10-07-55.jpg,down,10-07-55
videos/process/process_escena2/down_0_10-07-56.jpg,down,10-07-56
videos/process/process_escena2/down_0_10-07-58.jpg,down,10-07-58
videos/process/process_escena2/down_0_10-07-59.jpg,down,10-07-59
videos/process/process_escena2/up_0_10-08-00.jpg,up,10-08-00
videos/process/process_escena2/up_0_10-08-01.jpg,up,10-08-01
videos/process/process_escena2/down_0_10-08-01.jpg,down,10-08-01
videos/process/process_escena2/up_0_10-08-02.jpg,up,10-08-02
videos/process/process_escena2/t_0_10-08-19.jpg,t,10-08-19
videos/process/process_escena2/i_0_10-08-21.jpg,i,10-08-21
videos/process/process_escena2/w_0_10-08-21.jpg,w,10-08-21
videos/process/process_escena2/e_0_10-08-22.jpg,e,10-08-22
videos/process/process_escena2/backspace_0_10-08-23.jpg,backspace,10-08-23
videos/process/process_escena2/backspace_0_10-08-23_1.jpg,backspace,10-08-23
videos/process/process_escena2/esc_0_10-08-26.jpg,esc,10-08-26
videos/process/process_escena2/up_0_10-08-30.jpg,up,10-08-30
videos/process/process_escena2/right_0_10-08-33.jpg,right,10-08-33
videos/process/process_escena2/right_0_10-08-33_1.jpg,right,10-08-33
videos/process/process_escena2/enter_0_10-08-34.jpg,enter,10-08-34
videos/process/process_escena2/left_0_10-08-35.jpg,left,10-08-35
videos/process/process_escena2/up_0_10-08-36.jpg,up,10-08-36
videos/process/process_escena2/down_0_10-08-37.jpg,down,10-08-37
videos/process/process_escena2/down_0_10-08-39_1.jpg,down,10-08-39
videos/process/process_escena2/down_0_10-08-39.jpg,down,10-08-39
videos/process/process_escena2/down_0_10-08-40_2.jpg,down,10-08-40
videos/process/process_escena2/down_0_10-08-40_1.jpg,down,10-08-40
videos/process/process_escena2/down_0_10-08-40.jpg,down,10-08-40
videos/process/process_escena2/down_0_10-08-41_2.jpg,down,10-08-41
videos/process/process_escena2/down_0_10-08-41_1.jpg,down,10-08-41
videos/process/process_escena2/down_0_10-08-41.jpg,down,10-08-41
videos/process/process_escena2/down_0_10-08-42_1.jpg,down,10-08-42
videos/process/process_escena2/down_0_10-08-42.jpg,down,10-08-42
videos/process/process_escena2/down_0_10-08-45.jpg,down,10-08-45
videos/process/process_escena2/down_0_10-08-45_1.jpg,down,10-08-45
videos/process/process_escena2/enter_0_10-08-46.jpg,enter,10-08-46
videos/process/process_escena2/up_0_10-08-46.jpg,up,10-08-46
videos/process/process_escena2/left_0_10-08-49.jpg,left,10-08-49
videos/process/process_escena2/w_0_10-10-49.jpg,w,10-10-49
videos/process/process_escena2/ctrl_l_0_10-10-49.jpg,ctrl,10-10-49
videos/process/process_escena2/shift+w_0_10-10-50.jpg,shift+w,10-10-50
videos/process/process_escena2/shift+w_0_10-10-50_1.jpg,shift+w,10-10-50
videos/process/process_escena2/shift+w_0_10-10-50_2.jpg,shift+w,10-10-50
videos/process/process_escena2/w_0_10-10-50.jpg,w,10-10-50
videos/process/process_escena2/shift+w_0_10-10-51.jpg,shift+w,10-10-51
videos/process/process_escena2/shift+w_0_10-10-51_3.jpg,shift+w,10-10-51
videos/process/process_escena2/shift+w_0_10-10-51_1.jpg,shift+w,10-10-51
videos/process/process_escena2/shift+w_0_10-10-51_2.jpg,shift+w,10-10-51
videos/process/process_escena2/shift+w_0_10-10-52.jpg,shift+w,10-10-52
videos/process/process_escena2/shift+w_0_10-10-52_3.jpg,shift+w,10-10-52
videos/process/process_escena2/shift+w_0_10-10-52_2.jpg,shift+w,10-10-52
videos/process/process_escena2/shift+w_0_10-10-52_1.jpg,shift+w,10-10-52
videos/process/process_escena2/shift+w_0_10-10-53_3.jpg,shift+w,10-10-53
videos/process/process_escena2/shift+w_0_10-10-53_2.jpg,shift+w,10-10-53
videos/process/process_escena2/shift+w_0_10-10-53.jpg,shift+w,10-10-53
videos/process/process_escena2/shift+w_0_10-10-53_1.jpg,shift+w,10-10-53
videos/process/process_escena2/shift+w_0_10-10-54.jpg,shift+w,10-10-54
videos/process/process_escena2/shift+w_0_10-10-54_2.jpg,shift+w,10-10-54
videos/process/process_escena2/shift+w_0_10-10-54_1.jpg,shift+w,10-10-54
videos/process/F/A+shift+w_0_10-10-54.jpg,A+shift+w,10-10-54
videos/process/process_escena2/shift+w_0_10-10-55_3.jpg,shift+w,10-10-55
videos/process/process_escena2/shift+w_0_10-10-55_2.jpg,shift+w,10-10-55
videos/process/process_escena2/shift+w_0_10-10-55_1.jpg,shift+w,10-10-55
videos/process/process_escena2/shift+w_0_10-10-55.jpg,shift+w,10-10-55
videos/process/process_escena2/shift+w_0_10-10-56.jpg,shift+w,10-10-56
videos/process/process_escena2/shift+w_0_10-10-56_1.jpg,shift+w,10-10-56
videos/process/process_escena2/shift+w_0_10-10-56_3.jpg,shift+w,10-10-56
videos/process/process_escena2/shift+w_0_10-10-56_2.jpg,shift+w,10-10-56
videos/process/process_escena2/shift+w_0_10-10-57_3.jpg,shift+w,10-10-57
videos/process/process_escena2/shift+w_0_10-10-57_2.jpg,shift+w,10-10-57
videos/process/process_escena2/shift+w_0_10-10-57_1.jpg,shift+w,10-10-57
videos/process/process_escena2/shift+w_0_10-10-57.jpg,shift+w,10-10-57
videos/process/process_escena2/shift+w_0_10-10-58.jpg,shift+w,10-10-58
videos/process/process_escena2/shift+w_0_10-10-58_2.jpg,shift+w,10-10-58
videos/process/process_escena2/shift+w_0_10-10-58_1.jpg,shift+w,10-10-58
videos/process/process_escena2/shift+space+w_0_10-10-58.jpg,shift+space+w,10-10-58
videos/process/F/10-10-59.jpg,F,10-10-59
videos/process/process_escena2/shift+w_0_10-10-59_2.jpg,shift+w,10-10-59
videos/process/process_escena2/shift+w_0_10-10-59_1.jpg,shift+w,10-10-59
videos/process/process_escena2/shift+w_0_10-10-59.jpg,shift+w,10-10-59
videos/process/F/10-11-00.jpg,F,10-11-00
videos/process/F/10-11-00_1.jpg,F,10-11-00
videos/process/F/10-11-00_2.jpg,F,10-11-00
videos/process/F/10-11-00_3.jpg,F,10-11-00
videos/process/F/10-11-01_3.jpg,F,10-11-01
videos/process/F/10-11-01_2.jpg,F,10-11-01
videos/process/F/10-11-01.jpg,F,10-11-01
videos/process/F/10-11-01_1.jpg,F,10-11-01
videos/process/F/10-11-02.jpg,F,10-11-02
videos/process/F/10-11-02_1.jpg,F,10-11-02
videos/process/F/w_0_10-11-02.jpg,w,10-11-02
videos/process/F/a+w_0_10-11-02.jpg,a+w,10-11-02
videos/process/F/a+w_0_10-11-03.jpg,a+w,10-11-03
videos/process/F/a+w_0_10-11-03_1.jpg,a+w,10-11-03
videos/process/F/a+w_0_10-11-03_2.jpg,a+w,10-11-03
videos/process/F/a+w_0_10-11-03_3.jpg,a+w,10-11-03
videos/process/F/a+w_0_10-11-04.jpg,a+w,10-11-04
videos/process/F/a+w_0_10-11-04_1.jpg,a+w,10-11-04
videos/process/F/a+w_0_10-11-04_2.jpg,a+w,10-11-04
videos/process/F/a+w_0_10-11-04_3.jpg,a+w,10-11-04
videos/process/F/w_0_10-11-05.jpg,w,10-11-05
videos/process/F/a+w_0_10-11-05.jpg,a+w,10-11-05
videos/process/F/a+w_0_10-11-05_2.jpg,a+w,10-11-05
videos/process/F/a+w_0_10-11-05_1.jpg,a+w,10-11-05
videos/process/F/d+s_0_10-11-06.jpg,d+s,10-11-06
videos/process/F/a_0_10-11-06_1.jpg,a,10-11-06
videos/process/F/a_0_10-11-06.jpg,a,10-11-06
videos/process/F/a+w_0_10-11-06.jpg,a+w,10-11-06
videos/process/F/a+w_0_10-11-07.jpg,a+w,10-11-07
videos/process/F/d+s_0_10-11-07.jpg,d+s,10-11-07
videos/process/F/d_0_10-11-07.jpg,d,10-11-07
videos/process/F/10-11-07.jpg,F,10-11-07
videos/process/F/10-11-08_1.jpg,F,10-11-08
videos/process/F/10-11-08_2.jpg,F,10-11-08
videos/process/F/10-11-08_3.jpg,F,10-11-08
videos/process/F/10-11-08.jpg,F,10-11-08
videos/process/F/10-11-09_2.jpg,F,10-11-09
videos/process/F/10-11-09.jpg,F,10-11-09
videos/process/F/10-11-09_1.jpg,F,10-11-09
videos/process/F/10-11-09_3.jpg,F,10-11-09
videos/process/F/10-11-10_2.jpg,F,10-11-10
videos/process/F/10-11-10_3.jpg,F,10-11-10
videos/process/F/10-11-10.jpg,F,10-11-10
videos/process/F/10-11-10_1.jpg,F,10-11-10
videos/process/F/10-11-11.jpg,F,10-11-11
videos/process/F/10-11-11_1.jpg,F,10-11-11
videos/process/F/10-11-11_2.jpg,F,10-11-11
videos/process/F/10-11-11_3.jpg,F,10-11-11
videos/process/F/10-11-12.jpg,F,10-11-12
videos/process/F/10-11-12_1.jpg,F,10-11-12
videos/process/F/10-11-12_2.jpg,F,10-11-12
videos/process/F/10-11-12_3.jpg,F,10-11-12
videos/process/F/10-11-13.jpg,F,10-11-13
videos/process/F/10-11-13_2.jpg,F,10-11-13
videos/process/F/10-11-13_1.jpg,F,10-11-13
videos/process/F/10-11-13_3.jpg,F,10-11-13
videos/process/F/10-11-14.jpg,F,10-11-14
videos/process/F/10-11-14_1.jpg,F,10-11-14
videos/process/F/10-11-14_2.jpg,F,10-11-14
videos/process/F/10-11-14_3.jpg,F,10-11-14
videos/process/F/10-11-15.jpg,F,10-11-15
videos/process/F/10-11-15_1.jpg,F,10-11-15
videos/process/F/10-11-15_2.jpg,F,10-11-15
videos/process/F/10-11-15_3.jpg,F,10-11-15
videos/process/F/10-11-16_3.jpg,F,10-11-16
videos/process/F/10-11-16_2.jpg,F,10-11-16
videos/process/F/10-11-16.jpg,F,10-11-16
videos/process/F/10-11-16_1.jpg,F,10-11-16
videos/process/F/10-11-17.jpg,F,10-11-17
videos/process/F/10-11-17_1.jpg,F,10-11-17
videos/process/F/10-11-17_2.jpg,F,10-11-17
videos/process/F/10-11-17_3.jpg,F,10-11-17
videos/process/F/10-11-18.jpg,F,10-11-18
videos/process/F/10-11-18_1.jpg,F,10-11-18
videos/process/F/10-11-18_2.jpg,F,10-11-18
videos/process/F/10-11-18_3.jpg,F,10-11-18
videos/process/F/10-11-19_3.jpg,F,10-11-19
videos/process/F/10-11-19_1.jpg,F,10-11-19
videos/process/F/10-11-19.jpg,F,10-11-19
videos/process/F/10-11-19_2.jpg,F,10-11-19
videos/process/F/10-11-20.jpg,F,10-11-20
videos/process/F/10-11-20_1.jpg,F,10-11-20
videos/process/F/10-11-20_2.jpg,F,10-11-20
videos/process/F/10-11-20_3.jpg,F,10-11-20
videos/process/F/10-11-21.jpg,F,10-11-21
videos/process/F/10-11-21_1.jpg,F,10-11-21
videos/process/F/10-11-21_2.jpg,F,10-11-21
videos/process/F/10-11-21_3.jpg,F,10-11-21
videos/process/F/10-11-22_3.jpg,F,10-11-22
videos/process/F/10-11-22_2.jpg,F,10-11-22
videos/process/F/10-11-22.jpg,F,10-11-22
videos/process/F/10-11-22_1.jpg,F,10-11-22
videos/process/F/10-11-23.jpg,F,10-11-23
videos/process/F/10-11-23_1.jpg,F,10-11-23
videos/process/F/10-11-23_2.jpg,F,10-11-23
videos/process/F/10-11-23_3.jpg,F,10-11-23
videos/process/F/10-11-25.jpg,F,10-11-25
videos/process/F/10-11-25_1.jpg,F,10-11-25
videos/process/F/10-11-25_2.jpg,F,10-11-25
videos/process/F/10-11-25_3.jpg,F,10-11-25
videos/process/F/10-11-26_3.jpg,F,10-11-26
videos/process/F/10-11-26.jpg,F,10-11-26
videos/process/F/10-11-26_1.jpg,F,10-11-26
videos/process/F/10-11-26_2.jpg,F,10-11-26
videos/process/F/10-11-27.jpg,F,10-11-27
videos/process/F/w_0_10-11-27.jpg,w,10-11-27
videos/process/F/10-11-27_2.jpg,F,10-11-27
videos/process/F/10-11-27_1.jpg,F,10-11-27
videos/process/F/a+w_0_10-11-28_2.jpg,a+w,10-11-28
videos/process/F/a+w_0_10-11-28_1.jpg,a+w,10-11-28
videos/process/F/a+w_0_10-11-28.jpg,a+w,10-11-28
videos/process/F/d+w_0_10-11-28.jpg,d+w,10-11-28
videos/process/F/w_0_10-11-29.jpg,w,10-11-29
videos/process/F/shift+w_0_10-11-29.jpg,shift+w,10-11-29
videos/process/process_escena2/w_0_10-11-29.jpg,w,10-11-29
videos/process/process_escena2/shift+w_0_10-11-29.jpg,shift+w,10-11-29
videos/process/process_escena2/w_0_10-11-30.jpg,w,10-11-30
videos/process/process_escena2/w_0_10-11-30_1.jpg,w,10-11-30
videos/process/process_escena2/w_0_10-11-30_2.jpg,w,10-11-30
videos/process/process_escena2/d+w_0_10-11-30.jpg,d+w,10-11-30
videos/process/process_escena2/w_0_10-11-31.jpg,w,10-11-31
videos/process/process_escena2/w_0_10-11-34.jpg,w,10-11-34
videos/process/process_escena2/w_0_10-11-34_2.jpg,w,10-11-34
videos/process/process_escena2/w_0_10-11-34_3.jpg,w,10-11-34
videos/process/process_escena2/w_0_10-11-34_1.jpg,w,10-11-34
videos/process/process_escena2/w_0_10-11-35.jpg,w,10-11-35
videos/process/process_escena2/shift+w_0_10-11-35_1.jpg,shift+w,10-11-35
videos/process/process_escena2/shift+w_0_10-11-35_2.jpg,shift+w,10-11-35
videos/process/process_escena2/shift+w_0_10-11-35.jpg,shift+w,10-11-35
videos/process/process_escena2/shift+w_0_10-11-36_3.jpg,shift+w,10-11-36
videos/process/process_escena2/shift+w_0_10-11-36.jpg,shift+w,10-11-36
videos/process/process_escena2/shift+w_0_10-11-36_1.jpg,shift+w,10-11-36
videos/process/process_escena2/shift+w_0_10-11-36_2.jpg,shift+w,10-11-36
videos/process/process_escena2/shift+w_0_10-11-37_2.jpg,shift+w,10-11-37
videos/process/process_escena2/shift+w_0_10-11-37_1.jpg,shift+w,10-11-37
videos/process/process_escena2/shift+w_0_10-11-37.jpg,shift+w,10-11-37
videos/process/process_escena2/shift+w_0_10-11-37_3.jpg,shift+w,10-11-37
videos/process/process_escena2/shift+w_0_10-11-38.jpg,shift+w,10-11-38
videos/process/F/10-11-38.jpg,F,10-11-38
videos/process/F/w_0_10-11-38.jpg,w,10-11-38
videos/process/F/f+shift_0_10-11-40.jpg,f+shift,10-11-40
videos/process/F/a+w_0_10-11-41.jpg,a+w,10-11-41
videos/process/F/w_0_10-11-41.jpg,w,10-11-41
videos/process/F/w_0_10-11-42.jpg,w,10-11-42
videos/process/F/w_0_10-11-42_1.jpg,w,10-11-42
videos/process/F/w_0_10-11-42_2.jpg,w,10-11-42
videos/process/F/w_0_10-11-43_1.jpg,w,10-11-43
videos/process/F/w_0_10-11-43.jpg,w,10-11-43
videos/process/F/f+shift+w_0_10-11-43.jpg,f+shift+w,10-11-43
videos/process/F/10-11-45.jpg,F,10-11-45
videos/process/process_escena2/w_0_10-11-48.jpg,w,10-11-48
videos/process/process_escena2/w_0_10-11-49.jpg,w,10-11-49
videos/process/process_escena2/w_0_10-11-49_2.jpg,w,10-11-49
videos/process/process_escena2/w_0_10-11-49_3.jpg,w,10-11-49
videos/process/process_escena2/w_0_10-11-49_1.jpg,w,10-11-49
videos/process/process_escena2/w_0_10-11-50.jpg,w,10-11-50
videos/process/process_escena2/w_0_10-11-50_1.jpg,w,10-11-50
videos/process/process_escena2/w_0_10-11-50_2.jpg,w,10-11-50
videos/process/process_escena2/w_0_10-11-51.jpg,w,10-11-51
videos/process/process_escena2/w_0_10-11-51_1.jpg,w,10-11-51
videos/process/process_escena2/w_0_10-11-51_2.jpg,w,10-11-51
videos/process/process_escena2/a+w_0_10-11-51.jpg,a+w,10-11-51
videos/process/process_escena2/w_0_10-11-52.jpg,w,10-11-52
videos/process/process_escena2/w_0_10-11-52_1.jpg,w,10-11-52
videos/process/process_escena2/w_0_10-11-52_2.jpg,w,10-11-52
videos/process/process_escena2/a+w_0_10-11-52.jpg,a+w,10-11-52
videos/process/process_escena2/d+w_0_10-11-53.jpg,d+w,10-11-53
videos/process/process_escena2/w_0_10-11-53.jpg,w,10-11-53
videos/process/process_escena2/w_0_10-11-53_1.jpg,w,10-11-53
videos/process/process_escena2/a+w_0_10-11-53.jpg,a+w,10-11-53
videos/process/process_escena2/a+w_0_10-11-54.jpg,a+w,10-11-54
videos/process/process_escena2/a+w_0_10-11-54_1.jpg,a+w,10-11-54
videos/process/process_escena2/w_0_10-11-54.jpg,w,10-11-54
videos/process/process_escena2/w_0_10-11-54_1.jpg,w,10-11-54
videos/process/process_escena2/a+w_0_10-11-55_1.jpg,a+w,10-11-55
videos/process/process_escena2/w_0_10-11-55.jpg,w,10-11-55
videos/process/process_escena2/w_0_10-11-55_1.jpg,w,10-11-55
videos/process/process_escena2/a+w_0_10-11-55.jpg,a+w,10-11-55
videos/process/process_escena2/w_0_10-11-56_3.jpg,w,10-11-56
videos/process/process_escena2/w_0_10-11-56.jpg,w,10-11-56
videos/process/process_escena2/w_0_10-11-56_2.jpg,w,10-11-56
videos/process/process_escena2/w_0_10-11-56_1.jpg,w,10-11-56
videos/process/process_escena2/d+w_0_10-11-57.jpg,d+w,10-11-57
videos/process/process_escena2/d+w_0_10-11-57_1.jpg,d+w,10-11-57
videos/process/process_escena2/w_0_10-11-57.jpg,w,10-11-57
videos/process/process_escena2/w_0_10-11-57_1.jpg,w,10-11-57
videos/process/process_escena2/w_0_10-11-58.jpg,w,10-11-58
videos/process/process_escena2/d+w_0_10-11-58_2.jpg,d+w,10-11-58
videos/process/process_escena2/d+w_0_10-11-58_1.jpg,d+w,10-11-58
videos/process/process_escena2/d+w_0_10-11-58.jpg,d+w,10-11-58
videos/process/process_escena2/w_0_10-11-59_3.jpg,w,10-11-59
videos/process/process_escena2/w_0_10-11-59.jpg,w,10-11-59
videos/process/process_escena2/w_0_10-11-59_1.jpg,w,10-11-59
videos/process/process_escena2/w_0_10-11-59_2.jpg,w,10-11-59
videos/process/process_escena2/w_0_10-12-00.jpg,w,10-12-00
videos/process/process_escena2/a+w_0_10-12-00.jpg,a+w,10-12-00
videos/process/process_escena2/a+w_0_10-12-00_1.jpg,a+w,10-12-00
videos/process/process_escena2/d+w_0_10-12-00.jpg,d+w,10-12-00
videos/process/process_escena2/d+w_0_10-12-01.jpg,d+w,10-12-01
videos/process/process_escena2/a+w_0_10-12-01_1.jpg,a+w,10-12-01
videos/process/process_escena2/a+w_0_10-12-01.jpg,a+w,10-12-01
videos/process/process_escena2/w_0_10-12-01.jpg,w,10-12-01
videos/process/process_escena2/a+w_0_10-12-02.jpg,a+w,10-12-02
videos/process/process_escena2/w_0_10-12-02_2.jpg,w,10-12-02
videos/process/process_escena2/w_0_10-12-02_1.jpg,w,10-12-02
videos/process/process_escena2/w_0_10-12-02.jpg,w,10-12-02
videos/process/process_escena2/w_0_10-12-03.jpg,w,10-12-03
videos/process/process_escena2/a+w_0_10-12-03.jpg,a+w,10-12-03
videos/process/process_escena2/a+w_0_10-12-03_1.jpg,a+w,10-12-03
videos/process/process_escena2/d+w_0_10-12-03.jpg,d+w,10-12-03
videos/process/process_escena2/d+w_0_10-12-04.jpg,d+w,10-12-04
videos/process/process_escena2/d+w_0_10-12-04_1.jpg,d+w,10-12-04
videos/process/process_escena2/d+w_0_10-12-04_2.jpg,d+w,10-12-04
videos/process/process_escena2/w_0_10-12-04.jpg,w,10-12-04
videos/process/process_escena2/d+w_0_10-12-05.jpg,d+w,10-12-05
videos/process/process_escena2/w_0_10-12-05.jpg,w,10-12-05
videos/process/process_escena2/w_0_10-12-05_1.jpg,w,10-12-05
videos/process/process_escena2/w_0_10-12-05_2.jpg,w,10-12-05
videos/process/process_escena2/a+w_0_10-12-06.jpg,a+w,10-12-06
videos/process/process_escena2/w_0_10-12-06.jpg,w,10-12-06
videos/process/process_escena2/w_0_10-12-06_1.jpg,w,10-12-06
videos/process/process_escena2/w_0_10-12-06_2.jpg,w,10-12-06
videos/process/process_escena2/w_0_10-12-07.jpg,w,10-12-07
videos/process/process_escena2/w_0_10-12-07_1.jpg,w,10-12-07
videos/process/process_escena2/w_0_10-12-07_2.jpg,w,10-12-07
videos/process/process_escena2/w_0_10-12-07_3.jpg,w,10-12-07
videos/process/process_escena2/w_0_10-12-08.jpg,w,10-12-08
videos/process/process_escena2/w_0_10-12-08_1.jpg,w,10-12-08
videos/process/process_escena2/d+w_0_10-12-08.jpg,d+w,10-12-08
videos/process/process_escena2/a+w_0_10-12-08.jpg,a+w,10-12-08
videos/process/process_escena2/w_0_10-12-09_1.jpg,w,10-12-09
videos/process/process_escena2/w_0_10-12-09.jpg,w,10-12-09
videos/process/process_escena2/w_0_10-12-09_2.jpg,w,10-12-09
videos/process/process_escena2/a+w_0_10-12-09.jpg,a+w,10-12-09
videos/process/process_escena2/w_0_10-12-10.jpg,w,10-12-10
videos/process/process_escena2/w_0_10-12-10_1.jpg,w,10-12-10
videos/process/process_escena2/w_0_10-12-10_2.jpg,w,10-12-10
videos/process/process_escena2/a+w_0_10-12-10.jpg,a+w,10-12-10
videos/process/process_escena2/w_0_10-12-11_3.jpg,w,10-12-11
videos/process/process_escena2/w_0_10-12-11_2.jpg,w,10-12-11
videos/process/process_escena2/w_0_10-12-11_1.jpg,w,10-12-11
videos/process/process_escena2/w_0_10-12-11.jpg,w,10-12-11
videos/process/process_escena2/d_0_10-12-12.jpg,d,10-12-12
videos/process/process_escena2/a_0_10-12-12.jpg,a,10-12-12
videos/process/process_escena2/d+w_0_10-12-13.jpg,d+w,10-12-13
videos/process/process_escena2/w_0_10-12-13.jpg,w,10-12-13
videos/process/process_escena2/d+w_0_10-12-13_1.jpg,d+w,10-12-13
videos/process/process_escena2/d+w_0_10-12-14.jpg,d+w,10-12-14
videos/process/process_escena2/w_0_10-12-14_1.jpg,w,10-12-14
videos/process/process_escena2/w_0_10-12-14.jpg,w,10-12-14
videos/process/process_escena2/a+w_0_10-12-14.jpg,a+w,10-12-14
videos/process/process_escena2/w_0_10-12-15.jpg,w,10-12-15
videos/process/process_escena2/d+w_0_10-12-20.jpg,d+w,10-12-20
videos/process/process_escena2/d+w_0_10-12-20_1.jpg,d+w,10-12-20
videos/process/process_escena2/w_0_10-12-20_1.jpg,w,10-12-20
videos/process/process_escena2/w_0_10-12-20.jpg,w,10-12-20
videos/process/process_escena2/w_0_10-12-21_1.jpg,w,10-12-21
videos/process/process_escena2/d+w_0_10-12-21.jpg,d+w,10-12-21
videos/process/process_escena2/d+w_0_10-12-21_1.jpg,d+w,10-12-21
videos/process/process_escena2/w_0_10-12-21.jpg,w,10-12-21
videos/process/process_escena2/w_0_10-12-22.jpg,w,10-12-22
videos/process/process_escena2/w_0_10-12-22_1.jpg,w,10-12-22
videos/process/process_escena2/w_0_10-12-22_2.jpg,w,10-12-22
videos/process/process_escena2/w_0_10-12-22_3.jpg,w,10-12-22
videos/process/process_escena2/w_0_10-12-23.jpg,w,10-12-23
videos/process/process_escena2/w_0_10-12-23_1.jpg,w,10-12-23
videos/process/process_escena2/w_0_10-12-23_2.jpg,w,10-12-23
videos/process/process_escena2/w_0_10-12-23_3.jpg,w,10-12-23
videos/process/process_escena2/w_0_10-12-24.jpg,w,10-12-24
videos/process/process_escena2/w_0_10-12-24_1.jpg,w,10-12-24
videos/process/process_escena2/w_0_10-12-24_2.jpg,w,10-12-24
videos/process/process_escena2/d+w_0_10-12-24.jpg,d+w,10-12-24
videos/process/process_escena2/a+w_0_10-12-25.jpg,a+w,10-12-25
videos/process/process_escena2/a+w_0_10-12-25_1.jpg,a+w,10-12-25
videos/process/process_escena2/w_0_10-12-25_1.jpg,w,10-12-25
videos/process/process_escena2/w_0_10-12-25.jpg,w,10-12-25
videos/process/process_escena2/w_0_10-12-26.jpg,w,10-12-26
videos/process/process_escena2/w_0_10-12-26_1.jpg,w,10-12-26
videos/process/process_escena2/w_0_10-12-26_2.jpg,w,10-12-26
videos/process/process_escena2/w_0_10-12-26_3.jpg,w,10-12-26
videos/process/process_escena2/w_0_10-12-27.jpg,w,10-12-27
videos/process/process_escena2/w_0_10-12-27_1.jpg,w,10-12-27
videos/process/process_escena2/w_0_10-12-27_2.jpg,w,10-12-27
videos/process/process_escena2/w_0_10-12-27_3.jpg,w,10-12-27
videos/process/process_escena2/d+w_0_10-12-28.jpg,d+w,10-12-28
videos/process/process_escena2/w_0_10-12-28_1.jpg,w,10-12-28
videos/process/process_escena2/w_0_10-12-28.jpg,w,10-12-28
videos/process/process_escena2/d+w_0_10-12-28_1.jpg,d+w,10-12-28
videos/process/process_escena2/w_0_10-12-29.jpg,w,10-12-29
videos/process/process_escena2/w_0_10-12-29_1.jpg,w,10-12-29
videos/process/process_escena2/w_0_10-12-29_2.jpg,w,10-12-29
videos/process/process_escena2/d+w_0_10-12-29.jpg,d+w,10-12-29
videos/process/process_escena2/d+w_0_10-12-30.jpg,d+w,10-12-30
videos/process/process_escena2/w_0_10-12-30.jpg,w,10-12-30
videos/process/process_escena2/w_0_10-12-30_1.jpg,w,10-12-30
videos/process/process_escena2/w_0_10-12-30_2.jpg,w,10-12-30
videos/process/process_escena2/w_0_10-12-31.jpg,w,10-12-31
videos/process/process_escena2/w_0_10-12-31_1.jpg,w,10-12-31
videos/process/process_escena2/w_0_10-12-31_2.jpg,w,10-12-31
videos/process/process_escena2/w_0_10-12-31_3.jpg,w,10-12-31
videos/process/process_escena2/w_0_10-12-32.jpg,w,10-12-32
videos/process/process_escena2/w_0_10-12-32_2.jpg,w,10-12-32
videos/process/process_escena2/num8+w_0_10-12-32.jpg,num8+w,10-12-32
videos/process/process_escena2/w_0_10-12-32_1.jpg,w,10-12-32
videos/process/process_escena2/num8+w_0_10-12-33.jpg,num8+w,10-12-33
videos/process/process_escena2/w_0_10-12-33_2.jpg,w,10-12-33
videos/process/process_escena2/w_0_10-12-33_1.jpg,w,10-12-33
videos/process/process_escena2/w_0_10-12-33.jpg,w,10-12-33
videos/process/process_escena2/a+w_0_10-12-34.jpg,a+w,10-12-34
videos/process/process_escena2/w_0_10-12-34_2.jpg,w,10-12-34
videos/process/process_escena2/w_0_10-12-34_1.jpg,w,10-12-34
videos/process/process_escena2/w_0_10-12-34.jpg,w,10-12-34
videos/process/process_escena2/num6+w_0_10-12-35_1.jpg,num6+w,10-12-35
videos/process/process_escena2/num6+w_0_10-12-35_2.jpg,num6+w,10-12-35
videos/process/process_escena2/num8+w_0_10-12-35.jpg,num8+w,10-12-35
videos/process/process_escena2/num6+w_0_10-12-35.jpg,num6+w,10-12-35
videos/process/process_escena2/d+w_0_10-12-36.jpg,d+w,10-12-36
videos/process/process_escena2/w_0_10-12-36_1.jpg,w,10-12-36
videos/process/process_escena2/num5+num6+w_0_10-12-36.jpg,num5+num6+w,10-12-36
videos/process/process_escena2/w_0_10-12-36.jpg,w,10-12-36
videos/process/process_escena2/w_0_10-12-37.jpg,w,10-12-37
videos/process/process_escena2/w_0_10-12-37_1.jpg,w,10-12-37
videos/process/process_escena2/num5+w_0_10-12-37_1.jpg,num5+w,10-12-37
videos/process/process_escena2/num5+w_0_10-12-37.jpg,num5+w,10-12-37
videos/process/process_escena2/w_0_10-12-38.jpg,w,10-12-38
videos/process/process_escena2/d+w_0_10-12-38.jpg,d+w,10-12-38
videos/process/process_escena2/num5+w_0_10-12-38.jpg,num5+w,10-12-38
videos/process/process_escena2/d_0_10-12-38.jpg,d,10-12-38
videos/process/process_escena2/a+w_0_10-12-39.jpg,a+w,10-12-39
videos/process/process_escena2/w_0_10-12-39.jpg,w,10-12-39
videos/process/process_escena2/d+w_0_10-12-39.jpg,d+w,10-12-39
videos/process/process_escena2/w_0_10-12-40.jpg,w,10-12-40
videos/process/process_escena2/w_0_10-12-40_3.jpg,w,10-12-40
videos/process/process_escena2/w_0_10-12-40_1.jpg,w,10-12-40
videos/process/process_escena2/w_0_10-12-40_2.jpg,w,10-12-40
videos/process/process_escena2/num5+w_0_10-12-41_1.jpg,num5+w,10-12-41
videos/process/process_escena2/num5+w_0_10-12-41.jpg,num5+w,10-12-41
videos/process/process_escena2/w_0_10-12-41.jpg,w,10-12-41
videos/process/process_escena2/num5+num6+w_0_10-12-41.jpg,num5+num6+w,10-12-41
videos/process/process_escena2/num2+num6+w_0_10-12-42.jpg,num2+num6+w,10-12-42
videos/process/process_escena2/num5+num6+w_0_10-12-42_1.jpg,num5+num6+w,10-12-42
videos/process/process_escena2/num5+num6+w_0_10-12-42.jpg,num5+num6+w,10-12-42
videos/process/process_escena2/num2+num6+w_0_10-12-42_1.jpg,num2+num6+w,10-12-42
videos/process/process_escena2/num6+w_0_10-12-43.jpg,num6+w,10-12-43
videos/process/process_escena2/d+w_0_10-12-43.jpg,d+w,10-12-43
videos/process/process_escena2/num6+num8+w_0_10-12-43_1.jpg,num6+num8+w,10-12-43
videos/process/process_escena2/num6+num8+w_0_10-12-43.jpg,num6+num8+w,10-12-43
videos/process/process_escena2/d+w_0_10-12-44_2.jpg,d+w,10-12-44
videos/process/process_escena2/d+w_0_10-12-44_1.jpg,d+w,10-12-44
videos/process/process_escena2/d+w_0_10-12-44_3.jpg,d+w,10-12-44
videos/process/process_escena2/d+w_0_10-12-44.jpg,d+w,10-12-44
videos/process/process_escena2/d+w_0_10-12-45.jpg,d+w,10-12-45
videos/process/process_escena2/d+w_0_10-12-45_2.jpg,d+w,10-12-45
videos/process/process_escena2/d+w_0_10-12-45_3.jpg,d+w,10-12-45
videos/process/process_escena2/d+w_0_10-12-45_1.jpg,d+w,10-12-45
videos/process/process_escena2/d+w_0_10-12-46_1.jpg,d+w,10-12-46
videos/process/process_escena2/w_0_10-12-46.jpg,w,10-12-46
videos/process/process_escena2/w_0_10-12-46_1.jpg,w,10-12-46
videos/process/process_escena2/d+w_0_10-12-46.jpg,d+w,10-12-46
videos/process/process_escena2/d+w_0_10-12-47.jpg,d+w,10-12-47
videos/process/process_escena2/w_0_10-12-47_2.jpg,w,10-12-47
videos/process/process_escena2/w_0_10-12-47_1.jpg,w,10-12-47
videos/process/process_escena2/w_0_10-12-47.jpg,w,10-12-47
videos/process/process_escena2/d+w_0_10-12-48.jpg,d+w,10-12-48
videos/process/process_escena2/w_0_10-12-48_1.jpg,w,10-12-48
videos/process/process_escena2/w_0_10-12-48.jpg,w,10-12-48
videos/process/process_escena2/a+w_0_10-12-48.jpg,a+w,10-12-48
videos/process/process_escena2/a+w_0_10-12-49_2.jpg,a+w,10-12-49
videos/process/process_escena2/a+w_0_10-12-49_1.jpg,a+w,10-12-49
videos/process/process_escena2/a+w_0_10-12-49.jpg,a+w,10-12-49
videos/process/process_escena2/a+w_0_10-12-49_3.jpg,a+w,10-12-49
videos/process/process_escena2/a+w_0_10-12-50.jpg,a+w,10-12-50
videos/process/process_escena2/a+w_0_10-12-50_1.jpg,a+w,10-12-50
videos/process/process_escena2/a+w_0_10-12-50_2.jpg,a+w,10-12-50
videos/process/process_escena2/a+w_0_10-12-50_3.jpg,a+w,10-12-50
videos/process/process_escena2/a+w_0_10-12-51.jpg,a+w,10-12-51
videos/process/process_escena2/w_0_10-12-51.jpg,w,10-12-51
videos/process/process_escena2/w_0_10-12-51_1.jpg,w,10-12-51
videos/process/process_escena2/w_0_10-12-51_2.jpg,w,10-12-51
videos/process/process_escena2/w_0_10-12-52_1.jpg,w,10-12-52
videos/process/process_escena2/w_0_10-12-52_2.jpg,w,10-12-52
videos/process/process_escena2/w_0_10-12-52.jpg,w,10-12-52
videos/process/process_escena2/w_0_10-12-52_3.jpg,w,10-12-52
videos/process/process_escena2/w_0_10-12-53.jpg,w,10-12-53
videos/process/process_escena2/w_0_10-12-53_1.jpg,w,10-12-53
videos/process/process_escena2/w_0_10-12-53_2.jpg,w,10-12-53
videos/process/process_escena2/d+w_0_10-12-53.jpg,d+w,10-12-53
videos/process/process_escena2/d+w_0_10-12-54_1.jpg,d+w,10-12-54
videos/process/process_escena2/w_0_10-12-54.jpg,w,10-12-54
videos/process/process_escena2/d+w_0_10-12-54.jpg,d+w,10-12-54
videos/process/process_escena2/a+w_0_10-12-54.jpg,a+w,10-12-54
videos/process/process_escena2/d+w_0_10-12-55.jpg,d+w,10-12-55
videos/process/process_escena2/w_0_10-12-55_1.jpg,w,10-12-55
videos/process/process_escena2/w_0_10-12-55.jpg,w,10-12-55
videos/process/process_escena2/a+w_0_10-12-55.jpg,a+w,10-12-55
videos/process/process_escena2/d+w_0_10-12-56.jpg,d+w,10-12-56
videos/process/process_escena2/w_0_10-12-56.jpg,w,10-12-56
videos/process/process_escena2/a+w_0_10-12-56_1.jpg,a+w,10-12-56
videos/process/process_escena2/a+w_0_10-12-56.jpg,a+w,10-12-56
videos/process/process_escena2/d+w_0_10-12-57_2.jpg,d+w,10-12-57
videos/process/process_escena2/d+w_0_10-12-57_1.jpg,d+w,10-12-57
videos/process/process_escena2/w_0_10-12-57.jpg,w,10-12-57
videos/process/process_escena2/d+w_0_10-12-57.jpg,d+w,10-12-57
videos/process/process_escena2/d+w_0_10-12-58.jpg,d+w,10-12-58
videos/process/process_escena2/w_0_10-12-58_1.jpg,w,10-12-58
videos/process/process_escena2/w_0_10-12-58.jpg,w,10-12-58
videos/process/process_escena2/a+w_0_10-12-58.jpg,a+w,10-12-58
videos/process/process_escena2/w_0_10-12-59.jpg,w,10-12-59
videos/process/process_escena2/w_0_10-12-59_3.jpg,w,10-12-59
videos/process/process_escena2/w_0_10-12-59_2.jpg,w,10-12-59
videos/process/process_escena2/w_0_10-12-59_1.jpg,w,10-12-59
videos/process/process_escena2/d+w_0_10-13-00.jpg,d+w,10-13-00
videos/process/process_escena2/w_0_10-13-00.jpg,w,10-13-00
videos/process/process_escena2/w_0_10-13-00_1.jpg,w,10-13-00
videos/process/process_escena2/w_0_10-13-00_2.jpg,w,10-13-00
videos/process/process_escena2/d+w_0_10-13-01.jpg,d+w,10-13-01
videos/process/process_escena2/w_0_10-13-01.jpg,w,10-13-01
videos/process/process_escena2/w_0_10-13-01_1.jpg,w,10-13-01
videos/process/process_escena2/s_0_10-13-02.jpg,s,10-13-02
videos/process/process_escena2/a_0_10-13-02.jpg,a,10-13-02
videos/process/process_escena2/a+s_0_10-13-02.jpg,a+s,10-13-02
videos/process/process_escena2/s_0_10-13-03.jpg,s,10-13-03
videos/process/process_escena2/a+s_0_10-13-03.jpg,a+s,10-13-03
videos/process/process_escena2/s_0_10-13-03_1.jpg,s,10-13-03
videos/process/process_escena2/a_0_10-13-04_1.jpg,a,10-13-04
videos/process/process_escena2/a+s_0_10-13-04_1.jpg,a+s,10-13-04
videos/process/process_escena2/a+s_0_10-13-04.jpg,a+s,10-13-04
videos/process/process_escena2/a_0_10-13-04.jpg,a,10-13-04
videos/process/process_escena2/a_0_10-13-05_1.jpg,a,10-13-05
videos/process/process_escena2/a_0_10-13-05_2.jpg,a,10-13-05
videos/process/process_escena2/a_0_10-13-05_3.jpg,a,10-13-05
videos/process/process_escena2/a_0_10-13-05.jpg,a,10-13-05
videos/process/process_escena2/a_0_10-13-06.jpg,a,10-13-06
videos/process/process_escena2/a_0_10-13-06_1.jpg,a,10-13-06
videos/process/process_escena2/a_0_10-13-06_2.jpg,a,10-13-06
videos/process/process_escena2/a_0_10-13-06_3.jpg,a,10-13-06
videos/process/process_escena2/a_0_10-13-07.jpg,a,10-13-07
videos/process/process_escena2/a_0_10-13-07_1.jpg,a,10-13-07
videos/process/process_escena2/a_0_10-13-07_2.jpg,a,10-13-07
videos/process/process_escena2/a_0_10-13-07_3.jpg,a,10-13-07
videos/process/process_escena2/a_0_10-13-08_1.jpg,a,10-13-08
videos/process/process_escena2/a_0_10-13-08_2.jpg,a,10-13-08
videos/process/process_escena2/a_0_10-13-08_3.jpg,a,10-13-08
videos/process/process_escena2/a_0_10-13-08.jpg,a,10-13-08
videos/process/process_escena2/a_0_10-13-09.jpg,a,10-13-09
videos/process/process_escena2/a_0_10-13-09_1.jpg,a,10-13-09
videos/process/process_escena2/a_0_10-13-09_2.jpg,a,10-13-09
videos/process/process_escena2/a_0_10-13-09_3.jpg,a,10-13-09
videos/process/process_escena2/a_0_10-13-10.jpg,a,10-13-10
videos/process/process_escena2/a_0_10-13-10_1.jpg,a,10-13-10
videos/process/process_escena2/a_0_10-13-10_2.jpg,a,10-13-10
videos/process/process_escena2/a_0_10-13-10_3.jpg,a,10-13-10
videos/process/process_escena2/a_0_10-13-11_3.jpg,a,10-13-11
videos/process/process_escena2/a_0_10-13-11.jpg,a,10-13-11
videos/process/process_escena2/a_0_10-13-11_1.jpg,a,10-13-11
videos/process/process_escena2/a_0_10-13-11_2.jpg,a,10-13-11
videos/process/process_escena2/a_0_10-13-12_2.jpg,a,10-13-12
videos/process/process_escena2/a_0_10-13-12_1.jpg,a,10-13-12
videos/process/process_escena2/a_0_10-13-12.jpg,a,10-13-12
videos/process/process_escena2/a_0_10-13-12_3.jpg,a,10-13-12
videos/process/process_escena2/a_0_10-13-13_3.jpg,a,10-13-13
videos/process/process_escena2/a_0_10-13-13_2.jpg,a,10-13-13
videos/process/process_escena2/a_0_10-13-13_1.jpg,a,10-13-13
videos/process/process_escena2/a_0_10-13-13.jpg,a,10-13-13
videos/process/process_escena2/a_0_10-13-14_3.jpg,a,10-13-14
videos/process/process_escena2/a_0_10-13-14_2.jpg,a,10-13-14
videos/process/process_escena2/a_0_10-13-14_1.jpg,a,10-13-14
videos/process/process_escena2/a_0_10-13-14.jpg,a,10-13-14
videos/process/process_escena2/a_0_10-13-15_2.jpg,a,10-13-15
videos/process/process_escena2/a_0_10-13-15_1.jpg,a,10-13-15
videos/process/process_escena2/a_0_10-13-15.jpg,a,10-13-15
videos/process/process_escena2/a_0_10-13-15_3.jpg,a,10-13-15
videos/process/process_escena2/a_0_10-13-16_2.jpg,a,10-13-16
videos/process/process_escena2/a_0_10-13-16_3.jpg,a,10-13-16
videos/process/process_escena2/a_0_10-13-16.jpg,a,10-13-16
videos/process/process_escena2/a_0_10-13-16_1.jpg,a,10-13-16
videos/process/process_escena2/a_0_10-13-17.jpg,a,10-13-17
videos/process/process_escena2/a_0_10-13-17_1.jpg,a,10-13-17
videos/process/process_escena2/a_0_10-13-17_2.jpg,a,10-13-17
videos/process/process_escena2/a_0_10-13-17_3.jpg,a,10-13-17
videos/process/process_escena2/a_0_10-13-18_3.jpg,a,10-13-18
videos/process/process_escena2/a_0_10-13-18_2.jpg,a,10-13-18
videos/process/process_escena2/a_0_10-13-18.jpg,a,10-13-18
videos/process/process_escena2/a_0_10-13-18_1.jpg,a,10-13-18
videos/process/process_escena2/a_0_10-13-19.jpg,a,10-13-19
videos/process/process_escena2/a_0_10-13-19_1.jpg,a,10-13-19
videos/process/process_escena2/a_0_10-13-19_2.jpg,a,10-13-19
videos/process/process_escena2/a_0_10-13-19_3.jpg,a,10-13-19
videos/process/process_escena2/a_0_10-13-20.jpg,a,10-13-20
videos/process/process_escena2/a_0_10-13-20_1.jpg,a,10-13-20
videos/process/process_escena2/a_0_10-13-20_2.jpg,a,10-13-20
videos/process/process_escena2/a_0_10-13-20_3.jpg,a,10-13-20
videos/process/process_escena2/a_0_10-13-21.jpg,a,10-13-21
videos/process/process_escena2/a_0_10-13-21_1.jpg,a,10-13-21
videos/process/process_escena2/a_0_10-13-21_3.jpg,a,10-13-21
videos/process/process_escena2/a_0_10-13-21_2.jpg,a,10-13-21
videos/process/process_escena2/a_0_10-13-22.jpg,a,10-13-22
videos/process/process_escena2/a_0_10-13-22_1.jpg,a,10-13-22
videos/process/process_escena2/a_0_10-13-22_2.jpg,a,10-13-22
videos/process/process_escena2/a_0_10-13-22_3.jpg,a,10-13-22
videos/process/process_escena2/a_0_10-13-23_3.jpg,a,10-13-23
videos/process/process_escena2/a_0_10-13-23_1.jpg,a,10-13-23
videos/process/process_escena2/a_0_10-13-23.jpg,a,10-13-23
videos/process/process_escena2/a_0_10-13-23_2.jpg,a,10-13-23
videos/process/process_escena2/a_0_10-13-24_1.jpg,a,10-13-24
videos/process/process_escena2/a_0_10-13-24_2.jpg,a,10-13-24
videos/process/process_escena2/a_0_10-13-24_3.jpg,a,10-13-24
videos/process/process_escena2/a_0_10-13-24.jpg,a,10-13-24
videos/process/process_escena2/a_0_10-13-25.jpg,a,10-13-25
videos/process/process_escena2/a_0_10-13-25_1.jpg,a,10-13-25
videos/process/process_escena2/a_0_10-13-25_2.jpg,a,10-13-25
videos/process/process_escena2/a_0_10-13-26_2.jpg,a,10-13-26
videos/process/process_escena2/a_0_10-13-26_3.jpg,a,10-13-26
videos/process/process_escena2/a_0_10-13-26.jpg,a,10-13-26
videos/process/process_escena2/a_0_10-13-26_1.jpg,a,10-13-26
videos/process/process_escena2/a_0_10-13-27.jpg,a,10-13-27
videos/process/process_escena2/a_0_10-13-27_1.jpg,a,10-13-27
videos/process/process_escena2/a_0_10-13-27_2.jpg,a,10-13-27
videos/process/process_escena2/a_0_10-13-27_3.jpg,a,10-13-27
videos/process/process_escena2/a_0_10-13-27_4.jpg,a,10-13-27
videos/process/process_escena2/a_0_10-13-28.jpg,a,10-13-28
videos/process/process_escena2/a_0_10-13-28_1.jpg,a,10-13-28
videos/process/process_escena2/a_0_10-13-28_2.jpg,a,10-13-28
videos/process/process_escena2/a_0_10-13-28_3.jpg,a,10-13-28
videos/process/process_escena2/a_0_10-13-29.jpg,a,10-13-29
videos/process/process_escena2/a_0_10-13-29_1.jpg,a,10-13-29
videos/process/process_escena2/a_0_10-13-29_2.jpg,a,10-13-29
videos/process/process_escena2/a_0_10-13-29_3.jpg,a,10-13-29
videos/process/process_escena2/a_0_10-13-30_2.jpg,a,10-13-30
videos/process/process_escena2/a_0_10-13-30.jpg,a,10-13-30
videos/process/process_escena2/a_0_10-13-30_1.jpg,a,10-13-30
videos/process/process_escena2/a_0_10-13-31_1.jpg,a,10-13-31
videos/process/process_escena2/a_0_10-13-31_2.jpg,a,10-13-31
videos/process/process_escena2/a_0_10-13-31_3.jpg,a,10-13-31
videos/process/process_escena2/a_0_10-13-31.jpg,a,10-13-31
videos/process/process_escena2/a_0_10-13-32.jpg,a,10-13-32
videos/process/process_escena2/a_0_10-13-32_1.jpg,a,10-13-32
videos/process/process_escena2/a_0_10-13-32_2.jpg,a,10-13-32
videos/process/process_escena2/a_0_10-13-32_3.jpg,a,10-13-32
videos/process/process_escena2/a_0_10-13-33.jpg,a,10-13-33
videos/process/process_escena2/a_0_10-13-33_1.jpg,a,10-13-33
videos/process/process_escena2/a_0_10-13-33_2.jpg,a,10-13-33
videos/process/process_escena2/a_0_10-13-33_3.jpg,a,10-13-33
videos/process/process_escena2/a_0_10-13-34_1.jpg,a,10-13-34
videos/process/process_escena2/a_0_10-13-34.jpg,a,10-13-34
videos/process/process_escena2/a_0_10-13-34_3.jpg,a,10-13-34
videos/process/process_escena2/a_0_10-13-34_2.jpg,a,10-13-34
videos/process/process_escena2/a_0_10-13-35.jpg,a,10-13-35
videos/process/process_escena2/a_0_10-13-35_1.jpg,a,10-13-35
videos/process/process_escena2/a_0_10-13-35_2.jpg,a,10-13-35
videos/process/process_escena2/a_0_10-13-35_3.jpg,a,10-13-35
videos/process/process_escena2/a_0_10-13-36_1.jpg,a,10-13-36
videos/process/process_escena2/a_0_10-13-36_2.jpg,a,10-13-36
videos/process/process_escena2/a_0_10-13-36_3.jpg,a,10-13-36
videos/process/process_escena2/a_0_10-13-36.jpg,a,10-13-36
videos/process/process_escena2/a_0_10-13-37.jpg,a,10-13-37
videos/process/process_escena2/a_0_10-13-37_1.jpg,a,10-13-37
videos/process/process_escena2/a_0_10-13-37_2.jpg,a,10-13-37
videos/process/process_escena2/a_0_10-13-37_3.jpg,a,10-13-37
videos/process/process_escena2/a_0_10-13-38_3.jpg,a,10-13-38
videos/process/process_escena2/a_0_10-13-38.jpg,a,10-13-38
videos/process/process_escena2/a_0_10-13-38_1.jpg,a,10-13-38
videos/process/process_escena2/a_0_10-13-38_2.jpg,a,10-13-38
videos/process/process_escena2/a_0_10-13-39_3.jpg,a,10-13-39
videos/process/process_escena2/a_0_10-13-39_2.jpg,a,10-13-39
videos/process/process_escena2/a_0_10-13-39_1.jpg,a,10-13-39
videos/process/process_escena2/a_0_10-13-39.jpg,a,10-13-39
videos/process/process_escena2/a_0_10-13-40_3.jpg,a,10-13-40
videos/process/process_escena2/a_0_10-13-40_2.jpg,a,10-13-40
videos/process/process_escena2/a_0_10-13-40_1.jpg,a,10-13-40
videos/process/process_escena2/a_0_10-13-40.jpg,a,10-13-40
videos/process/process_escena2/a_0_10-13-41_3.jpg,a,10-13-41
videos/process/process_escena2/a_0_10-13-41_2.jpg,a,10-13-41
videos/process/process_escena2/a_0_10-13-41_1.jpg,a,10-13-41
videos/process/process_escena2/a_0_10-13-41.jpg,a,10-13-41
videos/process/process_escena2/a_0_10-13-42_1.jpg,a,10-13-42
videos/process/process_escena2/a_0_10-13-42_3.jpg,a,10-13-42
videos/process/process_escena2/a_0_10-13-42_2.jpg,a,10-13-42
videos/process/process_escena2/a_0_10-13-42.jpg,a,10-13-42
videos/process/process_escena2/a_0_10-13-43_2.jpg,a,10-13-43
videos/process/process_escena2/a_0_10-13-43_1.jpg,a,10-13-43
videos/process/process_escena2/a_0_10-13-43.jpg,a,10-13-43
videos/process/process_escena2/a_0_10-13-43_3.jpg,a,10-13-43
videos/process/process_escena2/a_0_10-13-44_2.jpg,a,10-13-44
videos/process/process_escena2/a_0_10-13-44_1.jpg,a,10-13-44
videos/process/process_escena2/a_0_10-13-44.jpg,a,10-13-44
videos/process/process_escena2/a_0_10-13-44_3.jpg,a,10-13-44
videos/process/process_escena2/a_0_10-13-45_1.jpg,a,10-13-45
videos/process/process_escena2/a_0_10-13-45_2.jpg,a,10-13-45
videos/process/process_escena2/a_0_10-13-45_3.jpg,a,10-13-45
videos/process/process_escena2/a_0_10-13-45.jpg,a,10-13-45
videos/process/process_escena2/a_0_10-13-46.jpg,a,10-13-46
videos/process/process_escena2/a_0_10-13-46_1.jpg,a,10-13-46
videos/process/process_escena2/a_0_10-13-46_3.jpg,a,10-13-46
videos/process/process_escena2/a_0_10-13-46_2.jpg,a,10-13-46
videos/process/process_escena2/a_0_10-13-47_1.jpg,a,10-13-47
videos/process/process_escena2/a_0_10-13-47_3.jpg,a,10-13-47
videos/process/process_escena2/a_0_10-13-47.jpg,a,10-13-47
videos/process/process_escena2/a_0_10-13-47_2.jpg,a,10-13-47
videos/process/process_escena2/a_0_10-13-48_3.jpg,a,10-13-48
videos/process/process_escena2/a_0_10-13-48_2.jpg,a,10-13-48
videos/process/process_escena2/a_0_10-13-48_1.jpg,a,10-13-48
videos/process/process_escena2/a_0_10-13-48.jpg,a,10-13-48
videos/process/process_escena2/a_0_10-13-49_3.jpg,a,10-13-49
videos/process/process_escena2/a_0_10-13-49_2.jpg,a,10-13-49
videos/process/process_escena2/a_0_10-13-49_1.jpg,a,10-13-49
videos/process/process_escena2/a_0_10-13-49.jpg,a,10-13-49
videos/process/process_escena2/a_0_10-13-50_1.jpg,a,10-13-50
videos/process/process_escena2/a_0_10-13-50_2.jpg,a,10-13-50
videos/process/process_escena2/a_0_10-13-50.jpg,a,10-13-50
videos/process/process_escena2/a_0_10-13-50_3.jpg,a,10-13-50
videos/process/process_escena2/a_0_10-13-51_3.jpg,a,10-13-51
videos/process/process_escena2/a_0_10-13-51_2.jpg,a,10-13-51
videos/process/process_escena2/a_0_10-13-51_1.jpg,a,10-13-51
videos/process/process_escena2/a_0_10-13-51.jpg,a,10-13-51
videos/process/process_escena2/a_0_10-13-52_3.jpg,a,10-13-52
videos/process/process_escena2/a_0_10-13-52_2.jpg,a,10-13-52
videos/process/process_escena2/a_0_10-13-52_1.jpg,a,10-13-52
videos/process/process_escena2/a_0_10-13-52.jpg,a,10-13-52
videos/process/process_escena2/a_0_10-13-53_3.jpg,a,10-13-53
videos/process/process_escena2/a_0_10-13-53_1.jpg,a,10-13-53
videos/process/process_escena2/a_0_10-13-53.jpg,a,10-13-53
videos/process/process_escena2/a_0_10-13-53_2.jpg,a,10-13-53
videos/process/process_escena2/a_0_10-13-54_3.jpg,a,10-13-54
videos/process/process_escena2/a_0_10-13-54_2.jpg,a,10-13-54
videos/process/process_escena2/a_0_10-13-54_1.jpg,a,10-13-54
videos/process/process_escena2/a_0_10-13-54.jpg,a,10-13-54
videos/process/process_escena2/a_0_10-13-55_3.jpg,a,10-13-55
videos/process/process_escena2/a_0_10-13-55_2.jpg,a,10-13-55
videos/process/process_escena2/a_0_10-13-55_1.jpg,a,10-13-55
videos/process/process_escena2/a_0_10-13-55.jpg,a,10-13-55
videos/process/process_escena2/a_0_10-13-56.jpg,a,10-13-56
videos/process/process_escena2/a_0_10-13-56_1.jpg,a,10-13-56
videos/process/process_escena2/a_0_10-13-56_2.jpg,a,10-13-56
videos/process/process_escena2/a_0_10-13-56_3.jpg,a,10-13-56
videos/process/process_escena2/a_0_10-13-57.jpg,a,10-13-57
videos/process/process_escena2/a_0_10-13-57_1.jpg,a,10-13-57
videos/process/process_escena2/a_0_10-13-57_2.jpg,a,10-13-57
videos/process/process_escena2/a_0_10-13-57_3.jpg,a,10-13-57
videos/process/process_escena2/a_0_10-13-58_3.jpg,a,10-13-58
videos/process/process_escena2/a_0_10-13-58_2.jpg,a,10-13-58
videos/process/process_escena2/a_0_10-13-58_1.jpg,a,10-13-58
videos/process/process_escena2/a_0_10-13-58.jpg,a,10-13-58
videos/process/process_escena2/a_0_10-13-59.jpg,a,10-13-59
videos/process/process_escena2/a_0_10-13-59_1.jpg,a,10-13-59
videos/process/process_escena2/a_0_10-13-59_2.jpg,a,10-13-59
videos/process/process_escena2/a_0_10-13-59_3.jpg,a,10-13-59
videos/process/process_escena2/a_0_10-14-00.jpg,a,10-14-00
videos/process/process_escena2/a_0_10-14-00_1.jpg,a,10-14-00
videos/process/process_escena2/a_0_10-14-00_2.jpg,a,10-14-00
videos/process/process_escena2/a_0_10-14-00_3.jpg,a,10-14-00
videos/process/process_escena2/a_0_10-14-01.jpg,a,10-14-01
videos/process/process_escena2/a_0_10-14-01_1.jpg,a,10-14-01
videos/process/process_escena2/a_0_10-14-01_2.jpg,a,10-14-01
videos/process/process_escena2/a_0_10-14-01_3.jpg,a,10-14-01
videos/process/process_escena2/a_0_10-14-02_1.jpg,a,10-14-02
videos/process/process_escena2/a_0_10-14-02_2.jpg,a,10-14-02
videos/process/process_escena2/a_0_10-14-02_3.jpg,a,10-14-02
videos/process/process_escena2/a_0_10-14-02.jpg,a,10-14-02
videos/process/process_escena2/a_0_10-14-03.jpg,a,10-14-03
videos/process/process_escena2/a_0_10-14-03_1.jpg,a,10-14-03
videos/process/process_escena2/a_0_10-14-03_2.jpg,a,10-14-03
videos/process/process_escena2/a_0_10-14-03_3.jpg,a,10-14-03
videos/process/process_escena2/a_0_10-14-04_3.jpg,a,10-14-04
videos/process/process_escena2/a_0_10-14-04.jpg,a,10-14-04
videos/process/process_escena2/a_0_10-14-04_1.jpg,a,10-14-04
videos/process/process_escena2/a_0_10-14-04_2.jpg,a,10-14-04
videos/process/process_escena2/a_0_10-14-05_1.jpg,a,10-14-05
videos/process/process_escena2/a_0_10-14-05_2.jpg,a,10-14-05
videos/process/process_escena2/a_0_10-14-05_3.jpg,a,10-14-05
videos/process/process_escena2/a_0_10-14-05.jpg,a,10-14-05
videos/process/process_escena2/a_0_10-14-06.jpg,a,10-14-06
videos/process/process_escena2/a_0_10-14-06_1.jpg,a,10-14-06
videos/process/process_escena2/a_0_10-14-06_2.jpg,a,10-14-06
videos/process/process_escena2/a_0_10-14-06_3.jpg,a,10-14-06
videos/process/process_escena2/a_0_10-14-07_3.jpg,a,10-14-07
videos/process/process_escena2/a_0_10-14-07.jpg,a,10-14-07
videos/process/process_escena2/a_0_10-14-07_1.jpg,a,10-14-07
videos/process/process_escena2/a_0_10-14-07_2.jpg,a,10-14-07
videos/process/process_escena2/a_0_10-14-08.jpg,a,10-14-08
videos/process/process_escena2/a_0_10-14-08_1.jpg,a,10-14-08
videos/process/process_escena2/a_0_10-14-08_2.jpg,a,10-14-08
videos/process/process_escena2/a_0_10-14-09.jpg,a,10-14-09
videos/process/process_escena2/a_0_10-14-09_1.jpg,a,10-14-09
videos/process/process_escena2/a_0_10-14-09_3.jpg,a,10-14-09
videos/process/process_escena2/a_0_10-14-09_4.jpg,a,10-14-09
videos/process/process_escena2/a_0_10-14-09_2.jpg,a,10-14-09
videos/process/process_escena2/a_0_10-14-10_2.jpg,a,10-14-10
videos/process/process_escena2/a_0_10-14-10_1.jpg,a,10-14-10
videos/process/process_escena2/a_0_10-14-10.jpg,a,10-14-10
videos/process/process_escena2/a_0_10-14-10_3.jpg,a,10-14-10
videos/process/process_escena2/a_0_10-14-11.jpg,a,10-14-11
videos/process/process_escena2/a_0_10-14-11_2.jpg,a,10-14-11
videos/process/process_escena2/a_0_10-14-11_3.jpg,a,10-14-11
videos/process/process_escena2/a_0_10-14-11_1.jpg,a,10-14-11
videos/process/process_escena2/a_0_10-14-12.jpg,a,10-14-12
videos/process/process_escena2/a_0_10-14-12_1.jpg,a,10-14-12
videos/process/process_escena2/a_0_10-14-12_2.jpg,a,10-14-12
videos/process/process_escena2/a_0_10-14-12_3.jpg,a,10-14-12
videos/process/process_escena2/a_0_10-14-13.jpg,a,10-14-13
videos/process/process_escena2/a_0_10-14-13_1.jpg,a,10-14-13
videos/process/process_escena2/a_0_10-14-13_3.jpg,a,10-14-13
videos/process/process_escena2/a_0_10-14-13_2.jpg,a,10-14-13
videos/process/process_escena2/a_0_10-14-14.jpg,a,10-14-14
videos/process/process_escena2/a_0_10-14-14_1.jpg,a,10-14-14
videos/process/process_escena2/a_0_10-14-14_2.jpg,a,10-14-14
videos/process/process_escena2/a_0_10-14-15.jpg,a,10-14-15
videos/process/process_escena2/a_0_10-14-15_1.jpg,a,10-14-15
videos/process/process_escena2/a_0_10-14-15_2.jpg,a,10-14-15
videos/process/process_escena2/a_0_10-14-15_3.jpg,a,10-14-15
videos/process/process_escena2/a_0_10-14-16_4.jpg,a,10-14-16
videos/process/process_escena2/a_0_10-14-16_3.jpg,a,10-14-16
videos/process/process_escena2/a_0_10-14-16_2.jpg,a,10-14-16
videos/process/process_escena2/a_0_10-14-16.jpg,a,10-14-16
videos/process/process_escena2/a_0_10-14-16_1.jpg,a,10-14-16
videos/process/process_escena2/a_0_10-14-17_2.jpg,a,10-14-17
videos/process/process_escena2/a_0_10-14-17.jpg,a,10-14-17
videos/process/process_escena2/a_0_10-14-17_1.jpg,a,10-14-17
videos/process/process_escena2/a_0_10-14-18_3.jpg,a,10-14-18
videos/process/process_escena2/a_0_10-14-18_2.jpg,a,10-14-18
videos/process/process_escena2/a_0_10-14-18.jpg,a,10-14-18
videos/process/process_escena2/a_0_10-14-18_1.jpg,a,10-14-18
videos/process/process_escena2/a_0_10-14-19.jpg,a,10-14-19
videos/process/process_escena2/a_0_10-14-19_1.jpg,a,10-14-19
videos/process/process_escena2/a_0_10-14-19_2.jpg,a,10-14-19
videos/process/process_escena2/a_0_10-14-19_3.jpg,a,10-14-19
videos/process/process_escena2/a_0_10-14-20.jpg,a,10-14-20
videos/process/process_escena2/a_0_10-14-20_1.jpg,a,10-14-20
videos/process/process_escena2/a_0_10-14-20_2.jpg,a,10-14-20
videos/process/process_escena2/a_0_10-14-20_3.jpg,a,10-14-20
videos/process/process_escena2/a_0_10-14-21_3.jpg,a,10-14-21
videos/process/process_escena2/a_0_10-14-21.jpg,a,10-14-21
videos/process/process_escena2/a_0_10-14-21_1.jpg,a,10-14-21
videos/process/process_escena2/a_0_10-14-21_2.jpg,a,10-14-21
videos/process/process_escena2/a_0_10-14-22_2.jpg,a,10-14-22
videos/process/process_escena2/a_0_10-14-22_1.jpg,a,10-14-22
videos/process/process_escena2/a_0_10-14-22_3.jpg,a,10-14-22
videos/process/process_escena2/a_0_10-14-22.jpg,a,10-14-22
videos/process/process_escena2/a_0_10-14-23_1.jpg,a,10-14-23
videos/process/process_escena2/a_0_10-14-23_2.jpg,a,10-14-23
videos/process/process_escena2/a_0_10-14-23_3.jpg,a,10-14-23
videos/process/process_escena2/a_0_10-14-23.jpg,a,10-14-23
videos/process/process_escena2/a_0_10-14-24.jpg,a,10-14-24
videos/process/process_escena2/a_0_10-14-24_1.jpg,a,10-14-24
videos/process/process_escena2/a_0_10-14-24_2.jpg,a,10-14-24
videos/process/process_escena2/a_0_10-14-24_3.jpg,a,10-14-24
videos/process/process_escena2/a_0_10-14-25_1.jpg,a,10-14-25
videos/process/process_escena2/a_0_10-14-25.jpg,a,10-14-25
videos/process/process_escena2/a_0_10-14-25_2.jpg,a,10-14-25
videos/process/process_escena2/a_0_10-14-25_3.jpg,a,10-14-25
videos/process/process_escena2/a_0_10-14-26_1.jpg,a,10-14-26
videos/process/process_escena2/a_0_10-14-26_2.jpg,a,10-14-26
videos/process/process_escena2/a_0_10-14-26_3.jpg,a,10-14-26
videos/process/process_escena2/a_0_10-14-26.jpg,a,10-14-26
videos/process/process_escena2/a_0_10-14-27.jpg,a,10-14-27
videos/process/process_escena2/a_0_10-14-27_1.jpg,a,10-14-27
videos/process/process_escena2/a_0_10-14-27_2.jpg,a,10-14-27
videos/process/process_escena2/a_0_10-14-27_3.jpg,a,10-14-27
videos/process/process_escena2/a_0_10-14-28_1.jpg,a,10-14-28
videos/process/process_escena2/a_0_10-14-28.jpg,a,10-14-28
videos/process/process_escena2/a_0_10-14-28_2.jpg,a,10-14-28
videos/process/process_escena2/a_0_10-14-28_3.jpg,a,10-14-28
videos/process/process_escena2/a_0_10-14-29.jpg,a,10-14-29
videos/process/process_escena2/a_0_10-14-29_1.jpg,a,10-14-29
videos/process/process_escena2/a_0_10-14-29_3.jpg,a,10-14-29
videos/process/process_escena2/a_0_10-14-29_2.jpg,a,10-14-29
videos/process/process_escena2/a_0_10-14-30.jpg,a,10-14-30
videos/process/process_escena2/a_0_10-14-30_1.jpg,a,10-14-30
videos/process/process_escena2/a_0_10-14-30_2.jpg,a,10-14-30
videos/process/process_escena2/a_0_10-14-30_3.jpg,a,10-14-30
videos/process/process_escena2/a_0_10-14-31.jpg,a,10-14-31
videos/process/process_escena2/a_0_10-14-31_1.jpg,a,10-14-31
videos/process/process_escena2/a_0_10-14-31_2.jpg,a,10-14-31
videos/process/process_escena2/a_0_10-14-31_3.jpg,a,10-14-31
videos/process/process_escena2/a_0_10-14-32_3.jpg,a,10-14-32
videos/process/process_escena2/a_0_10-14-32_1.jpg,a,10-14-32
videos/process/process_escena2/a_0_10-14-32_2.jpg,a,10-14-32
videos/process/process_escena2/a_0_10-14-32.jpg,a,10-14-32
videos/process/process_escena2/a_0_10-14-33.jpg,a,10-14-33
videos/process/process_escena2/a_0_10-14-33_1.jpg,a,10-14-33
videos/process/process_escena2/a_0_10-14-33_2.jpg,a,10-14-33
videos/process/process_escena2/a_0_10-14-33_3.jpg,a,10-14-33
videos/process/process_escena2/a_0_10-14-34_3.jpg,a,10-14-34
videos/process/process_escena2/a_0_10-14-34_2.jpg,a,10-14-34
videos/process/process_escena2/a_0_10-14-34_1.jpg,a,10-14-34
videos/process/process_escena2/a_0_10-14-34.jpg,a,10-14-34
videos/process/process_escena2/a_0_10-14-35.jpg,a,10-14-35
videos/process/process_escena2/a_0_10-14-35_2.jpg,a,10-14-35
videos/process/process_escena2/a_0_10-14-35_3.jpg,a,10-14-35
videos/process/process_escena2/a_0_10-14-35_1.jpg,a,10-14-35
videos/process/process_escena2/a_0_10-14-36.jpg,a,10-14-36
videos/process/process_escena2/a_0_10-14-36_1.jpg,a,10-14-36
videos/process/process_escena2/a_0_10-14-36_2.jpg,a,10-14-36
videos/process/process_escena2/a_0_10-14-36_3.jpg,a,10-14-36
videos/process/process_escena2/a_0_10-14-37_1.jpg,a,10-14-37
videos/process/process_escena2/a_0_10-14-37.jpg,a,10-14-37
videos/process/process_escena2/a_0_10-14-37_3.jpg,a,10-14-37
videos/process/process_escena2/a_0_10-14-37_2.jpg,a,10-14-37
videos/process/process_escena2/a_0_10-14-38.jpg,a,10-14-38
videos/process/process_escena2/a_0_10-14-38_3.jpg,a,10-14-38
videos/process/process_escena2/a_0_10-14-38_2.jpg,a,10-14-38
videos/process/process_escena2/a_0_10-14-38_1.jpg,a,10-14-38
videos/process/process_escena2/a_0_10-14-39_3.jpg,a,10-14-39
videos/process/process_escena2/a_0_10-14-39_2.jpg,a,10-14-39
videos/process/process_escena2/a_0_10-14-39_1.jpg,a,10-14-39
videos/process/process_escena2/a_0_10-14-39.jpg,a,10-14-39
videos/process/process_escena2/a_0_10-14-40.jpg,a,10-14-40
videos/process/process_escena2/a_0_10-14-40_1.jpg,a,10-14-40
videos/process/process_escena2/a_0_10-14-40_3.jpg,a,10-14-40
videos/process/process_escena2/a_0_10-14-40_2.jpg,a,10-14-40
videos/process/process_escena2/a_0_10-14-41_2.jpg,a,10-14-41
videos/process/process_escena2/a_0_10-14-41_1.jpg,a,10-14-41
videos/process/process_escena2/a_0_10-14-41.jpg,a,10-14-41
videos/process/process_escena2/a_0_10-14-41_3.jpg,a,10-14-41
videos/process/process_escena2/a_0_10-14-42.jpg,a,10-14-42
videos/process/process_escena2/a_0_10-14-42_1.jpg,a,10-14-42
videos/process/process_escena2/a_0_10-14-42_2.jpg,a,10-14-42
videos/process/process_escena2/a_0_10-14-42_3.jpg,a,10-14-42
videos/process/process_escena2/a_0_10-14-43.jpg,a,10-14-43
videos/process/process_escena2/a_0_10-14-43_1.jpg,a,10-14-43
videos/process/process_escena2/a_0_10-14-43_2.jpg,a,10-14-43
videos/process/process_escena2/a_0_10-14-43_3.jpg,a,10-14-43
videos/process/process_escena2/a_0_10-14-44_2.jpg,a,10-14-44
videos/process/process_escena2/a_0_10-14-44.jpg,a,10-14-44
videos/process/process_escena2/a_0_10-14-44_3.jpg,a,10-14-44
videos/process/process_escena2/a_0_10-14-44_1.jpg,a,10-14-44
videos/process/process_escena2/a_0_10-14-45.jpg,a,10-14-45
videos/process/process_escena2/a_0_10-14-45_1.jpg,a,10-14-45
videos/process/process_escena2/a_0_10-14-45_2.jpg,a,10-14-45
videos/process/process_escena2/a_0_10-14-45_3.jpg,a,10-14-45
videos/process/process_escena2/a_0_10-14-46_1.jpg,a,10-14-46
videos/process/process_escena2/a_0_10-14-46.jpg,a,10-14-46
videos/process/process_escena2/a_0_10-14-46_3.jpg,a,10-14-46
videos/process/process_escena2/a_0_10-14-46_2.jpg,a,10-14-46
videos/process/process_escena2/a_0_10-14-47_1.jpg,a,10-14-47
videos/process/process_escena2/a_0_10-14-47_2.jpg,a,10-14-47
videos/process/process_escena2/a_0_10-14-47_3.jpg,a,10-14-47
videos/process/process_escena2/a_0_10-14-47.jpg,a,10-14-47
videos/process/process_escena2/a_0_10-14-48_3.jpg,a,10-14-48
videos/process/process_escena2/a_0_10-14-48_2.jpg,a,10-14-48
videos/process/process_escena2/a_0_10-14-48.jpg,a,10-14-48
videos/process/process_escena2/a_0_10-14-48_1.jpg,a,10-14-48
videos/process/process_escena2/a_0_10-14-49_3.jpg,a,10-14-49
videos/process/process_escena2/a_0_10-14-49_2.jpg,a,10-14-49
videos/process/process_escena2/a_0_10-14-49_1.jpg,a,10-14-49
videos/process/process_escena2/a_0_10-14-49.jpg,a,10-14-49
videos/process/process_escena2/a_0_10-14-50_2.jpg,a,10-14-50
videos/process/process_escena2/a_0_10-14-50_3.jpg,a,10-14-50
videos/process/process_escena2/a_0_10-14-50.jpg,a,10-14-50
videos/process/process_escena2/a_0_10-14-50_1.jpg,a,10-14-50
videos/process/process_escena2/a_0_10-14-51.jpg,a,10-14-51
videos/process/process_escena2/a_0_10-14-51_1.jpg,a,10-14-51
videos/process/process_escena2/a_0_10-14-51_2.jpg,a,10-14-51
videos/process/process_escena2/a_0_10-14-51_3.jpg,a,10-14-51
videos/process/process_escena2/a_0_10-14-52_3.jpg,a,10-14-52
videos/process/process_escena2/a_0_10-14-52_2.jpg,a,10-14-52
videos/process/process_escena2/a_0_10-14-52_1.jpg,a,10-14-52
videos/process/process_escena2/a_0_10-14-52.jpg,a,10-14-52
videos/process/process_escena2/a_0_10-14-53_3.jpg,a,10-14-53
videos/process/process_escena2/a_0_10-14-53_1.jpg,a,10-14-53
videos/process/process_escena2/a_0_10-14-53.jpg,a,10-14-53
videos/process/process_escena2/a_0_10-14-53_2.jpg,a,10-14-53
videos/process/process_escena2/a_0_10-14-54.jpg,a,10-14-54
videos/process/process_escena2/a_0_10-14-54_2.jpg,a,10-14-54
videos/process/process_escena2/a_0_10-14-54_1.jpg,a,10-14-54
videos/process/process_escena2/a_0_10-14-54_3.jpg,a,10-14-54
videos/process/process_escena2/a_0_10-14-55.jpg,a,10-14-55
videos/process/process_escena2/a_0_10-14-55_1.jpg,a,10-14-55
videos/process/process_escena2/a_0_10-14-55_2.jpg,a,10-14-55
videos/process/process_escena2/a_0_10-14-55_3.jpg,a,10-14-55
videos/process/process_escena2/a_0_10-14-56_1.jpg,a,10-14-56
videos/process/process_escena2/a_0_10-14-56_3.jpg,a,10-14-56
videos/process/process_escena2/a_0_10-14-56.jpg,a,10-14-56
videos/process/process_escena2/a_0_10-14-56_2.jpg,a,10-14-56
videos/process/process_escena2/a_0_10-14-57_3.jpg,a,10-14-57
videos/process/process_escena2/a_0_10-14-57_1.jpg,a,10-14-57
videos/process/process_escena2/a_0_10-14-57.jpg,a,10-14-57
videos/process/process_escena2/a_0_10-14-57_2.jpg,a,10-14-57
videos/process/process_escena2/a_0_10-14-58.jpg,a,10-14-58
videos/process/process_escena2/a_0_10-14-58_1.jpg,a,10-14-58
videos/process/process_escena2/a_0_10-14-58_2.jpg,a,10-14-58
videos/process/process_escena2/a_0_10-14-58_3.jpg,a,10-14-58
videos/process/process_escena2/a_0_10-14-59.jpg,a,10-14-59
videos/process/process_escena2/a_0_10-14-59_1.jpg,a,10-14-59
videos/process/process_escena2/a_0_10-14-59_3.jpg,a,10-14-59
videos/process/process_escena2/a_0_10-14-59_2.jpg,a,10-14-59
videos/process/process_escena2/a_0_10-15-00.jpg,a,10-15-00
videos/process/process_escena2/a_0_10-15-00_2.jpg,a,10-15-00
videos/process/process_escena2/a_0_10-15-00_3.jpg,a,10-15-00
videos/process/process_escena2/a_0_10-15-00_1.jpg,a,10-15-00
videos/process/process_escena2/a_0_10-15-01_1.jpg,a,10-15-01
videos/process/process_escena2/a_0_10-15-01_3.jpg,a,10-15-01
videos/process/process_escena2/a_0_10-15-01_2.jpg,a,10-15-01
videos/process/process_escena2/a_0_10-15-01.jpg,a,10-15-01
videos/process/process_escena2/a_0_10-15-02_3.jpg,a,10-15-02
videos/process/process_escena2/a_0_10-15-02_2.jpg,a,10-15-02
videos/process/process_escena2/a_0_10-15-02_1.jpg,a,10-15-02
videos/process/process_escena2/a_0_10-15-02.jpg,a,10-15-02
videos/process/process_escena2/a_0_10-15-03.jpg,a,10-15-03
videos/process/process_escena2/a_0_10-15-03_2.jpg,a,10-15-03
videos/process/process_escena2/a_0_10-15-03_3.jpg,a,10-15-03
videos/process/process_escena2/a_0_10-15-03_1.jpg,a,10-15-03
videos/process/process_escena2/a_0_10-15-04_3.jpg,a,10-15-04
videos/process/process_escena2/a_0_10-15-04_1.jpg,a,10-15-04
videos/process/process_escena2/a_0_10-15-04.jpg,a,10-15-04
videos/process/process_escena2/a_0_10-15-04_2.jpg,a,10-15-04
videos/process/process_escena2/a_0_10-15-05.jpg,a,10-15-05
videos/process/process_escena2/a_0_10-15-05_1.jpg,a,10-15-05
videos/process/process_escena2/a_0_10-15-05_2.jpg,a,10-15-05
videos/process/process_escena2/a_0_10-15-05_3.jpg,a,10-15-05
videos/process/process_escena2/a_0_10-15-06_1.jpg,a,10-15-06
videos/process/process_escena2/a_0_10-15-06_2.jpg,a,10-15-06
videos/process/process_escena2/a_0_10-15-06_3.jpg,a,10-15-06
videos/process/process_escena2/a_0_10-15-06.jpg,a,10-15-06
videos/process/process_escena2/a_0_10-15-07.jpg,a,10-15-07
videos/process/process_escena2/a_0_10-15-07_1.jpg,a,10-15-07
videos/process/process_escena2/a_0_10-15-07_2.jpg,a,10-15-07
videos/process/process_escena2/a_0_10-15-07_3.jpg,a,10-15-07
videos/process/process_escena2/a_0_10-15-08_3.jpg,a,10-15-08
videos/process/process_escena2/a_0_10-15-08_1.jpg,a,10-15-08
videos/process/process_escena2/a_0_10-15-08_2.jpg,a,10-15-08
videos/process/process_escena2/a_0_10-15-08.jpg,a,10-15-08
videos/process/process_escena2/a_0_10-15-09.jpg,a,10-15-09
videos/process/process_escena3/d_0_10-16-38.jpg,d,10-16-38
videos/process/process_escena3/d_0_10-16-39.jpg,d,10-16-39
videos/process/process_escena3/d_0_10-16-39_1.jpg,d,10-16-39
videos/process/process_escena3/d_0_10-16-40.jpg,d,10-16-40
videos/process/process_escena3/d_0_10-16-40_1.jpg,d,10-16-40
videos/process/process_escena3/d_0_10-16-41.jpg,d,10-16-41
videos/process/process_escena3/d_0_10-16-41_1.jpg,d,10-16-41
videos/process/process_escena3/alt_l_0_10-16-42.jpg,alt,10-16-42
videos/process/process_escena3/w_0_10-16-47_1.jpg,w,10-16-47
videos/process/process_escena3/a+w_0_10-16-47.jpg,a+w,10-16-47
videos/process/process_escena3/w_0_10-16-47.jpg,w,10-16-47
videos/process/process_escena3/w_0_10-16-48.jpg,w,10-16-48
videos/process/process_escena3/w_0_10-16-48_2.jpg,w,10-16-48
videos/process/process_escena3/w_0_10-16-48_1.jpg,w,10-16-48
videos/process/process_escena3/w_0_10-16-49_1.jpg,w,10-16-49
videos/process/process_escena3/w_0_10-16-49.jpg,w,10-16-49
videos/process/process_escena3/w_0_10-16-49_2.jpg,w,10-16-49
videos/process/process_escena3/w_0_10-16-50_1.jpg,w,10-16-50
videos/process/process_escena3/w_0_10-16-50.jpg,w,10-16-50
videos/process/process_escena3/w_0_10-16-51.jpg,w,10-16-51
videos/process/process_escena3/w_0_10-16-51_1.jpg,w,10-16-51
videos/process/process_escena3/w_0_10-16-51_2.jpg,w,10-16-51
videos/process/process_escena3/w_0_10-16-52.jpg,w,10-16-52
videos/process/process_escena3/w_0_10-16-52_1.jpg,w,10-16-52
videos/process/process_escena3/w_0_10-16-52_2.jpg,w,10-16-52
videos/process/process_escena3/w_0_10-16-53.jpg,w,10-16-53
videos/process/process_escena3/w_0_10-16-53_2.jpg,w,10-16-53
videos/process/process_escena3/w_0_10-16-53_1.jpg,w,10-16-53
videos/process/process_escena3/w_0_10-16-54.jpg,w,10-16-54
videos/process/process_escena3/w_0_10-16-54_1.jpg,w,10-16-54
videos/process/process_escena3/w_0_10-16-54_2.jpg,w,10-16-54
videos/process/process_escena3/w_0_10-16-55.jpg,w,10-16-55
videos/process/process_escena3/w_0_10-16-55_1.jpg,w,10-16-55
videos/process/process_escena3/w_0_10-16-55_2.jpg,w,10-16-55
videos/process/process_escena3/w_0_10-16-56_1.jpg,w,10-16-56
videos/process/process_escena3/w_0_10-16-56_2.jpg,w,10-16-56
videos/process/process_escena3/w_0_10-16-56.jpg,w,10-16-56
videos/process/process_escena3/w_0_10-16-57.jpg,w,10-16-57
videos/process/process_escena3/w_0_10-16-57_1.jpg,w,10-16-57
videos/process/process_escena3/w_0_10-16-58_2.jpg,w,10-16-58
videos/process/process_escena3/w_0_10-16-58_1.jpg,w,10-16-58
videos/process/process_escena3/w_0_10-16-58.jpg,w,10-16-58
videos/process/process_escena3/w_0_10-16-59_1.jpg,w,10-16-59
videos/process/process_escena3/w_0_10-16-59_2.jpg,w,10-16-59
videos/process/process_escena3/w_0_10-16-59.jpg,w,10-16-59
videos/process/process_escena3/w_0_10-17-00.jpg,w,10-17-00
videos/process/process_escena3/w_0_10-17-00_1.jpg,w,10-17-00
videos/process/process_escena3/w_0_10-17-00_2.jpg,w,10-17-00
videos/process/process_escena3/w_0_10-17-01_2.jpg,w,10-17-01
videos/process/process_escena3/w_0_10-17-01_1.jpg,w,10-17-01
videos/process/process_escena3/w_0_10-17-01.jpg,w,10-17-01
videos/process/process_escena3/w_0_10-17-02_1.jpg,w,10-17-02
videos/process/process_escena3/w_0_10-17-02_2.jpg,w,10-17-02
videos/process/process_escena3/w_0_10-17-02.jpg,w,10-17-02
videos/process/process_escena3/w_0_10-17-03.jpg,w,10-17-03
videos/process/process_escena3/w_0_10-17-03_1.jpg,w,10-17-03
videos/process/process_escena3/w_0_10-17-04.jpg,w,10-17-04
videos/process/process_escena3/w_0_10-17-04_1.jpg,w,10-17-04
videos/process/process_escena3/w_0_10-17-04_2.jpg,w,10-17-04
videos/process/process_escena3/w_0_10-17-05.jpg,w,10-17-05
videos/process/process_escena3/w_0_10-17-05_1.jpg,w,10-17-05
videos/process/process_escena3/w_0_10-17-05_2.jpg,w,10-17-05
videos/process/process_escena3/w_0_10-17-06_2.jpg,w,10-17-06
videos/process/process_escena3/w_0_10-17-06_1.jpg,w,10-17-06
videos/process/process_escena3/w_0_10-17-06.jpg,w,10-17-06
videos/process/process_escena3/tab+w_0_10-17-07_1.jpg,tab+w,10-17-07
videos/process/process_escena3/tab+w_0_10-17-07_2.jpg,tab+w,10-17-07
videos/process/process_escena3/tab+w_0_10-17-07.jpg,tab+w,10-17-07
videos/process/process_escena3/tab+w_0_10-17-08_2.jpg,tab+w,10-17-08
videos/process/process_escena3/tab+w_0_10-17-08_1.jpg,tab+w,10-17-08
videos/process/process_escena3/tab+w_0_10-17-08.jpg,tab+w,10-17-08
videos/process/process_escena3/tab+w_0_10-17-09.jpg,tab+w,10-17-09
videos/process/process_escena3/tab+w_0_10-17-09_1.jpg,tab+w,10-17-09
videos/process/process_escena3/tab+w_0_10-17-10_1.jpg,tab+w,10-17-10
videos/process/process_escena3/tab+w_0_10-17-10.jpg,tab+w,10-17-10
videos/process/process_escena3/tab+w_0_10-17-10_2.jpg,tab+w,10-17-10
videos/process/process_escena3/tab+w_0_10-17-11_2.jpg,tab+w,10-17-11
videos/process/process_escena3/tab+w_0_10-17-11_1.jpg,tab+w,10-17-11
videos/process/process_escena3/tab+w_0_10-17-11.jpg,tab+w,10-17-11
videos/process/process_escena3/d+tab+w_0_10-17-12.jpg,d+tab+w,10-17-12
videos/process/process_escena3/d_0_10-17-12.jpg,d,10-17-12
videos/process/process_escena3/tab+w_0_10-17-12.jpg,tab+w,10-17-12
videos/process/process_escena3/d+s_0_10-17-13.jpg,d+s,10-17-13
videos/process/process_escena3/s_0_10-17-13.jpg,s,10-17-13
videos/process/process_escena3/a_0_10-17-14.jpg,a,10-17-14
videos/process/process_escena3/a+s_0_10-17-14.jpg,a+s,10-17-14
videos/process/process_escena3/s_0_10-17-17_1.jpg,s,10-17-17
videos/process/process_escena3/s_0_10-17-17.jpg,s,10-17-17
videos/process/process_escena3/w_0_10-17-19.jpg,w,10-17-19
videos/process/process_escena3/shift+w_0_10-17-20.jpg,shift+w,10-17-20
videos/process/process_escena3/shift+w_0_10-17-21_1.jpg,shift+w,10-17-21
videos/process/process_escena3/shift+w_0_10-17-21.jpg,shift+w,10-17-21
videos/process/process_escena3/shift+w_0_10-17-50.jpg,shift+w,10-17-50
videos/process/process_escena3/s+w_0_10-17-50.jpg,s+w,10-17-50
videos/process/process_escena3/a+s+w_0_10-17-51_1.jpg,a+s+w,10-17-51
videos/process/process_escena3/s+w_0_10-17-51.jpg,s+w,10-17-51
videos/process/process_escena3/a+s+w_0_10-17-51.jpg,a+s+w,10-17-51
videos/process/process_escena3/a+s+w_0_10-17-52.jpg,a+s+w,10-17-52
videos/process/process_escena3/a+s+w_0_10-17-52_2.jpg,a+s+w,10-17-52
videos/process/process_escena3/a+s+w_0_10-17-52_1.jpg,a+s+w,10-17-52
videos/process/process_escena3/a+s+w_0_10-17-53.jpg,a+s+w,10-17-53
videos/process/process_escena3/s+w_0_10-17-53.jpg,s+w,10-17-53
videos/process/process_escena3/s+w_0_10-17-53_1.jpg,s+w,10-17-53
videos/process/process_escena3/d+s+w_0_10-17-54.jpg,d+s+w,10-17-54
videos/process/process_escena3/s+w_0_10-17-54.jpg,s+w,10-17-54
videos/process/process_escena3/d+s+w_0_10-17-55.jpg,d+s+w,10-17-55
videos/process/process_escena3/d+s+w_0_10-17-55_2.jpg,d+s+w,10-17-55
videos/process/process_escena3/d+s+w_0_10-17-55_1.jpg,d+s+w,10-17-55
videos/process/process_escena3/d+s+w_0_10-17-56.jpg,d+s+w,10-17-56
videos/process/process_escena3/w_0_10-17-56_1.jpg,w,10-17-56
videos/process/process_escena3/w_0_10-17-56.jpg,w,10-17-56
videos/process/process_escena3/w_0_10-17-57_2.jpg,w,10-17-57
videos/process/process_escena3/w_0_10-17-57_1.jpg,w,10-17-57
videos/process/process_escena3/w_0_10-17-57.jpg,w,10-17-57
videos/process/process_escena3/w_0_10-17-58_2.jpg,w,10-17-58
videos/process/process_escena3/w_0_10-17-58_1.jpg,w,10-17-58
videos/process/process_escena3/w_0_10-17-58.jpg,w,10-17-58
videos/process/process_escena3/w_0_10-17-59.jpg,w,10-17-59
videos/process/process_escena3/w_0_10-17-59_1.jpg,w,10-17-59
videos/process/process_escena3/d+shift+w_0_10-18-00_1.jpg,d+shift+w,10-18-00
videos/process/process_escena3/d_0_10-18-00.jpg,d,10-18-00
videos/process/process_escena3/d+shift+w_0_10-18-00.jpg,d+shift+w,10-18-00
videos/process/process_escena3/d_0_10-18-01_1.jpg,d,10-18-01
videos/process/process_escena3/d_0_10-18-01_2.jpg,d,10-18-01
videos/process/process_escena3/d_0_10-18-01.jpg,d,10-18-01
videos/process/process_escena3/d+w_0_10-18-02.jpg,d+w,10-18-02
videos/process/process_escena3/d_0_10-18-02_1.jpg,d,10-18-02
videos/process/process_escena3/d_0_10-18-02.jpg,d,10-18-02
videos/process/process_escena3/d+w_0_10-18-03.jpg,d+w,10-18-03
videos/process/process_escena3/d+w_0_10-18-03_1.jpg,d+w,10-18-03
videos/process/process_escena3/d+w_0_10-18-03_2.jpg,d+w,10-18-03
videos/process/process_escena3/d+w_0_10-18-04.jpg,d+w,10-18-04
videos/process/process_escena3/d+w_0_10-18-04_1.jpg,d+w,10-18-04
videos/process/process_escena3/d+w_0_10-18-04_2.jpg,d+w,10-18-04
videos/process/process_escena3/d+w_0_10-18-05.jpg,d+w,10-18-05
videos/process/process_escena3/d_0_10-18-05_1.jpg,d,10-18-05
videos/process/process_escena3/d_0_10-18-05.jpg,d,10-18-05
videos/process/process_escena3/d_0_10-18-06_1.jpg,d,10-18-06
videos/process/process_escena3/d_0_10-18-06.jpg,d,10-18-06
videos/process/process_escena3/d_0_10-18-07.jpg,d,10-18-07
videos/process/process_escena3/d_0_10-18-07_1.jpg,d,10-18-07
videos/process/process_escena3/d_0_10-18-07_2.jpg,d,10-18-07
videos/process/process_escena3/d_0_10-18-08_2.jpg,d,10-18-08
videos/process/process_escena3/d_0_10-18-08_1.jpg,d,10-18-08
videos/process/process_escena3/d_0_10-18-08.jpg,d,10-18-08
videos/process/process_escena3/d_0_10-18-09.jpg,d,10-18-09
videos/process/process_escena3/d_0_10-18-09_1.jpg,d,10-18-09
videos/process/process_escena3/d_0_10-18-09_2.jpg,d,10-18-09
videos/process/process_escena3/d_0_10-18-10.jpg,d,10-18-10
videos/process/process_escena3/d_0_10-18-10_1.jpg,d,10-18-10
videos/process/process_escena3/d_0_10-18-10_2.jpg,d,10-18-10
videos/process/process_escena3/d_0_10-18-11.jpg,d,10-18-11
videos/process/process_escena3/d_0_10-18-11_1.jpg,d,10-18-11
videos/process/process_escena3/d_0_10-18-11_2.jpg,d,10-18-11
videos/process/process_escena3/d_0_10-18-12.jpg,d,10-18-12
videos/process/process_escena3/d_0_10-18-12_1.jpg,d,10-18-12
videos/process/process_escena3/d_0_10-18-13.jpg,d,10-18-13
videos/process/process_escena3/d_0_10-18-13_1.jpg,d,10-18-13
videos/process/process_escena3/d_0_10-18-13_2.jpg,d,10-18-13
videos/process/process_escena3/d_0_10-18-14_1.jpg,d,10-18-14
videos/process/process_escena3/d_0_10-18-14_2.jpg,d,10-18-14
videos/process/process_escena3/d_0_10-18-14.jpg,d,10-18-14
videos/process/process_escena3/d_0_10-18-15_1.jpg,d,10-18-15
videos/process/process_escena3/d_0_10-18-15.jpg,d,10-18-15
videos/process/process_escena3/d_0_10-18-15_2.jpg,d,10-18-15
videos/process/process_escena3/d_0_10-18-16_1.jpg,d,10-18-16
videos/process/process_escena3/d_0_10-18-16_2.jpg,d,10-18-16
videos/process/process_escena3/d_0_10-18-16.jpg,d,10-18-16
videos/process/process_escena3/d_0_10-18-17.jpg,d,10-18-17
videos/process/process_escena3/d_0_10-18-17_1.jpg,d,10-18-17
videos/process/process_escena3/d_0_10-18-17_2.jpg,d,10-18-17
videos/process/process_escena3/d_0_10-18-18_1.jpg,d,10-18-18
videos/process/process_escena3/d_0_10-18-18.jpg,d,10-18-18
videos/process/process_escena3/d_0_10-18-19_1.jpg,d,10-18-19
videos/process/process_escena3/d_0_10-18-19_2.jpg,d,10-18-19
videos/process/process_escena3/d_0_10-18-19.jpg,d,10-18-19
videos/process/process_escena3/d_0_10-18-20_1.jpg,d,10-18-20
videos/process/process_escena3/d_0_10-18-20.jpg,d,10-18-20
videos/process/process_escena3/d_0_10-18-20_2.jpg,d,10-18-20
videos/process/process_escena3/d_0_10-18-21.jpg,d,10-18-21
videos/process/process_escena3/d_0_10-18-21_2.jpg,d,10-18-21
videos/process/process_escena3/d_0_10-18-21_1.jpg,d,10-18-21
videos/process/process_escena3/d_0_10-18-22.jpg,d,10-18-22
videos/process/process_escena3/d_0_10-18-22_2.jpg,d,10-18-22
videos/process/process_escena3/d_0_10-18-22_1.jpg,d,10-18-22
videos/process/process_escena3/d+w_0_10-18-23_1.jpg,d+w,10-18-23
videos/process/process_escena3/d+w_0_10-18-23.jpg,d+w,10-18-23
videos/process/process_escena3/d+shift+w_0_10-18-24_1.jpg,d+shift+w,10-18-24
videos/process/process_escena3/d+w_0_10-18-24.jpg,d+w,10-18-24
videos/process/process_escena3/d+shift+w_0_10-18-24.jpg,d+shift+w,10-18-24
videos/process/process_escena3/d+shift+w_0_10-18-25.jpg,d+shift+w,10-18-25
videos/process/process_escena3/d_0_10-18-33.jpg,d,10-18-33
videos/process/process_escena3/d_0_10-18-33_1.jpg,d,10-18-33
videos/process/process_escena3/d_0_10-18-33_2.jpg,d,10-18-33
videos/process/process_escena3/d_0_10-18-34_2.jpg,d,10-18-34
videos/process/process_escena3/d_0_10-18-34.jpg,d,10-18-34
videos/process/process_escena3/d_0_10-18-34_1.jpg,d,10-18-34
videos/process/process_escena3/d+e+space_0_10-18-35.jpg,d+e+space,10-18-35
videos/process/process_escena3/d_0_10-18-35.jpg,d,10-18-35
videos/process/process_escena3/d_0_10-18-36_1.jpg,d,10-18-36
videos/process/process_escena3/d_0_10-18-36.jpg,d,10-18-36
videos/process/process_escena3/backspace+d_0_10-18-36.jpg,backspace+d,10-18-36
videos/process/process_escena3/d+t_0_10-18-37.jpg,d+t,10-18-37
videos/process/process_escena3/d_0_10-18-37.jpg,d,10-18-37
videos/process/process_escena3/backspace+d_0_10-18-37.jpg,backspace+d,10-18-37
videos/process/process_escena3/d_0_10-18-38.jpg,d,10-18-38
videos/process/process_escena3/d_0_10-18-38_1.jpg,d,10-18-38
videos/process/process_escena3/d_0_10-18-38_2.jpg,d,10-18-38
videos/process/process_escena3/d_0_10-18-39.jpg,d,10-18-39
videos/process/process_escena3/d_0_10-18-39_1.jpg,d,10-18-39
videos/process/process_escena3/d_0_10-18-39_2.jpg,d,10-18-39
videos/process/process_escena3/d_0_10-18-40_1.jpg,d,10-18-40
videos/process/process_escena3/d_0_10-18-40.jpg,d,10-18-40
videos/process/process_escena3/d_0_10-18-40_2.jpg,d,10-18-40
videos/process/process_escena3/a+d_0_10-18-41.jpg,a+d,10-18-41
videos/process/process_escena3/d_0_10-18-41.jpg,d,10-18-41
videos/process/process_escena3/d_0_10-18-42_2.jpg,d,10-18-42
videos/process/process_escena3/d_0_10-18-42.jpg,d,10-18-42
videos/process/process_escena3/d_0_10-18-42_1.jpg,d,10-18-42
videos/process/process_escena3/backspace+d_0_10-18-43.jpg,backspace+d,10-18-43
videos/process/process_escena3/d_0_10-18-43_1.jpg,d,10-18-43
videos/process/process_escena3/d_0_10-18-43.jpg,d,10-18-43
videos/process/process_escena3/backspace+d_0_10-18-44.jpg,backspace+d,10-18-44
videos/process/process_escena3/d_0_10-18-44.jpg,d,10-18-44
videos/process/process_escena3/backspace+d_0_10-18-44_1.jpg,backspace+d,10-18-44
videos/process/process_escena3/d_0_10-18-45.jpg,d,10-18-45
videos/process/process_escena3/d_0_10-18-45_1.jpg,d,10-18-45
videos/process/process_escena3/d_0_10-18-45_2.jpg,d,10-18-45
videos/process/process_escena3/d+i+m_0_10-18-46.jpg,d+i+m,10-18-46
videos/process/process_escena3/d+t_0_10-18-46.jpg,d+t,10-18-46
videos/process/process_escena3/d+space_0_10-18-46.jpg,d+space,10-18-46
videos/process/process_escena3/d+o+p_0_10-18-47.jpg,d+o+p,10-18-47
videos/process/process_escena3/d+m_0_10-18-47.jpg,d+m,10-18-47
videos/process/process_escena3/d_0_10-18-47.jpg,d,10-18-47
videos/process/process_escena3/d_0_10-18-48_1.jpg,d,10-18-48
videos/process/process_escena3/d_0_10-18-48.jpg,d,10-18-48
videos/process/process_escena3/d+o_0_10-18-49.jpg,d+o,10-18-49
videos/process/process_escena3/space_0_10-18-49.jpg,space,10-18-49
videos/process/process_escena3/d+space_0_10-18-49.jpg,d+space,10-18-49
videos/process/process_escena3/caps_lock+enter_0_10-18-50.jpg,caps+enter,10-18-50
videos/process/process_escena3/x_0_10-18-50.jpg,x,10-18-50
videos/process/process_escena3/w_0_10-19-18_1.jpg,w,10-19-18
videos/process/process_escena3/w_0_10-19-18.jpg,w,10-19-18
videos/process/process_escena3/w_0_10-19-19_1.jpg,w,10-19-19
videos/process/process_escena3/w_0_10-19-19.jpg,w,10-19-19
videos/process/process_escena3/w_0_10-19-20.jpg,w,10-19-20
videos/process/process_escena3/a_0_10-19-23.jpg,a,10-19-23
videos/process/process_escena3/d_0_10-19-23.jpg,d,10-19-23
videos/process/process_escena3/w_0_10-19-24.jpg,w,10-19-24
videos/process/process_escena3/shift+w_0_10-19-24.jpg,shift+w,10-19-24
videos/process/process_escena3/shift+w_0_10-19-25_2.jpg,shift+w,10-19-25
videos/process/process_escena3/shift+w_0_10-19-25.jpg,shift+w,10-19-25
videos/process/process_escena3/shift+w_0_10-19-25_1.jpg,shift+w,10-19-25
videos/process/process_escena3/shift+w_0_10-19-26.jpg,shift+w,10-19-26
videos/process/process_escena3/shift+w_0_10-19-26_1.jpg,shift+w,10-19-26
videos/process/process_escena3/w_0_10-19-27.jpg,w,10-19-27
videos/process/process_escena3/shift+w_0_10-19-27.jpg,shift+w,10-19-27
videos/process/process_escena3/shift+w_0_10-19-28.jpg,shift+w,10-19-28
videos/process/process_escena3/shift+w_0_10-19-28_1.jpg,shift+w,10-19-28
videos/process/process_escena3/shift+w_0_10-19-28_2.jpg,shift+w,10-19-28
videos/process/process_escena3/shift+w_0_10-19-29.jpg,shift+w,10-19-29
videos/process/process_escena3/shift_0_10-20-56.jpg,shift,10-20-56
videos/process/process_escena3/w_0_10-20-59.jpg,w,10-20-59
videos/process/process_escena3/w_0_10-21-00_2.jpg,w,10-21-00
videos/process/process_escena3/w_0_10-21-00_1.jpg,w,10-21-00
videos/process/process_escena3/w_0_10-21-00.jpg,w,10-21-00
videos/process/process_escena3/w_0_10-21-01_1.jpg,w,10-21-01
videos/process/process_escena3/w_0_10-21-01.jpg,w,10-21-01
videos/process/process_escena3/w_0_10-21-02_1.jpg,w,10-21-02
videos/process/process_escena3/w_0_10-21-02.jpg,w,10-21-02
videos/process/process_escena3/w_0_10-21-02_2.jpg,w,10-21-02
videos/process/process_escena3/w_0_10-21-05.jpg,w,10-21-05
videos/process/process_escena3/tab_0_10-21-05.jpg,tab,10-21-05
videos/process/process_escena3/d_0_10-21-06.jpg,d,10-21-06
videos/process/process_escena3/w_0_10-21-08.jpg,w,10-21-08
videos/process/process_escena3/w_0_10-21-09.jpg,w,10-21-09
videos/process/process_escena3/shift+w_0_10-21-10_1.jpg,shift+w,10-21-10
videos/process/process_escena3/w_0_10-21-10.jpg,w,10-21-10
videos/process/process_escena3/shift+w_0_10-21-10.jpg,shift+w,10-21-10
videos/process/process_escena3/shift+w_0_10-21-11.jpg,shift+w,10-21-11
videos/process/process_escena3/shift+w_0_10-21-11_1.jpg,shift+w,10-21-11
videos/process/process_escena3/w_0_10-21-12.jpg,w,10-21-12
videos/process/process_escena3/d_0_10-21-13.jpg,d,10-21-13
videos/process/process_escena3/d+w_0_10-21-13_1.jpg,d+w,10-21-13
videos/process/process_escena3/d+w_0_10-21-13.jpg,d+w,10-21-13
videos/process/process_escena3/shift+w_0_10-21-14_1.jpg,shift+w,10-21-14
videos/process/process_escena3/shift+w_0_10-21-14.jpg,shift+w,10-21-14
videos/process/process_escena3/shift+w_0_10-21-15.jpg,shift+w,10-21-15
videos/process/process_escena3/shift+w_0_10-21-15_1.jpg,shift+w,10-21-15
videos/process/process_escena3/shift+w_0_10-21-16.jpg,shift+w,10-21-16
videos/process/process_escena3/shift+w_0_10-21-16_1.jpg,shift+w,10-21-16
videos/process/process_escena3/shift+w_0_10-21-17.jpg,shift+w,10-21-17
videos/process/process_escena3/shift+w_0_10-21-18.jpg,shift+w,10-21-18
videos/process/process_escena3/shift+w_0_10-21-18_1.jpg,shift+w,10-21-18
videos/process/process_escena3/shift+w_0_10-21-19.jpg,shift+w,10-21-19
videos/process/process_escena3/shift+w_0_10-21-19_1.jpg,shift+w,10-21-19
videos/process/process_escena3/w_0_10-21-26.jpg,w,10-21-26
videos/process/process_escena3/shift+w_0_10-21-26.jpg,shift+w,10-21-26
videos/process/process_escena3/w_0_10-21-27.jpg,w,10-21-27
videos/process/process_escena3/d+w_0_10-21-27.jpg,d+w,10-21-27
videos/process/process_escena3/d+w_0_10-21-27_1.jpg,d+w,10-21-27
videos/process/process_escena3/d+w_0_10-21-28_1.jpg,d+w,10-21-28
videos/process/process_escena3/shift+w_0_10-21-28.jpg,shift+w,10-21-28
videos/process/process_escena3/d+w_0_10-21-28.jpg,d+w,10-21-28
videos/process/process_escena3/shift+w_0_10-21-29.jpg,shift+w,10-21-29
videos/process/process_escena3/shift+w_0_10-21-29_1.jpg,shift+w,10-21-29
videos/process/process_escena3/shift+w_0_10-21-30.jpg,shift+w,10-21-30
videos/process/process_escena3/shift+w_0_10-21-30_1.jpg,shift+w,10-21-30
videos/process/process_escena3/shift+w_0_10-21-30_2.jpg,shift+w,10-21-30
videos/process/process_escena3/w_0_10-21-46.jpg,w,10-21-46
videos/process/process_escena3/w_0_10-21-46_1.jpg,w,10-21-46
videos/process/process_escena3/shift+w_0_10-21-46.jpg,shift+w,10-21-46
videos/process/process_escena3/shift+w_0_10-21-47_2.jpg,shift+w,10-21-47
videos/process/process_escena3/shift+w_0_10-21-47.jpg,shift+w,10-21-47
videos/process/process_escena3/shift+w_0_10-21-47_1.jpg,shift+w,10-21-47
videos/process/process_escena3/shift+w_0_10-21-48.jpg,shift+w,10-21-48
videos/process/process_escena3/shift+w_0_10-21-48_1.jpg,shift+w,10-21-48
videos/process/process_escena3/shift+w_0_10-21-49_1.jpg,shift+w,10-21-49
videos/process/process_escena3/shift+w_0_10-21-49.jpg,shift+w,10-21-49
videos/process/process_escena3/shift+w_0_10-21-50.jpg,shift+w,10-21-50
videos/process/process_escena3/shift+w_0_10-21-50_1.jpg,shift+w,10-21-50
videos/process/process_escena3/shift+w_0_10-21-50_2.jpg,shift+w,10-21-50
videos/process/process_escena3/shift+w_0_10-21-51.jpg,shift+w,10-21-51
videos/process/process_escena3/shift+w_0_10-21-51_1.jpg,shift+w,10-21-51
videos/process/process_escena3/shift+w_0_10-21-51_2.jpg,shift+w,10-21-51
videos/process/process_escena3/shift+w_0_10-21-52.jpg,shift+w,10-21-52
videos/process/process_escena3/shift+w_0_10-21-52_1.jpg,shift+w,10-21-52
videos/process/process_escena3/shift+w_0_10-21-52_2.jpg,shift+w,10-21-52
videos/process/process_escena3/shift+w_0_10-21-53_2.jpg,shift+w,10-21-53
videos/process/process_escena3/shift+w_0_10-21-53_1.jpg,shift+w,10-21-53
videos/process/process_escena3/shift+w_0_10-21-53.jpg,shift+w,10-21-53
videos/process/process_escena3/shift+w_0_10-21-54_2.jpg,shift+w,10-21-54
videos/process/process_escena3/shift+w_0_10-21-54.jpg,shift+w,10-21-54
videos/process/process_escena3/shift+w_0_10-21-54_1.jpg,shift+w,10-21-54
videos/process/process_escena3/shift+w_0_10-21-55.jpg,shift+w,10-21-55
videos/process/process_escena3/shift+w_0_10-21-55_1.jpg,shift+w,10-21-55
videos/process/process_escena3/w_0_10-21-56.jpg,w,10-21-56
videos/process/process_escena3/d_0_10-22-15.jpg,d,10-22-15
videos/process/process_escena3/d_0_10-22-16.jpg,d,10-22-16
videos/process/process_escena3/d_0_10-22-16_1.jpg,d,10-22-16
videos/process/process_escena3/d+w_0_10-22-23.jpg,d+w,10-22-23
videos/process/process_escena3/d_0_10-22-24.jpg,d,10-22-24
videos/process/process_escena3/d+w_0_10-22-24.jpg,d+w,10-22-24
videos/process/process_escena3/d+shift+w_0_10-22-28.jpg,d+shift+w,10-22-28
videos/process/process_escena3/d_0_10-22-28.jpg,d,10-22-28
videos/process/process_escena3/d+shift+w_0_10-22-29_1.jpg,d+shift+w,10-22-29
videos/process/process_escena3/d+shift+w_0_10-22-29.jpg,d+shift+w,10-22-29
videos/process/process_escena3/d+shift+w_0_10-22-35.jpg,d+shift+w,10-22-35
videos/process/process_escena3/d+shift+w_0_10-22-35_1.jpg,d+shift+w,10-22-35
videos/process/process_escena3/d+shift+w_0_10-22-36.jpg,d+shift+w,10-22-36
videos/process/process_escena3/d+shift+w_0_10-22-36_1.jpg,d+shift+w,10-22-36
videos/process/process_escena3/d+shift+w_0_10-22-37.jpg,d+shift+w,10-22-37
videos/process/process_escena3/d+shift+w_0_10-22-37_1.jpg,d+shift+w,10-22-37
videos/process/process_escena3/d+shift+w_0_10-22-38.jpg,d+shift+w,10-22-38
videos/process/process_escena3/d+shift+w_0_10-22-38_2.jpg,d+shift+w,10-22-38
videos/process/process_escena3/d+shift+w_0_10-22-38_1.jpg,d+shift+w,10-22-38
videos/process/process_escena3/d+shift+w_0_10-22-39.jpg,d+shift+w,10-22-39
videos/process/process_escena3/d+shift+w_0_10-22-39_1.jpg,d+shift+w,10-22-39
videos/process/process_escena3/d+shift+w_0_10-22-40.jpg,d+shift+w,10-22-40
videos/process/process_escena3/d+shift+w_0_10-22-40_1.jpg,d+shift+w,10-22-40
videos/process/process_escena3/d+shift+w_0_10-22-40_2.jpg,d+shift+w,10-22-40
videos/process/process_escena3/d+shift+w_0_10-22-41.jpg,d+shift+w,10-22-41
videos/process/process_escena3/d+shift+w_0_10-22-41_1.jpg,d+shift+w,10-22-41
videos/process/process_escena3/d_0_10-22-50.jpg,d,10-22-50
videos/process/process_escena3/d_0_10-22-51.jpg,d,10-22-51
videos/process/process_escena3/d_0_10-22-51_1.jpg,d,10-22-51
videos/process/process_escena3/d_0_10-22-51_2.jpg,d,10-22-51
videos/process/process_escena3/d_0_10-22-52.jpg,d,10-22-52
videos/process/process_escena3/w_0_10-23-07.jpg,w,10-23-07
videos/process/process_escena3/w_0_10-23-08_2.jpg,w,10-23-08
videos/process/process_escena3/w_0_10-23-08_1.jpg,w,10-23-08
videos/process/process_escena3/w_0_10-23-08.jpg,w,10-23-08
videos/process/process_escena3/shift+w_0_10-23-09.jpg,shift+w,10-23-09
videos/process/process_escena3/w_0_10-23-09.jpg,w,10-23-09
videos/process/process_escena3/shift+w_0_10-23-10_1.jpg,shift+w,10-23-10
videos/process/process_escena3/shift+w_0_10-23-10.jpg,shift+w,10-23-10
videos/process/process_escena3/w_0_10-23-42.jpg,w,10-23-42
videos/process/process_escena3/a_0_10-23-53.jpg,a,10-23-53
videos/process/process_escena3/a_0_10-23-53_1.jpg,a,10-23-53
videos/process/process_escena3/d_0_10-23-59.jpg,d,10-23-59
videos/process/process_escena3/a_0_10-24-08.jpg,a,10-24-08
videos/process/process_escena3/a_0_10-24-16.jpg,a,10-24-16
videos/process/process_escena3/a+shift_0_10-24-18.jpg,a+shift,10-24-18
videos/process/process_escena3/a_0_10-24-18.jpg,a,10-24-18
videos/process/process_escena3/a_0_10-24-45.jpg,a,10-24-45
videos/process/process_escena3/a+d_0_10-24-46.jpg,a+d,10-24-46
videos/process/process_escena3/a+d_0_10-24-46_1.jpg,a+d,10-24-46
videos/process/process_escena3/a+shift+w_0_10-24-46.jpg,a+shift+w,10-24-46
videos/process/process_escena3/a+shift+w_0_10-24-47_2.jpg,a+shift+w,10-24-47
videos/process/process_escena3/a+shift+w_0_10-24-47.jpg,a+shift+w,10-24-47
videos/process/process_escena3/a+shift+w_0_10-24-47_1.jpg,a+shift+w,10-24-47
videos/process/process_escena3/a+shift+w_0_10-24-48.jpg,a+shift+w,10-24-48
videos/process/process_escena3/a+shift+w_0_10-24-48_1.jpg,a+shift+w,10-24-48
videos/process/process_escena3/a+shift+w_0_10-24-49.jpg,a+shift+w,10-24-49
videos/process/process_escena3/a+shift+w_0_10-24-50.jpg,a+shift+w,10-24-50
videos/process/process_escena3/a+shift+w_0_10-24-50_1.jpg,a+shift+w,10-24-50
videos/process/process_escena3/a+shift+w_0_10-24-50_2.jpg,a+shift+w,10-24-50
videos/process/process_escena3/a+shift+w_0_10-24-51.jpg,a+shift+w,10-24-51
videos/process/process_escena3/a+shift+w_0_10-24-56.jpg,a+shift+w,10-24-56
videos/process/process_escena3/a+shift+w_0_10-24-57.jpg,a+shift+w,10-24-57
videos/process/process_escena3/a+shift+w_0_10-24-57_1.jpg,a+shift+w,10-24-57
videos/process/process_escena3/a+shift+w_0_10-24-58.jpg,a+shift+w,10-24-58
videos/process/process_escena3/a_0_10-24-59_2.jpg,a,10-24-59
videos/process/process_escena3/a_0_10-24-59.jpg,a,10-24-59
videos/process/process_escena3/a_0_10-24-59_1.jpg,a,10-24-59
videos/process/process_escena3/a_0_10-25-00_1.jpg,a,10-25-00
videos/process/process_escena3/a_0_10-25-00.jpg,a,10-25-00
videos/process/process_escena3/a_0_10-25-01_2.jpg,a,10-25-01
videos/process/process_escena3/a_0_10-25-01_1.jpg,a,10-25-01
videos/process/process_escena3/a_0_10-25-01.jpg,a,10-25-01
videos/process/process_escena3/a_0_10-25-02_1.jpg,a,10-25-02
videos/process/process_escena3/a_0_10-25-02.jpg,a,10-25-02
videos/process/process_escena3/a_0_10-25-02_2.jpg,a,10-25-02
videos/process/process_escena3/a_0_10-25-03_2.jpg,a,10-25-03
videos/process/process_escena3/a_0_10-25-03_1.jpg,a,10-25-03
videos/process/process_escena3/a_0_10-25-03.jpg,a,10-25-03
videos/process/process_escena3/a_0_10-25-04.jpg,a,10-25-04
videos/process/process_escena3/a_0_10-25-04_2.jpg,a,10-25-04
videos/process/process_escena3/a_0_10-25-04_1.jpg,a,10-25-04
videos/process/process_escena3/a_0_10-25-05_1.jpg,a,10-25-05
videos/process/process_escena3/a_0_10-25-05_2.jpg,a,10-25-05
videos/process/process_escena3/a_0_10-25-05.jpg,a,10-25-05
videos/process/process_escena3/a+enter_0_10-25-06.jpg,a+enter,10-25-06
videos/process/process_escena3/a_0_10-25-06.jpg,a,10-25-06
videos/process/process_escena3/a_0_10-25-07.jpg,a,10-25-07
videos/process/process_escena3/a_0_10-25-07_1.jpg,a,10-25-07
videos/process/process_escena3/a_0_10-25-07_2.jpg,a,10-25-07
videos/process/process_escena3/a_0_10-25-08.jpg,a,10-25-08
videos/process/process_escena3/a_0_10-25-08_1.jpg,a,10-25-08
videos/process/process_escena3/a_0_10-25-08_2.jpg,a,10-25-08
videos/process/process_escena3/a_0_10-25-09_1.jpg,a,10-25-09
videos/process/process_escena3/a_0_10-25-09_2.jpg,a,10-25-09
videos/process/process_escena3/a_0_10-25-09.jpg,a,10-25-09
videos/process/process_escena3/a_0_10-25-10.jpg,a,10-25-10
videos/process/process_escena3/a_0_10-25-10_1.jpg,a,10-25-10
videos/process/process_escena3/a_0_10-25-10_2.jpg,a,10-25-10
videos/process/process_escena3/a_0_10-25-11.jpg,a,10-25-11
videos/process/process_escena3/a_0_10-25-11_2.jpg,a,10-25-11
videos/process/process_escena3/a_0_10-25-11_1.jpg,a,10-25-11
videos/process/process_escena3/a_0_10-25-12_1.jpg,a,10-25-12
videos/process/process_escena3/a_0_10-25-12.jpg,a,10-25-12
videos/process/process_escena3/a_0_10-25-13_2.jpg,a,10-25-13
videos/process/process_escena3/a_0_10-25-13_1.jpg,a,10-25-13
videos/process/process_escena3/a_0_10-25-13.jpg,a,10-25-13
videos/process/process_escena4/w_0_10-26-00.jpg,w,10-26-00
videos/process/process_escena4/shift+w_0_10-26-00.jpg,shift+w,10-26-00
videos/process/process_escena4/w_0_10-26-00_1.jpg,w,10-26-00
videos/process/process_escena4/shift+w_0_10-26-01.jpg,shift+w,10-26-01
videos/process/process_escena4/shift+w_0_10-26-01_1.jpg,shift+w,10-26-01
videos/process/process_escena4/shift+w_0_10-26-02_1.jpg,shift+w,10-26-02
videos/process/process_escena4/shift+w_0_10-26-02.jpg,shift+w,10-26-02
videos/process/process_escena4/shift+w_0_10-26-02_2.jpg,shift+w,10-26-02
videos/process/process_escena4/w_0_10-26-03.jpg,w,10-26-03
videos/process/process_escena4/w_0_10-26-03_1.jpg,w,10-26-03
videos/process/process_escena4/f+w_0_10-26-04.jpg,f+w,10-26-04
videos/process/process_escena4/w_0_10-26-04.jpg,w,10-26-04
videos/process/process_escena4/enter_0_10-27-45.jpg,enter,10-27-45
videos/process/process_escena4/w_0_10-28-21.jpg,w,10-28-21
videos/process/process_escena4/w_0_10-28-21_1.jpg,w,10-28-21
videos/process/process_escena4/w_0_10-28-22_2.jpg,w,10-28-22
videos/process/process_escena4/w_0_10-28-22.jpg,w,10-28-22
videos/process/process_escena4/w_0_10-28-22_1.jpg,w,10-28-22
videos/process/process_escena4/w_0_10-28-23.jpg,w,10-28-23
videos/process/process_escena4/w_0_10-28-23_2.jpg,w,10-28-23
videos/process/process_escena4/w_0_10-28-23_1.jpg,w,10-28-23
videos/process/process_escena4/shift+w_0_10-28-24_2.jpg,shift+w,10-28-24
videos/process/process_escena4/shift+w_0_10-28-24_1.jpg,shift+w,10-28-24
videos/process/process_escena4/shift+w_0_10-28-24.jpg,shift+w,10-28-24
videos/process/process_escena4/shift+w_0_10-28-25_1.jpg,shift+w,10-28-25
videos/process/process_escena4/shift+w_0_10-28-25.jpg,shift+w,10-28-25
videos/process/process_escena4/d_0_10-28-26.jpg,d,10-28-26
videos/process/process_escena4/d_0_10-28-26_1.jpg,d,10-28-26
videos/process/process_escena4/d_0_10-28-27.jpg,d,10-28-27
videos/process/process_escena4/w_0_10-30-02_1.jpg,w,10-30-02
videos/process/process_escena4/w_0_10-30-02_2.jpg,w,10-30-02
videos/process/process_escena4/w_0_10-30-02.jpg,w,10-30-02
videos/process/process_escena4/w_0_10-30-03.jpg,w,10-30-03
videos/process/process_escena4/w_0_10-30-04_1.jpg,w,10-30-04
videos/process/process_escena4/w_0_10-30-04.jpg,w,10-30-04
videos/process/process_escena4/w_0_10-30-04_2.jpg,w,10-30-04
videos/process/process_escena4/w_0_10-30-05.jpg,w,10-30-05
videos/process/process_escena4/w_0_10-30-06.jpg,w,10-30-06
videos/process/process_escena4/w_0_10-30-06_1.jpg,w,10-30-06
videos/process/process_escena4/w_0_10-30-06_2.jpg,w,10-30-06
videos/process/process_escena4/w_0_10-30-07_2.jpg,w,10-30-07
videos/process/process_escena4/w_0_10-30-07.jpg,w,10-30-07
videos/process/process_escena4/w_0_10-30-07_1.jpg,w,10-30-07
videos/process/process_escena4/w_0_10-30-08.jpg,w,10-30-08
videos/process/process_escena4/w_0_10-30-08_1.jpg,w,10-30-08
videos/process/process_escena4/d+w_0_10-30-08.jpg,d+w,10-30-08
videos/process/process_escena4/d+w_0_10-30-09_1.jpg,d+w,10-30-09
videos/process/process_escena4/d+w_0_10-30-09.jpg,d+w,10-30-09
videos/process/process_escena4/d_0_10-30-10.jpg,d,10-30-10
videos/process/process_escena4/w_0_10-30-10.jpg,w,10-30-10
videos/process/process_escena4/d+w_0_10-30-10.jpg,d+w,10-30-10
videos/process/process_escena4/a+s_0_10-30-11.jpg,a+s,10-30-11
videos/process/process_escena4/a+s+shift_0_10-30-11.jpg,a+s+shift,10-30-11
videos/process/process_escena4/w_0_10-31-51.jpg,w,10-31-51
videos/process/process_escena4/w_0_10-31-51_1.jpg,w,10-31-51
videos/process/process_escena4/w_0_10-31-51_2.jpg,w,10-31-51
videos/process/process_escena4/w_0_10-31-52_2.jpg,w,10-31-52
videos/process/process_escena4/w_0_10-31-52.jpg,w,10-31-52
videos/process/process_escena4/w_0_10-31-52_1.jpg,w,10-31-52
videos/process/process_escena4/shift+w_0_10-31-53.jpg,shift+w,10-31-53
videos/process/process_escena4/shift+w_0_10-31-53_1.jpg,shift+w,10-31-53
videos/process/process_escena4/shift+w_0_10-31-53_2.jpg,shift+w,10-31-53
videos/process/process_escena4/shift+w_0_10-31-54_2.jpg,shift+w,10-31-54
videos/process/process_escena4/shift+w_0_10-31-54_1.jpg,shift+w,10-31-54
videos/process/process_escena4/shift+w_0_10-31-54.jpg,shift+w,10-31-54
videos/process/process_escena4/shift+w_0_10-31-55.jpg,shift+w,10-31-55
videos/process/process_escena4/shift+w_0_10-31-55_1.jpg,shift+w,10-31-55
videos/process/process_escena4/shift+w_0_10-31-56.jpg,shift+w,10-31-56
videos/process/process_escena4/shift+w_0_10-31-56_1.jpg,shift+w,10-31-56
videos/process/process_escena4/shift+w_0_10-31-56_2.jpg,shift+w,10-31-56
videos/process/process_escena4/shift+w_0_10-31-57_2.jpg,shift+w,10-31-57
videos/process/process_escena4/shift+w_0_10-31-57_1.jpg,shift+w,10-31-57
videos/process/process_escena4/shift+w_0_10-31-57.jpg,shift+w,10-31-57
videos/process/process_escena4/w_0_10-31-58.jpg,w,10-31-58
videos/process/process_escena4/shift+w_0_10-31-58.jpg,shift+w,10-31-58
videos/process/process_escena4/w_0_10-32-18.jpg,w,10-32-18
videos/process/process_escena4/w_0_10-32-19_1.jpg,w,10-32-19
videos/process/process_escena4/w_0_10-32-19.jpg,w,10-32-19
videos/process/process_escena4/w_0_10-32-20.jpg,w,10-32-20
videos/process/process_escena4/w_0_10-32-20_1.jpg,w,10-32-20
videos/process/process_escena4/w_0_10-32-20_2.jpg,w,10-32-20
videos/process/process_escena4/shift+w_0_10-32-21_2.jpg,shift+w,10-32-21
videos/process/process_escena4/shift+w_0_10-32-21_1.jpg,shift+w,10-32-21
videos/process/process_escena4/shift+w_0_10-32-21.jpg,shift+w,10-32-21
videos/process/process_escena4/shift+w_0_10-32-22.jpg,shift+w,10-32-22
videos/process/process_escena4/shift+w_0_10-32-22_1.jpg,shift+w,10-32-22
videos/process/process_escena4/w_0_10-33-21.jpg,w,10-33-21
videos/process/process_escena4/shift+w_0_10-33-21.jpg,shift+w,10-33-21
videos/process/process_escena4/d+w_0_10-33-21.jpg,d+w,10-33-21
videos/process/process_escena4/d+w_0_10-33-22.jpg,d+w,10-33-22
videos/process/process_escena4/w_0_10-33-22_1.jpg,w,10-33-22
videos/process/process_escena4/w_0_10-33-22.jpg,w,10-33-22
videos/process/process_escena4/w_0_10-33-23.jpg,w,10-33-23
videos/process/process_escena4/d+w_0_10-33-23_1.jpg,d+w,10-33-23
videos/process/process_escena4/d+w_0_10-33-23.jpg,d+w,10-33-23
videos/process/process_escena4/d+w_0_10-33-24.jpg,d+w,10-33-24
videos/process/process_escena4/w_0_10-33-24.jpg,w,10-33-24
videos/process/process_escena4/shift+w_0_10-33-25.jpg,shift+w,10-33-25
videos/process/process_escena4/shift+w_0_10-33-25_2.jpg,shift+w,10-33-25
videos/process/process_escena4/shift+w_0_10-33-25_1.jpg,shift+w,10-33-25
videos/process/process_escena4/shift+w_0_10-33-26_2.jpg,shift+w,10-33-26
videos/process/process_escena4/shift+w_0_10-33-26_1.jpg,shift+w,10-33-26
videos/process/process_escena4/shift+w_0_10-33-26.jpg,shift+w,10-33-26
videos/process/process_escena4/shift+w_0_10-33-29.jpg,shift+w,10-33-29
videos/process/process_escena4/shift+w_0_10-33-29_1.jpg,shift+w,10-33-29
videos/process/process_escena4/shift+w_0_10-33-30_1.jpg,shift+w,10-33-30
videos/process/process_escena4/shift+w_0_10-33-30_2.jpg,shift+w,10-33-30
videos/process/process_escena4/shift+w_0_10-33-30.jpg,shift+w,10-33-30
videos/process/process_escena4/shift+w_0_10-33-31_1.jpg,shift+w,10-33-31
videos/process/process_escena4/shift+w_0_10-33-31_2.jpg,shift+w,10-33-31
videos/process/process_escena4/shift+w_0_10-33-31.jpg,shift+w,10-33-31
videos/process/process_escena4/shift+w_0_10-33-32.jpg,shift+w,10-33-32
videos/process/process_escena4/shift+w_0_10-33-33.jpg,shift+w,10-33-33
videos/process/process_escena4/shift+w_0_10-33-33_1.jpg,shift+w,10-33-33
videos/process/process_escena4/d+s_0_10-35-44.jpg,d+s,10-35-44
videos/process/process_escena4/d_0_10-35-44.jpg,d,10-35-44
videos/process/process_escena4/d+s_0_10-35-45.jpg,d+s,10-35-45
videos/process/process_escena4/d_0_10-35-45.jpg,d,10-35-45
videos/process/process_escena4/q+w_0_10-35-46.jpg,q+w,10-35-46
videos/process/process_escena4/d+w_0_10-35-46.jpg,d+w,10-35-46
videos/process/process_escena4/d_0_10-35-47.jpg,d,10-35-47
videos/process/process_escena4/w_0_10-35-48.jpg,w,10-35-48
videos/process/process_escena4/w_0_10-35-48_1.jpg,w,10-35-48
videos/process/process_escena4/s_0_10-35-57_1.jpg,s,10-35-57
videos/process/process_escena4/s_0_10-35-57.jpg,s,10-35-57
videos/process/process_escena4/w_0_10-36-05.jpg,w,10-36-05
videos/process/process_escena4/d+w_0_10-36-05.jpg,d+w,10-36-05
videos/process/process_escena4/d+w_0_10-36-06.jpg,d+w,10-36-06
videos/process/process_escena4/d+w_0_10-36-06_1.jpg,d+w,10-36-06
videos/process/process_escena4/a+w_0_10-36-07_1.jpg,a+w,10-36-07
videos/process/process_escena4/a+w_0_10-36-07.jpg,a+w,10-36-07
videos/process/process_escena4/d+w_0_10-36-07.jpg,d+w,10-36-07
videos/process/process_escena4/d_0_10-36-08.jpg,d,10-36-08
videos/process/process_escena4/d_0_10-36-08_1.jpg,d,10-36-08
videos/process/process_escena4/d_0_10-36-08_2.jpg,d,10-36-08
videos/process/process_escena4/d+w_0_10-36-09.jpg,d+w,10-36-09
videos/process/process_escena4/d+w_0_10-36-09_1.jpg,d+w,10-36-09
videos/process/process_escena4/d+w_0_10-36-09_2.jpg,d+w,10-36-09
videos/process/process_escena4/a+w_0_10-36-10_2.jpg,a+w,10-36-10
videos/process/process_escena4/a+w_0_10-36-10.jpg,a+w,10-36-10
videos/process/process_escena4/a+w_0_10-36-10_1.jpg,a+w,10-36-10
videos/process/process_escena4/a+w_0_10-36-11.jpg,a+w,10-36-11
videos/process/process_escena4/w_0_10-36-11_1.jpg,w,10-36-11
videos/process/process_escena4/w_0_10-36-11.jpg,w,10-36-11
videos/process/process_escena4/a+w_0_10-36-12_1.jpg,a+w,10-36-12
videos/process/process_escena4/a+w_0_10-36-12.jpg,a+w,10-36-12
videos/process/process_escena4/a+w_0_10-36-13_1.jpg,a+w,10-36-13
videos/process/process_escena4/a+w_0_10-36-13.jpg,a+w,10-36-13
videos/process/process_escena4/d+w_0_10-36-13.jpg,d+w,10-36-13
videos/process/process_escena4/a+w_0_10-36-14.jpg,a+w,10-36-14
videos/process/process_escena4/d+w_0_10-36-14.jpg,d+w,10-36-14
videos/process/process_escena4/w_0_10-36-14.jpg,w,10-36-14
videos/process/process_escena4/w_0_10-36-15.jpg,w,10-36-15
videos/process/process_escena4/d+w_0_10-36-15.jpg,d+w,10-36-15
videos/process/process_escena4/w_0_10-36-15_1.jpg,w,10-36-15
videos/process/process_escena4/w_0_10-36-16_2.jpg,w,10-36-16
videos/process/process_escena4/w_0_10-36-16_1.jpg,w,10-36-16
videos/process/process_escena4/w_0_10-36-16.jpg,w,10-36-16
videos/process/process_escena4/w_0_10-36-17.jpg,w,10-36-17
videos/process/process_escena4/d+w_0_10-36-17.jpg,d+w,10-36-17
videos/process/process_escena4/w_0_10-36-18_1.jpg,w,10-36-18
videos/process/process_escena4/w_0_10-36-18.jpg,w,10-36-18
videos/process/process_escena4/a+w_0_10-36-18.jpg,a+w,10-36-18
videos/process/process_escena4/a+w_0_10-36-19.jpg,a+w,10-36-19
videos/process/process_escena4/w_0_10-36-19.jpg,w,10-36-19
videos/process/process_escena4/w_0_10-36-19_1.jpg,w,10-36-19
videos/process/process_escena4/a+w_0_10-36-20.jpg,a+w,10-36-20
videos/process/process_escena4/w_0_10-36-20.jpg,w,10-36-20
videos/process/process_escena4/w_0_10-36-20_1.jpg,w,10-36-20
videos/process/process_escena4/a+w_0_10-36-21.jpg,a+w,10-36-21
videos/process/process_escena4/a+w_0_10-36-21_1.jpg,a+w,10-36-21
videos/process/process_escena4/w_0_10-36-21.jpg,w,10-36-21
videos/process/process_escena4/w_0_10-36-22.jpg,w,10-36-22
videos/process/process_escena4/w_0_10-36-22_1.jpg,w,10-36-22
videos/process/process_escena4/a+w_0_10-36-22.jpg,a+w,10-36-22
videos/process/process_escena4/w_0_10-36-23_1.jpg,w,10-36-23
videos/process/process_escena4/w_0_10-36-23.jpg,w,10-36-23
videos/process/process_escena4/w_0_10-36-24.jpg,w,10-36-24
videos/process/process_escena4/w_0_10-36-24_1.jpg,w,10-36-24
videos/process/process_escena4/d+w_0_10-36-24.jpg,d+w,10-36-24
videos/process/process_escena4/w_0_10-36-25_2.jpg,w,10-36-25
videos/process/process_escena4/w_0_10-36-25.jpg,w,10-36-25
videos/process/process_escena4/w_0_10-36-25_1.jpg,w,10-36-25
videos/process/process_escena4/a+w_0_10-36-26.jpg,a+w,10-36-26
videos/process/process_escena4/w_0_10-36-26.jpg,w,10-36-26
videos/process/process_escena4/w_0_10-36-26_1.jpg,w,10-36-26
videos/process/process_escena4/t_0_10-36-27.jpg,t,10-36-27
videos/process/process_escena4/a_0_10-36-27.jpg,a,10-36-27
videos/process/process_escena4/w_0_10-36-27.jpg,w,10-36-27
videos/process/process_escena4/r_0_10-36-28.jpg,r,10-36-28
videos/process/process_escena4/w_0_10-36-29_1.jpg,w,10-36-29
videos/process/process_escena4/w_0_10-36-29.jpg,w,10-36-29
videos/process/process_escena4/w_0_10-36-29_2.jpg,w,10-36-29
videos/process/process_escena4/d+w_0_10-36-30.jpg,d+w,10-36-30
videos/process/process_escena4/w_0_10-36-30.jpg,w,10-36-30
videos/process/process_escena4/w_0_10-36-31_1.jpg,w,10-36-31
videos/process/process_escena4/w_0_10-36-31.jpg,w,10-36-31
videos/process/process_escena4/w_0_10-36-31_2.jpg,w,10-36-31
videos/process/process_escena4/w_0_10-36-32_2.jpg,w,10-36-32
videos/process/process_escena4/w_0_10-36-32_1.jpg,w,10-36-32
videos/process/process_escena4/w_0_10-36-32.jpg,w,10-36-32
videos/process/process_escena4/a+w_0_10-36-33.jpg,a+w,10-36-33
videos/process/process_escena4/w_0_10-36-33_1.jpg,w,10-36-33
videos/process/process_escena4/w_0_10-36-33.jpg,w,10-36-33
videos/process/process_escena4/w_0_10-36-34.jpg,w,10-36-34
videos/process/process_escena4/w_0_10-36-34_1.jpg,w,10-36-34
videos/process/process_escena4/w_0_10-36-34_2.jpg,w,10-36-34
videos/process/process_escena4/w_0_10-36-35.jpg,w,10-36-35
videos/process/process_escena4/w_0_10-36-35_1.jpg,w,10-36-35
videos/process/process_escena4/w_0_10-36-36.jpg,w,10-36-36
videos/process/process_escena4/a+w_0_10-36-36_1.jpg,a+w,10-36-36
videos/process/process_escena4/a+w_0_10-36-36.jpg,a+w,10-36-36
videos/process/process_escena4/a+w_0_10-36-37_1.jpg,a+w,10-36-37
videos/process/process_escena4/w_0_10-36-37.jpg,w,10-36-37
videos/process/process_escena4/a+w_0_10-36-37.jpg,a+w,10-36-37
videos/process/process_escena4/a+w_0_10-36-38.jpg,a+w,10-36-38
videos/process/process_escena4/w_0_10-36-38.jpg,w,10-36-38
videos/process/process_escena4/w_0_10-36-38_1.jpg,w,10-36-38
videos/process/process_escena4/a+w_0_10-36-39.jpg,a+w,10-36-39
videos/process/process_escena4/w_0_10-36-39_1.jpg,w,10-36-39
videos/process/process_escena4/w_0_10-36-39.jpg,w,10-36-39
videos/process/process_escena4/w_0_10-36-40.jpg,w,10-36-40
videos/process/process_escena4/w_0_10-36-40_2.jpg,w,10-36-40
videos/process/process_escena4/w_0_10-36-40_1.jpg,w,10-36-40
videos/process/process_escena4/w_0_10-36-41.jpg,w,10-36-41
videos/process/process_escena4/a+w_0_10-36-41.jpg,a+w,10-36-41
videos/process/process_escena4/w_0_10-36-42.jpg,w,10-36-42
videos/process/process_escena4/a+w_0_10-36-42_1.jpg,a+w,10-36-42
videos/process/process_escena4/a+w_0_10-36-42.jpg,a+w,10-36-42
videos/process/process_escena4/a+w_0_10-36-43.jpg,a+w,10-36-43
videos/process/process_escena4/w_0_10-36-43.jpg,w,10-36-43
videos/process/process_escena4/w_0_10-36-43_1.jpg,w,10-36-43
videos/process/process_escena4/w_0_10-36-44_2.jpg,w,10-36-44
videos/process/process_escena4/w_0_10-36-44.jpg,w,10-36-44
videos/process/process_escena4/w_0_10-36-44_1.jpg,w,10-36-44
videos/process/process_escena4/w_0_10-36-45_1.jpg,w,10-36-45
videos/process/process_escena4/d+w_0_10-36-45.jpg,d+w,10-36-45
videos/process/process_escena4/w_0_10-36-45.jpg,w,10-36-45
videos/process/process_escena4/w_0_10-36-46_1.jpg,w,10-36-46
videos/process/process_escena4/w_0_10-36-46.jpg,w,10-36-46
videos/process/process_escena4/w_0_10-36-47_1.jpg,w,10-36-47
videos/process/process_escena4/a+w_0_10-36-47.jpg,a+w,10-36-47
videos/process/process_escena4/w_0_10-36-47.jpg,w,10-36-47
videos/process/process_escena4/w_0_10-36-48.jpg,w,10-36-48
videos/process/process_escena4/w_0_10-36-48_1.jpg,w,10-36-48
videos/process/process_escena4/a+w_0_10-36-48.jpg,a+w,10-36-48
videos/process/process_escena4/w_0_10-36-49_2.jpg,w,10-36-49
videos/process/process_escena4/w_0_10-36-49.jpg,w,10-36-49
videos/process/process_escena4/w_0_10-36-49_1.jpg,w,10-36-49
videos/process/process_escena4/w_0_10-36-50.jpg,w,10-36-50
videos/process/process_escena4/w_0_10-36-50_1.jpg,w,10-36-50
videos/process/process_escena4/w_0_10-36-50_2.jpg,w,10-36-50
videos/process/process_escena4/w_0_10-36-51.jpg,w,10-36-51
videos/process/process_escena4/w_0_10-36-51_1.jpg,w,10-36-51
videos/process/process_escena4/w_0_10-36-51_2.jpg,w,10-36-51
videos/process/process_escena4/w_0_10-36-52.jpg,w,10-36-52
videos/process/process_escena4/d+w_0_10-36-52.jpg,d+w,10-36-52
videos/process/process_escena4/w_0_10-36-53.jpg,w,10-36-53
videos/process/process_escena4/a+w_0_10-36-53.jpg,a+w,10-36-53
videos/process/process_escena4/a+w_0_10-36-53_1.jpg,a+w,10-36-53
videos/process/process_escena4/a+w_0_10-36-54.jpg,a+w,10-36-54
videos/process/process_escena4/w_0_10-36-54.jpg,w,10-36-54
videos/process/process_escena4/w_0_10-36-54_1.jpg,w,10-36-54
videos/process/process_escena4/d+w_0_10-36-55.jpg,d+w,10-36-55
videos/process/process_escena4/a+w_0_10-36-55.jpg,a+w,10-36-55
videos/process/process_escena4/w_0_10-36-55.jpg,w,10-36-55
videos/process/process_escena4/d+w_0_10-36-56.jpg,d+w,10-36-56
videos/process/process_escena4/w_0_10-36-56_1.jpg,w,10-36-56
videos/process/process_escena4/w_0_10-36-56.jpg,w,10-36-56
videos/process/process_escena4/d+w_0_10-36-57.jpg,d+w,10-36-57
videos/process/process_escena4/w_0_10-36-57.jpg,w,10-36-57
videos/process/process_escena4/w_0_10-36-58_2.jpg,w,10-36-58
videos/process/process_escena4/w_0_10-36-58_1.jpg,w,10-36-58
videos/process/process_escena4/w_0_10-36-58.jpg,w,10-36-58
videos/process/process_escena4/w_0_10-36-59.jpg,w,10-36-59
videos/process/process_escena4/w_0_10-36-59_1.jpg,w,10-36-59
videos/process/process_escena4/d+w_0_10-36-59.jpg,d+w,10-36-59
videos/process/process_escena4/a+w_0_10-37-00.jpg,a+w,10-37-00
videos/process/process_escena4/w_0_10-37-00.jpg,w,10-37-00
videos/process/process_escena4/w_0_10-37-00_1.jpg,w,10-37-00
videos/process/process_escena4/a+w_0_10-37-01.jpg,a+w,10-37-01
videos/process/process_escena4/w_0_10-37-01.jpg,w,10-37-01
videos/process/process_escena4/w_0_10-37-01_1.jpg,w,10-37-01
videos/process/process_escena4/w_0_10-37-02.jpg,w,10-37-02
videos/process/process_escena4/a+w_0_10-37-02.jpg,a+w,10-37-02
videos/process/process_escena4/w_0_10-37-03.jpg,w,10-37-03
videos/process/process_escena4/w_0_10-37-03_1.jpg,w,10-37-03
videos/process/process_escena4/a+w_0_10-37-03.jpg,a+w,10-37-03
videos/process/process_escena4/w_0_10-37-04.jpg,w,10-37-04
videos/process/process_escena4/w_0_10-37-04_1.jpg,w,10-37-04
videos/process/process_escena4/w_0_10-37-04_2.jpg,w,10-37-04
videos/process/process_escena4/w_0_10-37-05_1.jpg,w,10-37-05
videos/process/process_escena4/w_0_10-37-05_2.jpg,w,10-37-05
videos/process/process_escena4/w_0_10-37-05.jpg,w,10-37-05
videos/process/process_escena4/w_0_10-37-06.jpg,w,10-37-06
videos/process/process_escena4/a+w_0_10-37-06.jpg,a+w,10-37-06
videos/process/process_escena4/w_0_10-37-06_1.jpg,w,10-37-06
videos/process/process_escena4/w_0_10-37-07_1.jpg,w,10-37-07
videos/process/process_escena4/w_0_10-37-07.jpg,w,10-37-07
videos/process/process_escena4/w_0_10-37-08_1.jpg,w,10-37-08
videos/process/process_escena4/w_0_10-37-08.jpg,w,10-37-08
videos/process/process_escena4/a+w_0_10-37-08.jpg,a+w,10-37-08
videos/process/process_escena4/w_0_10-37-09_2.jpg,w,10-37-09
videos/process/process_escena4/w_0_10-37-09_1.jpg,w,10-37-09
videos/process/process_escena4/w_0_10-37-09.jpg,w,10-37-09
videos/process/process_escena4/w_0_10-37-10.jpg,w,10-37-10
videos/process/process_escena4/w_0_10-37-10_1.jpg,w,10-37-10
videos/process/process_escena4/w_0_10-37-10_2.jpg,w,10-37-10
videos/process/process_escena4/w_0_10-37-11.jpg,w,10-37-11
videos/process/process_escena4/a+w_0_10-37-11.jpg,a+w,10-37-11
videos/process/process_escena4/a+w_0_10-37-11_1.jpg,a+w,10-37-11
videos/process/process_escena4/d+w_0_10-37-12_1.jpg,d+w,10-37-12
videos/process/process_escena4/d+w_0_10-37-12.jpg,d+w,10-37-12
videos/process/process_escena4/d+w_0_10-37-13.jpg,d+w,10-37-13
videos/process/process_escena4/d_0_10-37-13.jpg,d,10-37-13
videos/process/process_escena4/d+s_0_10-37-13.jpg,d+s,10-37-13
videos/process/process_escena4/d+s_0_10-37-14.jpg,d+s,10-37-14
videos/process/process_escena4/d+s_0_10-37-14_1.jpg,d+s,10-37-14
videos/process/process_escena4/d+s_0_10-37-14_2.jpg,d+s,10-37-14
videos/process/process_escena4/d+s_0_10-37-15.jpg,d+s,10-37-15
videos/process/process_escena4/s_0_10-37-15.jpg,s,10-37-15
videos/process/process_escena4/s_0_10-37-15_1.jpg,s,10-37-15
videos/process/process_escena4/s_0_10-37-16.jpg,s,10-37-16
videos/process/process_escena4/s_0_10-37-16_1.jpg,s,10-37-16
videos/process/process_escena4/a+shift+w_0_10-37-18.jpg,a+shift+w,10-37-18
videos/process/process_escena4/a+shift+w_0_10-37-18_1.jpg,a+shift+w,10-37-18
videos/process/process_escena4/w_0_10-37-18.jpg,w,10-37-18
videos/process/process_escena4/a+shift+w_0_10-37-19.jpg,a+shift+w,10-37-19
videos/process/process_escena4/a+shift+w_0_10-37-19_2.jpg,a+shift+w,10-37-19
videos/process/process_escena4/a+shift+w_0_10-37-19_1.jpg,a+shift+w,10-37-19
videos/process/process_escena4/a+shift+w_0_10-37-20.jpg,a+shift+w,10-37-20
videos/process/process_escena5/m_0_10-37-51.jpg,m,10-37-51
videos/process/process_escena5/o_0_10-37-51.jpg,o,10-37-51
videos/process/process_escena5/e_0_10-37-52.jpg,e,10-37-52
videos/process/process_escena5/u_0_10-38-50.jpg,u,10-38-50
videos/process/process_escena5/w_0_10-40-32.jpg,w,10-40-32
videos/process/process_escena5/w_0_10-40-33_1.jpg,w,10-40-33
videos/process/process_escena5/w_0_10-40-33.jpg,w,10-40-33
videos/process/process_escena5/w_0_10-40-36_1.jpg,w,10-40-36
videos/process/process_escena5/w_0_10-40-36.jpg,w,10-40-36
videos/process/process_escena5/w_0_10-40-37_1.jpg,w,10-40-37
videos/process/process_escena5/w_0_10-40-37.jpg,w,10-40-37
videos/process/process_escena5/a_0_10-40-38.jpg,a,10-40-38
videos/process/process_escena5/w_0_10-40-38.jpg,w,10-40-38
videos/process/process_escena5/g_0_10-40-39.jpg,g,10-40-39
videos/process/process_escena5/g_0_10-40-39_1.jpg,g,10-40-39
videos/process/process_escena5/w_0_10-40-41_2.jpg,w,10-40-41
videos/process/process_escena5/w_0_10-40-41_1.jpg,w,10-40-41
videos/process/process_escena5/w_0_10-40-41.jpg,w,10-40-41
videos/process/process_escena5/w_0_10-40-42_2.jpg,w,10-40-42
videos/process/process_escena5/w_0_10-40-42_1.jpg,w,10-40-42
videos/process/process_escena5/w_0_10-40-42.jpg,w,10-40-42
videos/process/process_escena5/w_0_10-40-43.jpg,w,10-40-43
videos/process/process_escena5/a+w_0_10-40-43.jpg,a+w,10-40-43
videos/process/process_escena5/w_0_10-40-43_1.jpg,w,10-40-43
videos/process/process_escena5/w_0_10-40-44.jpg,w,10-40-44
videos/process/process_escena5/a_0_10-40-44.jpg,a,10-40-44
videos/process/process_escena5/a_0_10-40-44_1.jpg,a,10-40-44
videos/process/process_escena5/d+w_0_10-40-49.jpg,d+w,10-40-49
videos/process/process_escena5/d+w_0_10-40-49_1.jpg,d+w,10-40-49
videos/process/process_escena5/d+w_0_10-40-49_2.jpg,d+w,10-40-49
videos/process/process_escena5/d+w_0_10-40-50.jpg,d+w,10-40-50
videos/process/process_escena5/d+w_0_10-40-50_1.jpg,d+w,10-40-50
videos/process/process_escena5/d+w_0_10-40-51_2.jpg,d+w,10-40-51
videos/process/process_escena5/d+w_0_10-40-51_1.jpg,d+w,10-40-51
videos/process/process_escena5/d+w_0_10-40-51.jpg,d+w,10-40-51
videos/process/process_escena5/a_0_10-40-52.jpg,a,10-40-52
videos/process/process_escena5/a_0_10-40-52_2.jpg,a,10-40-52
videos/process/process_escena5/a_0_10-40-52_1.jpg,a,10-40-52
videos/process/process_escena5/a_0_10-40-53.jpg,a,10-40-53
videos/process/process_escena5/a_0_10-40-53_2.jpg,a,10-40-53
videos/process/process_escena5/a_0_10-40-53_1.jpg,a,10-40-53
videos/process/process_escena5/a_0_10-40-54_1.jpg,a,10-40-54
videos/process/process_escena5/a_0_10-40-54_2.jpg,a,10-40-54
videos/process/process_escena5/a_0_10-40-54.jpg,a,10-40-54
videos/process/process_escena5/a_0_10-40-56.jpg,a,10-40-56
videos/process/process_escena5/a_0_10-40-56_1.jpg,a,10-40-56
videos/process/process_escena5/a+w_0_10-40-56.jpg,a+w,10-40-56
videos/process/process_escena5/a+w_0_10-40-57_1.jpg,a+w,10-40-57
videos/process/process_escena5/a+w_0_10-40-57.jpg,a+w,10-40-57
videos/process/process_escena5/x_0_10-40-58.jpg,x,10-40-58
videos/process/process_escena5/h_0_10-41-02.jpg,h,10-41-02
videos/process/process_escena5/a_0_10-41-35.jpg,a,10-41-35
videos/process/process_escena5/i_0_10-41-35.jpg,i,10-41-35
videos/process/process_escena5/v_0_10-41-36.jpg,v,10-41-36
videos/process/process_escena5/w_0_10-41-43.jpg,w,10-41-43
videos/process/process_escena5/w_0_10-41-43_1.jpg,w,10-41-43
videos/process/process_escena5/w_0_10-41-44.jpg,w,10-41-44
videos/process/process_escena5/w_0_10-41-45.jpg,w,10-41-45
videos/process/process_escena5/w_0_10-41-45_1.jpg,w,10-41-45
videos/process/process_escena5/w_0_10-41-46.jpg,w,10-41-46
videos/process/process_escena5/shift+w_0_10-41-46.jpg,shift+w,10-41-46
videos/process/process_escena5/shift+w_0_10-41-46_1.jpg,shift+w,10-41-46
videos/process/process_escena5/shift+w_0_10-41-47.jpg,shift+w,10-41-47
videos/process/process_escena5/shift+w_0_10-41-47_1.jpg,shift+w,10-41-47
videos/process/process_escena5/shift+w_0_10-41-48_1.jpg,shift+w,10-41-48
videos/process/process_escena5/shift+w_0_10-41-48_2.jpg,shift+w,10-41-48
videos/process/process_escena5/shift+w_0_10-41-48.jpg,shift+w,10-41-48
videos/process/process_escena5/shift+w_0_10-41-49_1.jpg,shift+w,10-41-49
videos/process/process_escena5/shift+w_0_10-41-49.jpg,shift+w,10-41-49
videos/process/process_escena5/shift+w_0_10-41-49_2.jpg,shift+w,10-41-49
videos/process/process_escena5/w_0_10-41-50_1.jpg,w,10-41-50
videos/process/process_escena5/w_0_10-41-50.jpg,w,10-41-50
videos/process/process_escena5/shift+w_0_10-41-50.jpg,shift+w,10-41-50
videos/process/process_escena5/w_0_10-41-51_1.jpg,w,10-41-51
videos/process/process_escena5/w_0_10-41-51_2.jpg,w,10-41-51
videos/process/process_escena5/w_0_10-41-51.jpg,w,10-41-51
videos/process/process_escena5/w_0_10-41-52.jpg,w,10-41-52
videos/process/process_escena5/w_0_10-41-52_1.jpg,w,10-41-52
videos/process/process_escena5/w_0_10-41-52_2.jpg,w,10-41-52
videos/process/process_escena5/w_0_10-41-53.jpg,w,10-41-53
videos/process/process_escena5/w_0_10-41-53_1.jpg,w,10-41-53
videos/process/process_escena5/w_0_10-41-54_1.jpg,w,10-41-54
videos/process/process_escena5/w_0_10-41-54.jpg,w,10-41-54
videos/process/process_escena5/w+z_0_10-41-54.jpg,w+z,10-41-54
videos/process/process_escena5/w_0_10-41-55.jpg,w,10-41-55
videos/process/process_escena5/w_0_10-41-55_1.jpg,w,10-41-55
videos/process/process_escena5/w_0_10-41-55_2.jpg,w,10-41-55
videos/process/process_escena5/w_0_10-41-56.jpg,w,10-41-56
videos/process/process_escena5/w_0_10-41-56_1.jpg,w,10-41-56
videos/process/process_escena5/w_0_10-41-56_2.jpg,w,10-41-56
videos/process/process_escena5/w+z_0_10-41-57.jpg,w+z,10-41-57
videos/process/process_escena5/w_0_10-41-57_1.jpg,w,10-41-57
videos/process/process_escena5/w_0_10-41-57.jpg,w,10-41-57
videos/process/process_escena5/w_0_10-41-58.jpg,w,10-41-58
videos/process/process_escena5/w_0_10-41-58_2.jpg,w,10-41-58
videos/process/process_escena5/w_0_10-41-58_1.jpg,w,10-41-58
videos/process/process_escena5/w_0_10-41-59_1.jpg,w,10-41-59
videos/process/process_escena5/w_0_10-41-59.jpg,w,10-41-59
videos/process/process_escena5/w_0_10-42-00_2.jpg,w,10-42-00
videos/process/process_escena5/w_0_10-42-00.jpg,w,10-42-00
videos/process/process_escena5/w_0_10-42-00_1.jpg,w,10-42-00
videos/process/process_escena5/w_0_10-42-01_1.jpg,w,10-42-01
videos/process/process_escena5/w_0_10-42-01.jpg,w,10-42-01
videos/process/process_escena5/w_0_10-42-01_2.jpg,w,10-42-01
videos/process/process_escena5/w_0_10-42-02.jpg,w,10-42-02
videos/process/process_escena5/w_0_10-42-02_1.jpg,w,10-42-02
videos/process/process_escena5/w_0_10-42-02_2.jpg,w,10-42-02
videos/process/process_escena5/w_0_10-42-03_1.jpg,w,10-42-03
videos/process/process_escena5/w_0_10-42-03_2.jpg,w,10-42-03
videos/process/process_escena5/w_0_10-42-03.jpg,w,10-42-03
videos/process/process_escena5/w_0_10-42-04_1.jpg,w,10-42-04
videos/process/process_escena5/w_0_10-42-04.jpg,w,10-42-04
videos/process/process_escena5/w_0_10-42-04_2.jpg,w,10-42-04
videos/process/process_escena5/w_0_10-42-05_1.jpg,w,10-42-05
videos/process/process_escena5/w_0_10-42-05.jpg,w,10-42-05
videos/process/process_escena5/w_0_10-42-06.jpg,w,10-42-06
videos/process/process_escena5/w_0_10-42-06_1.jpg,w,10-42-06
videos/process/process_escena5/w_0_10-42-06_2.jpg,w,10-42-06
videos/process/process_escena5/w_0_10-42-07_1.jpg,w,10-42-07
videos/process/process_escena5/w_0_10-42-07.jpg,w,10-42-07
videos/process/process_escena5/w_0_10-42-07_2.jpg,w,10-42-07
videos/process/process_escena5/w_0_10-42-08.jpg,w,10-42-08
videos/process/process_escena5/w_0_10-42-08_1.jpg,w,10-42-08
videos/process/process_escena5/w_0_10-42-08_2.jpg,w,10-42-08
videos/process/process_escena5/w_0_10-42-09.jpg,w,10-42-09
videos/process/process_escena5/w_0_10-42-09_2.jpg,w,10-42-09
videos/process/process_escena5/w_0_10-42-09_1.jpg,w,10-42-09
videos/process/process_escena5/w_0_10-42-10.jpg,w,10-42-10
videos/process/process_escena5/w_0_10-42-10_2.jpg,w,10-42-10
videos/process/process_escena5/w_0_10-42-10_1.jpg,w,10-42-10
videos/process/process_escena5/w_0_10-42-11.jpg,w,10-42-11
videos/process/process_escena5/w_0_10-42-11_1.jpg,w,10-42-11
videos/process/process_escena5/w_0_10-42-12_2.jpg,w,10-42-12
videos/process/process_escena5/w_0_10-42-12.jpg,w,10-42-12
videos/process/process_escena5/w_0_10-42-12_1.jpg,w,10-42-12
videos/process/process_escena5/w_0_10-42-13.jpg,w,10-42-13
videos/process/process_escena5/w_0_10-42-13_1.jpg,w,10-42-13
videos/process/process_escena5/w_0_10-42-13_2.jpg,w,10-42-13
videos/process/process_escena5/w_0_10-42-14.jpg,w,10-42-14
videos/process/process_escena5/w_0_10-42-14_1.jpg,w,10-42-14
videos/process/process_escena5/w_0_10-42-14_2.jpg,w,10-42-14
videos/process/process_escena5/w_0_10-42-15.jpg,w,10-42-15
videos/process/process_escena5/w_0_10-42-15_1.jpg,w,10-42-15
videos/process/process_escena5/w_0_10-42-15_2.jpg,w,10-42-15
videos/process/process_escena5/w_0_10-42-16.jpg,w,10-42-16
videos/process/process_escena5/w_0_10-42-16_1.jpg,w,10-42-16
videos/process/process_escena5/w_0_10-42-16_2.jpg,w,10-42-16
videos/process/process_escena5/w_0_10-42-17.jpg,w,10-42-17
videos/process/process_escena5/w_0_10-42-17_1.jpg,w,10-42-17
videos/process/process_escena5/w_0_10-42-18_1.jpg,w,10-42-18
videos/process/process_escena5/w_0_10-42-18_2.jpg,w,10-42-18
videos/process/process_escena5/w_0_10-42-18.jpg,w,10-42-18
videos/process/process_escena5/w_0_10-42-19_2.jpg,w,10-42-19
videos/process/process_escena5/w_0_10-42-19.jpg,w,10-42-19
videos/process/process_escena5/w_0_10-42-19_1.jpg,w,10-42-19
videos/process/process_escena5/w_0_10-42-20.jpg,w,10-42-20
videos/process/process_escena5/w_0_10-42-20_1.jpg,w,10-42-20
videos/process/process_escena5/w_0_10-42-20_2.jpg,w,10-42-20
videos/process/process_escena5/w_0_10-42-21_2.jpg,w,10-42-21
videos/process/process_escena5/w_0_10-42-21.jpg,w,10-42-21
videos/process/process_escena5/w_0_10-42-21_1.jpg,w,10-42-21
videos/process/process_escena5/w_0_10-42-22_1.jpg,w,10-42-22
videos/process/process_escena5/w_0_10-42-22.jpg,w,10-42-22
videos/process/process_escena5/w_0_10-42-23.jpg,w,10-42-23
videos/process/process_escena5/w_0_10-42-23_2.jpg,w,10-42-23
videos/process/process_escena5/w_0_10-42-23_1.jpg,w,10-42-23
videos/process/process_escena5/w_0_10-42-24_1.jpg,w,10-42-24
videos/process/process_escena5/w_0_10-42-24_2.jpg,w,10-42-24
videos/process/process_escena5/w_0_10-42-24.jpg,w,10-42-24
videos/process/process_escena5/w_0_10-42-25.jpg,w,10-42-25
videos/process/process_escena5/w_0_10-42-25_2.jpg,w,10-42-25
videos/process/process_escena5/w_0_10-42-25_1.jpg,w,10-42-25
videos/process/process_escena5/w_0_10-42-26.jpg,w,10-42-26
videos/process/process_escena5/w_0_10-42-26_1.jpg,w,10-42-26
videos/process/process_escena5/w_0_10-42-26_2.jpg,w,10-42-26
videos/process/process_escena5/w_0_10-42-27.jpg,w,10-42-27
videos/process/process_escena5/w_0_10-42-27_2.jpg,w,10-42-27
videos/process/process_escena5/w_0_10-42-27_1.jpg,w,10-42-27
videos/process/process_escena5/w_0_10-42-28_2.jpg,w,10-42-28
videos/process/process_escena5/w_0_10-42-28_1.jpg,w,10-42-28
videos/process/process_escena5/w_0_10-42-28.jpg,w,10-42-28
videos/process/process_escena5/w_0_10-42-29_1.jpg,w,10-42-29
videos/process/process_escena5/w_0_10-42-29.jpg,w,10-42-29
videos/process/process_escena5/w_0_10-42-30.jpg,w,10-42-30
videos/process/process_escena5/w_0_10-42-30_2.jpg,w,10-42-30
videos/process/process_escena5/w_0_10-42-30_1.jpg,w,10-42-30
videos/process/process_escena5/w_0_10-42-31_1.jpg,w,10-42-31
videos/process/process_escena5/w_0_10-42-31.jpg,w,10-42-31
videos/process/process_escena5/w_0_10-42-31_2.jpg,w,10-42-31
videos/process/process_escena5/w_0_10-42-32_2.jpg,w,10-42-32
videos/process/process_escena5/w_0_10-42-32_1.jpg,w,10-42-32
videos/process/process_escena5/w_0_10-42-32.jpg,w,10-42-32
videos/process/process_escena5/w_0_10-42-33_2.jpg,w,10-42-33
videos/process/process_escena5/w_0_10-42-33_1.jpg,w,10-42-33
videos/process/process_escena5/w_0_10-42-33.jpg,w,10-42-33
videos/process/process_escena5/w_0_10-42-34_1.jpg,w,10-42-34
videos/process/process_escena5/w_0_10-42-34.jpg,w,10-42-34
videos/process/process_escena5/w_0_10-42-35_1.jpg,w,10-42-35
videos/process/process_escena5/w_0_10-42-35.jpg,w,10-42-35
videos/process/process_escena5/w_0_10-42-35_2.jpg,w,10-42-35
videos/process/process_escena5/w_0_10-42-36_1.jpg,w,10-42-36
videos/process/process_escena5/w_0_10-42-36_2.jpg,w,10-42-36
videos/process/process_escena5/w_0_10-42-36.jpg,w,10-42-36
videos/process/process_escena5/w_0_10-42-37_1.jpg,w,10-42-37
videos/process/process_escena5/w_0_10-42-37_2.jpg,w,10-42-37
videos/process/process_escena5/w_0_10-42-37.jpg,w,10-42-37
videos/process/process_escena5/w_0_10-42-38_2.jpg,w,10-42-38
videos/process/process_escena5/w_0_10-42-38_1.jpg,w,10-42-38
videos/process/process_escena5/w_0_10-42-38.jpg,w,10-42-38
videos/process/process_escena5/w_0_10-42-39.jpg,w,10-42-39
videos/process/process_escena5/w_0_10-42-39_2.jpg,w,10-42-39
videos/process/process_escena5/w_0_10-42-39_1.jpg,w,10-42-39
videos/process/process_escena5/w_0_10-42-40.jpg,w,10-42-40
videos/process/process_escena5/w_0_10-42-40_1.jpg,w,10-42-40
videos/process/process_escena5/w_0_10-42-41_1.jpg,w,10-42-41
videos/process/process_escena5/w_0_10-42-41.jpg,w,10-42-41
videos/process/process_escena5/w_0_10-42-41_2.jpg,w,10-42-41
videos/process/process_escena5/w_0_10-42-42.jpg,w,10-42-42
videos/process/process_escena5/w_0_10-42-42_2.jpg,w,10-42-42
videos/process/process_escena5/w_0_10-42-42_1.jpg,w,10-42-42
videos/process/process_escena5/w_0_10-42-43.jpg,w,10-42-43
videos/process/process_escena5/w_0_10-42-43_1.jpg,w,10-42-43
videos/process/process_escena5/w_0_10-42-43_2.jpg,w,10-42-43
videos/process/process_escena5/w_0_10-42-44.jpg,w,10-42-44
videos/process/process_escena5/w_0_10-42-44_1.jpg,w,10-42-44
videos/process/process_escena5/w_0_10-42-44_2.jpg,w,10-42-44
videos/process/process_escena5/w_0_10-42-45_2.jpg,w,10-42-45
videos/process/process_escena5/w_0_10-42-45.jpg,w,10-42-45
videos/process/process_escena5/w_0_10-42-45_1.jpg,w,10-42-45
videos/process/process_escena5/w_0_10-42-46.jpg,w,10-42-46
videos/process/process_escena5/w_0_10-42-46_1.jpg,w,10-42-46
videos/process/process_escena5/w_0_10-42-47_2.jpg,w,10-42-47
videos/process/process_escena5/w_0_10-42-47.jpg,w,10-42-47
videos/process/process_escena5/w_0_10-42-47_1.jpg,w,10-42-47
videos/process/process_escena5/w_0_10-42-48.jpg,w,10-42-48
videos/process/process_escena5/w_0_10-42-48_1.jpg,w,10-42-48
videos/process/process_escena5/w_0_10-42-48_2.jpg,w,10-42-48
videos/process/process_escena5/w_0_10-42-49.jpg,w,10-42-49
videos/process/process_escena5/w_0_10-42-49_2.jpg,w,10-42-49
videos/process/process_escena5/w_0_10-42-49_1.jpg,w,10-42-49
videos/process/process_escena5/w_0_10-42-50_1.jpg,w,10-42-50
videos/process/process_escena5/w_0_10-42-50.jpg,w,10-42-50
videos/process/process_escena5/shift_0_10-42-51.jpg,shift,10-42-51
videos/process/process_escena5/esc_0_10-43-06.jpg,esc,10-43-06
videos/process/process_escena5/esc_0_10-43-09.jpg,esc,10-43-09
videos/process/process_escena5/w_0_10-43-41.jpg,w,10-43-41
videos/process/process_escena5/w_0_10-43-42.jpg,w,10-43-42
videos/process/process_escena5/a+w_0_10-43-42.jpg,a+w,10-43-42
videos/process/process_escena5/w_0_10-43-42_1.jpg,w,10-43-42
videos/process/process_escena5/a+w_0_10-43-43.jpg,a+w,10-43-43
videos/process/process_escena5/a+w_0_10-43-43_1.jpg,a+w,10-43-43
videos/process/process_escena5/a+shift+w_0_10-43-43.jpg,a+shift+w,10-43-43
videos/process/process_escena5/a+shift+w_0_10-43-44.jpg,a+shift+w,10-43-44
videos/process/process_escena5/a+shift+w_0_10-43-44_1.jpg,a+shift+w,10-43-44
videos/process/process_escena5/a+shift+w_0_10-43-44_2.jpg,a+shift+w,10-43-44
videos/process/process_escena5/a+shift+w_0_10-43-45_2.jpg,a+shift+w,10-43-45
videos/process/process_escena5/a+shift+w_0_10-43-45_1.jpg,a+shift+w,10-43-45
videos/process/process_escena5/a+shift+w_0_10-43-45.jpg,a+shift+w,10-43-45
videos/process/process_escena5/a+shift+w_0_10-43-46.jpg,a+shift+w,10-43-46
videos/process/process_escena5/a+shift+w_0_10-43-46_1.jpg,a+shift+w,10-43-46
videos/process/process_escena5/a+shift+w_0_10-43-47.jpg,a+shift+w,10-43-47
videos/process/process_escena5/a+shift+w_0_10-43-47_1.jpg,a+shift+w,10-43-47
videos/process/process_escena5/a+shift+w_0_10-43-47_2.jpg,a+shift+w,10-43-47
videos/process/process_escena5/a+shift+w_0_10-43-48_2.jpg,a+shift+w,10-43-48
videos/process/process_escena5/a+shift+w_0_10-43-48.jpg,a+shift+w,10-43-48
videos/process/process_escena5/a+shift+w_0_10-43-48_1.jpg,a+shift+w,10-43-48
videos/process/process_escena5/a+shift+w_0_10-43-49.jpg,a+shift+w,10-43-49
videos/process/process_escena5/a+shift+w_0_10-43-49_1.jpg,a+shift+w,10-43-49
videos/process/process_escena5/shift_0_10-45-05.jpg,shift,10-45-05
videos/process/process_escena5/alt_l_0_10-45-08.jpg,alt,10-45-08
videos/process/process_escena5/up_0_10-45-15.jpg,up,10-45-15
videos/process/process_escena5/w_0_10-45-22.jpg,w,10-45-22
videos/process/process_escena5/d+w_0_10-45-22.jpg,d+w,10-45-22
videos/process/process_escena5/w_0_10-45-22_1.jpg,w,10-45-22
videos/process/process_escena5/w_0_10-45-23.jpg,w,10-45-23
videos/process/process_escena5/shift+w_0_10-45-23_1.jpg,shift+w,10-45-23
videos/process/process_escena5/shift+w_0_10-45-23.jpg,shift+w,10-45-23
videos/process/process_escena5/shift+w_0_10-45-24.jpg,shift+w,10-45-24
videos/process/process_escena5/shift+w_0_10-45-24_1.jpg,shift+w,10-45-24
videos/process/process_escena5/w_0_10-45-34.jpg,w,10-45-34
videos/process/process_escena5/w_0_10-45-34_1.jpg,w,10-45-34
videos/process/process_escena5/shift+w_0_10-45-34.jpg,shift+w,10-45-34
videos/process/process_escena5/w_0_10-45-35_1.jpg,w,10-45-35
videos/process/process_escena5/w_0_10-45-35.jpg,w,10-45-35
videos/process/process_escena5/f+w_0_10-45-36.jpg,f+w,10-45-36
videos/process/process_escena5/f_0_10-45-36.jpg,f,10-45-36
videos/process/process_escena5/e_0_10-45-37.jpg,e,10-45-37
videos/process/process_escena5/w_0_10-45-54.jpg,w,10-45-54
videos/process/process_escena5/w_0_10-45-54_1.jpg,w,10-45-54
videos/process/process_escena5/shift+w_0_10-45-55.jpg,shift+w,10-45-55
videos/process/process_escena5/shift+w_0_10-45-55_1.jpg,shift+w,10-45-55
videos/process/process_escena5/shift+w_0_10-45-56_1.jpg,shift+w,10-45-56
videos/process/process_escena5/shift+w_0_10-45-56.jpg,shift+w,10-45-56
videos/process/process_escena5/shift+w_0_10-45-56_2.jpg,shift+w,10-45-56
videos/process/process_escena5/a+w_0_10-45-57_1.jpg,a+w,10-45-57
videos/process/process_escena5/w_0_10-45-57.jpg,w,10-45-57
videos/process/process_escena5/a+w_0_10-45-57.jpg,a+w,10-45-57
videos/process/process_escena5/d_0_10-45-58_1.jpg,d,10-45-58
videos/process/process_escena5/d_0_10-45-58.jpg,d,10-45-58
videos/process/process_escena5/w_0_10-46-05.jpg,w,10-46-05
videos/process/process_escena5/w_0_10-46-05_1.jpg,w,10-46-05
videos/process/process_escena5/w_0_10-46-06.jpg,w,10-46-06
videos/process/process_escena5/shift+w_0_10-46-06.jpg,shift+w,10-46-06
videos/process/process_escena5/shift+w_0_10-46-06_1.jpg,shift+w,10-46-06
videos/process/process_escena5/a+s_0_10-46-16.jpg,a+s,10-46-16
videos/process/process_escena5/a+s_0_10-46-17_1.jpg,a+s,10-46-17
videos/process/process_escena5/a+s_0_10-46-17_2.jpg,a+s,10-46-17
videos/process/process_escena5/a+s_0_10-46-17.jpg,a+s,10-46-17
videos/process/process_escena5/a+s_0_10-46-18.jpg,a+s,10-46-18
videos/process/process_escena5/a+s_0_10-46-18_2.jpg,a+s,10-46-18
videos/process/process_escena5/a+s_0_10-46-18_1.jpg,a+s,10-46-18
videos/process/process_escena5/a+s_0_10-46-19_1.jpg,a+s,10-46-19
videos/process/process_escena5/a+s_0_10-46-19.jpg,a+s,10-46-19
videos/process/process_escena5/d_0_10-46-20.jpg,d,10-46-20
videos/process/process_escena5/d+w_0_10-46-20_1.jpg,d+w,10-46-20
videos/process/process_escena5/d+w_0_10-46-20.jpg,d+w,10-46-20
videos/process/process_escena5/d+w_0_10-46-21_2.jpg,d+w,10-46-21
videos/process/process_escena5/d+w_0_10-46-21_1.jpg,d+w,10-46-21
videos/process/process_escena5/d+w_0_10-46-21.jpg,d+w,10-46-21
videos/process/process_escena5/a+w_0_10-46-22.jpg,a+w,10-46-22
videos/process/process_escena5/d+w_0_10-46-22.jpg,d+w,10-46-22
videos/process/process_escena5/d_0_10-46-22.jpg,d,10-46-22
videos/process/process_escena5/w_0_10-46-23.jpg,w,10-46-23
videos/process/process_escena5/w_0_10-46-23_1.jpg,w,10-46-23
videos/process/process_escena5/a+w_0_10-46-23.jpg,a+w,10-46-23
videos/process/process_escena5/w_0_10-46-24_2.jpg,w,10-46-24
videos/process/process_escena5/w_0_10-46-24_1.jpg,w,10-46-24
videos/process/process_escena5/w_0_10-46-24.jpg,w,10-46-24
videos/process/process_escena5/a+w_0_10-46-25_1.jpg,a+w,10-46-25
videos/process/process_escena5/a+w_0_10-46-25.jpg,a+w,10-46-25
videos/process/process_escena5/a+w_0_10-46-25_2.jpg,a+w,10-46-25
videos/process/process_escena5/w_0_10-46-26_1.jpg,w,10-46-26
videos/process/process_escena5/w_0_10-46-26.jpg,w,10-46-26
videos/process/process_escena5/w_0_10-46-27_1.jpg,w,10-46-27
videos/process/process_escena5/d+w_0_10-46-27.jpg,d+w,10-46-27
videos/process/process_escena5/w_0_10-46-27.jpg,w,10-46-27
videos/process/process_escena5/w_0_10-46-28_2.jpg,w,10-46-28
videos/process/process_escena5/w_0_10-46-28.jpg,w,10-46-28
videos/process/process_escena5/w_0_10-46-28_1.jpg,w,10-46-28
videos/process/process_escena5/w_0_10-46-29_1.jpg,w,10-46-29
videos/process/process_escena5/w_0_10-46-29_2.jpg,w,10-46-29
videos/process/process_escena5/w_0_10-46-29.jpg,w,10-46-29
videos/process/process_escena5/w_0_10-46-30.jpg,w,10-46-30
videos/process/process_escena5/w_0_10-46-30_2.jpg,w,10-46-30
videos/process/process_escena5/w_0_10-46-30_1.jpg,w,10-46-30
videos/process/process_escena5/w_0_10-46-31_2.jpg,w,10-46-31
videos/process/process_escena5/w_0_10-46-31.jpg,w,10-46-31
videos/process/process_escena5/w_0_10-46-31_1.jpg,w,10-46-31
videos/process/process_escena5/w_0_10-46-32_1.jpg,w,10-46-32
videos/process/process_escena5/w_0_10-46-32_2.jpg,w,10-46-32
videos/process/process_escena5/w_0_10-46-32.jpg,w,10-46-32
videos/process/process_escena5/w_0_10-46-33.jpg,w,10-46-33
videos/process/process_escena5/w_0_10-46-33_1.jpg,w,10-46-33
videos/process/process_escena5/w_0_10-46-34.jpg,w,10-46-34
videos/process/process_escena5/w_0_10-46-34_1.jpg,w,10-46-34
videos/process/process_escena5/d+w_0_10-46-34.jpg,d+w,10-46-34
videos/process/process_escena5/w_0_10-46-35_1.jpg,w,10-46-35
videos/process/process_escena5/w_0_10-46-35_2.jpg,w,10-46-35
videos/process/process_escena5/w_0_10-46-35.jpg,w,10-46-35
videos/process/process_escena5/w_0_10-46-36_1.jpg,w,10-46-36
videos/process/process_escena5/a+w_0_10-46-36.jpg,a+w,10-46-36
videos/process/process_escena5/w_0_10-46-36.jpg,w,10-46-36
videos/process/process_escena5/w_0_10-46-37.jpg,w,10-46-37
videos/process/process_escena5/d+w_0_10-46-37.jpg,d+w,10-46-37
videos/process/process_escena5/w_0_10-46-37_1.jpg,w,10-46-37
videos/process/process_escena5/w_0_10-46-38_1.jpg,w,10-46-38
videos/process/process_escena5/w_0_10-46-38_2.jpg,w,10-46-38
videos/process/process_escena5/w_0_10-46-38.jpg,w,10-46-38
videos/process/process_escena5/w_0_10-46-39_1.jpg,w,10-46-39
videos/process/process_escena5/a+w_0_10-46-39.jpg,a+w,10-46-39
videos/process/process_escena5/w_0_10-46-39.jpg,w,10-46-39
videos/process/process_escena5/w_0_10-46-40.jpg,w,10-46-40
videos/process/process_escena5/w_0_10-46-40_1.jpg,w,10-46-40
videos/process/process_escena5/d+w_0_10-46-40.jpg,d+w,10-46-40
videos/process/process_escena5/w_0_10-46-41.jpg,w,10-46-41
videos/process/process_escena5/a+w_0_10-46-41.jpg,a+w,10-46-41
videos/process/process_escena5/d+w_0_10-46-41.jpg,d+w,10-46-41
videos/process/process_escena5/w_0_10-46-42.jpg,w,10-46-42
videos/process/process_escena5/a+w_0_10-46-42.jpg,a+w,10-46-42
videos/process/process_escena5/a+w_0_10-46-43.jpg,a+w,10-46-43
videos/process/process_escena5/w_0_10-46-43.jpg,w,10-46-43
videos/process/process_escena5/w_0_10-46-43_1.jpg,w,10-46-43
videos/process/process_escena5/w_0_10-46-44_1.jpg,w,10-46-44
videos/process/process_escena5/w_0_10-46-44_2.jpg,w,10-46-44
videos/process/process_escena5/w_0_10-46-44.jpg,w,10-46-44
videos/process/process_escena5/w_0_10-46-45.jpg,w,10-46-45
videos/process/process_escena5/w_0_10-46-45_2.jpg,w,10-46-45
videos/process/process_escena5/w_0_10-46-45_1.jpg,w,10-46-45
videos/process/process_escena5/w_0_10-46-46_2.jpg,w,10-46-46
videos/process/process_escena5/w_0_10-46-46_1.jpg,w,10-46-46
videos/process/process_escena5/w_0_10-46-46.jpg,w,10-46-46
videos/process/process_escena5/w_0_10-46-47_1.jpg,w,10-46-47
videos/process/process_escena5/w_0_10-46-47.jpg,w,10-46-47
videos/process/process_escena5/d+w_0_10-46-47.jpg,d+w,10-46-47
videos/process/process_escena5/w_0_10-46-48.jpg,w,10-46-48
videos/process/process_escena5/w_0_10-46-48_2.jpg,w,10-46-48
videos/process/process_escena5/w_0_10-46-48_1.jpg,w,10-46-48
videos/process/process_escena5/d+w_0_10-46-49.jpg,d+w,10-46-49
videos/process/process_escena5/d+w_0_10-46-49_1.jpg,d+w,10-46-49
videos/process/process_escena5/w_0_10-46-50_1.jpg,w,10-46-50
videos/process/process_escena5/w_0_10-46-50.jpg,w,10-46-50
videos/process/process_escena5/d+w_0_10-46-50.jpg,d+w,10-46-50
videos/process/process_escena5/w_0_10-46-51.jpg,w,10-46-51
videos/process/process_escena5/w_0_10-46-51_1.jpg,w,10-46-51
videos/process/process_escena5/w_0_10-46-51_2.jpg,w,10-46-51
videos/process/process_escena5/w_0_10-46-52_1.jpg,w,10-46-52
videos/process/process_escena5/w_0_10-46-52.jpg,w,10-46-52
videos/process/process_escena5/a_0_10-46-54.jpg,a,10-46-54
videos/process/process_escena5/a_0_10-46-54_1.jpg,a,10-46-54
videos/process/process_escena5/a+w_0_10-46-55.jpg,a+w,10-46-55
videos/process/process_escena5/w_0_10-46-55.jpg,w,10-46-55
videos/process/process_escena5/w_0_10-46-56.jpg,w,10-46-56
videos/process/process_escena5/w_0_10-46-56_2.jpg,w,10-46-56
videos/process/process_escena5/w_0_10-46-56_1.jpg,w,10-46-56
videos/process/process_escena5/w_0_10-46-57_2.jpg,w,10-46-57
videos/process/process_escena5/w_0_10-46-57_1.jpg,w,10-46-57
videos/process/process_escena5/w_0_10-46-57.jpg,w,10-46-57
videos/process/process_escena5/a_0_10-46-58.jpg,a,10-46-58
videos/process/process_escena5/a+w_0_10-46-58.jpg,a+w,10-46-58
videos/process/process_escena5/a+w_0_10-46-58_1.jpg,a+w,10-46-58
videos/process/process_escena5/w_0_10-46-59.jpg,w,10-46-59
videos/process/process_escena5/d+w_0_10-46-59.jpg,d+w,10-46-59
videos/process/process_escena5/d_0_10-46-59.jpg,d,10-46-59
videos/process/process_escena5/d+s_0_10-47-00.jpg,d+s,10-47-00
videos/process/process_escena5/d+s_0_10-47-00_1.jpg,d+s,10-47-00
videos/process/process_escena5/d_0_10-47-01.jpg,d,10-47-01
videos/process/process_escena5/a+w_0_10-47-01.jpg,a+w,10-47-01
videos/process/process_escena5/a+w_0_10-47-01_1.jpg,a+w,10-47-01
videos/process/process_escena5/w_0_10-47-02.jpg,w,10-47-02
videos/process/process_escena5/a+w_0_10-47-02.jpg,a+w,10-47-02
videos/process/process_escena5/a+w_0_10-47-02_1.jpg,a+w,10-47-02
videos/process/process_escena5/w_0_10-47-03.jpg,w,10-47-03
videos/process/process_escena5/a+w_0_10-47-03.jpg,a+w,10-47-03
videos/process/process_escena5/d+w_0_10-47-03.jpg,d+w,10-47-03
videos/process/process_escena5/a+w_0_10-47-04_1.jpg,a+w,10-47-04
videos/process/process_escena5/w_0_10-47-04.jpg,w,10-47-04
videos/process/process_escena5/a+w_0_10-47-04.jpg,a+w,10-47-04
videos/process/process_escena5/d+w_0_10-47-05.jpg,d+w,10-47-05
videos/process/process_escena5/d+w_0_10-47-05_1.jpg,d+w,10-47-05
videos/process/process_escena5/d+w_0_10-47-05_2.jpg,d+w,10-47-05
videos/process/process_escena5/d+w_0_10-47-06_2.jpg,d+w,10-47-06
videos/process/process_escena5/d+w_0_10-47-06.jpg,d+w,10-47-06
videos/process/process_escena5/d+w_0_10-47-06_1.jpg,d+w,10-47-06
videos/process/process_escena5/d+w_0_10-47-07.jpg,d+w,10-47-07
videos/process/process_escena5/d+w_0_10-47-07_1.jpg,d+w,10-47-07
videos/process/process_escena5/d+w_0_10-47-08.jpg,d+w,10-47-08
videos/process/process_escena5/w_0_10-47-08_1.jpg,w,10-47-08
videos/process/process_escena5/w_0_10-47-08.jpg,w,10-47-08
videos/process/process_escena5/w_0_10-47-09.jpg,w,10-47-09
videos/process/process_escena5/a+w_0_10-47-09.jpg,a+w,10-47-09
videos/process/process_escena5/w_0_10-47-09_1.jpg,w,10-47-09
videos/process/process_escena5/w_0_10-47-10_2.jpg,w,10-47-10
videos/process/process_escena5/w_0_10-47-10_1.jpg,w,10-47-10
videos/process/process_escena5/w_0_10-47-10.jpg,w,10-47-10
videos/process/process_escena5/w_0_10-47-11_2.jpg,w,10-47-11
videos/process/process_escena5/w_0_10-47-11.jpg,w,10-47-11
videos/process/process_escena5/w_0_10-47-11_1.jpg,w,10-47-11
videos/process/process_escena5/w_0_10-47-12.jpg,w,10-47-12
videos/process/process_escena5/w_0_10-47-12_2.jpg,w,10-47-12
videos/process/process_escena5/w_0_10-47-12_1.jpg,w,10-47-12
videos/process/process_escena5/w_0_10-47-13.jpg,w,10-47-13
videos/process/process_escena5/d+w_0_10-47-13.jpg,d+w,10-47-13
videos/process/process_escena5/d+w_0_10-47-13_1.jpg,d+w,10-47-13
videos/process/process_escena5/w_0_10-47-14.jpg,w,10-47-14
videos/process/process_escena5/a+w_0_10-47-14.jpg,a+w,10-47-14
videos/process/process_escena5/w_0_10-47-15.jpg,w,10-47-15
videos/process/process_escena5/a+w_0_10-47-15.jpg,a+w,10-47-15
videos/process/process_escena5/d+w_0_10-47-15.jpg,d+w,10-47-15
videos/process/process_escena5/w_0_10-47-16.jpg,w,10-47-16
videos/process/process_escena5/w_0_10-47-16_1.jpg,w,10-47-16
videos/process/process_escena5/a+w_0_10-47-16.jpg,a+w,10-47-16
videos/process/process_escena5/d+w_0_10-47-17.jpg,d+w,10-47-17
videos/process/process_escena5/w_0_10-47-17.jpg,w,10-47-17
videos/process/process_escena5/w_0_10-47-17_1.jpg,w,10-47-17
videos/process/process_escena5/w_0_10-47-18_2.jpg,w,10-47-18
videos/process/process_escena5/w_0_10-47-18.jpg,w,10-47-18
videos/process/process_escena5/w_0_10-47-18_1.jpg,w,10-47-18
videos/process/process_escena5/a+w_0_10-47-19.jpg,a+w,10-47-19
videos/process/process_escena5/d+w_0_10-47-19.jpg,d+w,10-47-19
videos/process/process_escena5/w_0_10-47-20_1.jpg,w,10-47-20
videos/process/process_escena5/w_0_10-47-20.jpg,w,10-47-20
videos/process/process_escena5/num8+w_0_10-47-20.jpg,num8+w,10-47-20
videos/process/process_escena5/w_0_10-47-21.jpg,w,10-47-21
videos/process/process_escena5/num8+w_0_10-47-21_1.jpg,num8+w,10-47-21
videos/process/process_escena5/num8+w_0_10-47-21.jpg,num8+w,10-47-21
videos/process/process_escena5/w_0_10-47-22_1.jpg,w,10-47-22
videos/process/process_escena5/w_0_10-47-22.jpg,w,10-47-22
videos/process/process_escena5/w_0_10-47-23.jpg,w,10-47-23
videos/process/process_escena5/w_0_10-47-23_2.jpg,w,10-47-23
videos/process/process_escena5/w_0_10-47-23_1.jpg,w,10-47-23
videos/process/process_escena5/w_0_10-47-24_1.jpg,w,10-47-24
videos/process/process_escena5/w_0_10-47-24.jpg,w,10-47-24
videos/process/process_escena5/w_0_10-47-24_2.jpg,w,10-47-24
videos/process/process_escena5/s_0_10-47-25.jpg,s,10-47-25
videos/process/process_escena5/s_0_10-47-25_1.jpg,s,10-47-25
videos/process/process_escena5/d_0_10-47-25.jpg,d,10-47-25
videos/process/process_escena5/d_0_10-47-26_1.jpg,d,10-47-26
videos/process/process_escena5/d_0_10-47-26.jpg,d,10-47-26
videos/process/process_escena5/a+w_0_10-47-27.jpg,a+w,10-47-27
videos/process/process_escena5/w_0_10-47-27.jpg,w,10-47-27
videos/process/process_escena5/d+w_0_10-47-27.jpg,d+w,10-47-27
videos/process/process_escena5/w_0_10-47-28.jpg,w,10-47-28
videos/process/process_escena5/w_0_10-47-28_1.jpg,w,10-47-28
videos/process/process_escena5/w_0_10-47-28_2.jpg,w,10-47-28
videos/process/process_escena5/w_0_10-47-29_2.jpg,w,10-47-29
videos/process/process_escena5/w_0_10-47-29.jpg,w,10-47-29
videos/process/process_escena5/w_0_10-47-29_1.jpg,w,10-47-29
videos/process/process_escena5/a+s_0_10-47-30.jpg,a+s,10-47-30
videos/process/process_escena5/d+s_0_10-47-30.jpg,d+s,10-47-30
videos/process/process_escena5/d_0_10-47-31_1.jpg,d,10-47-31
videos/process/process_escena5/d_0_10-47-31.jpg,d,10-47-31
videos/process/process_escena5/d_0_10-47-32_1.jpg,d,10-47-32
videos/process/process_escena5/d_0_10-47-32.jpg,d,10-47-32
videos/process/process_escena5/d_0_10-47-32_2.jpg,d,10-47-32
videos/process/process_escena5/w_0_10-47-33.jpg,w,10-47-33
videos/process/process_escena5/w_0_10-47-33_1.jpg,w,10-47-33
videos/process/process_escena5/a_0_10-47-33.jpg,a,10-47-33
videos/process/process_escena5/s_0_10-47-34.jpg,s,10-47-34
videos/process/process_escena5/s_0_10-47-34_1.jpg,s,10-47-34
videos/process/process_escena5/f_0_10-47-35.jpg,f,10-47-35
videos/process/process_escena5/s_0_10-47-35.jpg,s,10-47-35
videos/process/process_escena5/a_0_10-47-37_1.jpg,a,10-47-37
videos/process/process_escena5/a_0_10-47-37_2.jpg,a,10-47-37
videos/process/process_escena5/a_0_10-47-37.jpg,a,10-47-37
videos/process/process_escena5/a+w_0_10-47-38.jpg,a+w,10-47-38
videos/process/process_escena5/a+w_0_10-47-38_1.jpg,a+w,10-47-38
videos/process/process_escena5/a+w_0_10-47-39.jpg,a+w,10-47-39
videos/process/process_escena5/w_0_10-47-39.jpg,w,10-47-39
videos/process/process_escena5/a+w_0_10-47-39_1.jpg,a+w,10-47-39
videos/process/process_escena5/w_0_10-47-40_1.jpg,w,10-47-40
videos/process/process_escena5/w_0_10-47-40.jpg,w,10-47-40
videos/process/process_escena5/w_0_10-47-40_2.jpg,w,10-47-40
videos/process/process_escena5/a+w_0_10-47-41_1.jpg,a+w,10-47-41
videos/process/process_escena5/a+w_0_10-47-41.jpg,a+w,10-47-41
videos/process/process_escena5/w_0_10-47-41.jpg,w,10-47-41
videos/process/process_escena5/a+w_0_10-47-42_1.jpg,a+w,10-47-42
videos/process/process_escena5/a+w_0_10-47-42_2.jpg,a+w,10-47-42
videos/process/process_escena5/a+w_0_10-47-42.jpg,a+w,10-47-42
videos/process/process_escena5/w_0_10-47-43_2.jpg,w,10-47-43
videos/process/process_escena5/w_0_10-47-43_1.jpg,w,10-47-43
videos/process/process_escena5/w_0_10-47-43.jpg,w,10-47-43
videos/process/process_escena5/w_0_10-47-44.jpg,w,10-47-44
videos/process/process_escena5/w_0_10-47-44_1.jpg,w,10-47-44
videos/process/process_escena5/w_0_10-47-52.jpg,w,10-47-52
videos/process/process_escena5/w_0_10-47-57_1.jpg,w,10-47-57
videos/process/process_escena5/w_0_10-47-57_2.jpg,w,10-47-57
videos/process/process_escena5/w_0_10-47-57.jpg,w,10-47-57
videos/process/process_escena5/w_0_10-47-58_2.jpg,w,10-47-58
videos/process/process_escena5/w_0_10-47-58_1.jpg,w,10-47-58
videos/process/process_escena5/w_0_10-47-58.jpg,w,10-47-58
videos/process/process_escena5/a+w_0_10-47-59_1.jpg,a+w,10-47-59
videos/process/process_escena5/a+w_0_10-47-59_2.jpg,a+w,10-47-59
videos/process/process_escena5/a+w_0_10-47-59.jpg,a+w,10-47-59
videos/process/process_escena5/a+w_0_10-48-00_1.jpg,a+w,10-48-00
videos/process/process_escena5/a+w_0_10-48-00.jpg,a+w,10-48-00
videos/process/process_escena5/w_0_10-48-00.jpg,w,10-48-00
videos/process/process_escena5/w_0_10-48-01.jpg,w,10-48-01
videos/process/process_escena5/w_0_10-48-01_1.jpg,w,10-48-01
videos/process/process_escena5/w_0_10-48-02.jpg,w,10-48-02
videos/process/process_escena5/w_0_10-48-02_2.jpg,w,10-48-02
videos/process/process_escena5/w_0_10-48-02_1.jpg,w,10-48-02
videos/process/process_escena5/shift+w_0_10-48-03_2.jpg,shift+w,10-48-03
videos/process/process_escena5/shift+w_0_10-48-03_1.jpg,shift+w,10-48-03
videos/process/process_escena5/shift+w_0_10-48-03.jpg,shift+w,10-48-03
videos/process/process_escena5/shift+w_0_10-48-04_2.jpg,shift+w,10-48-04
videos/process/process_escena5/shift+w_0_10-48-04.jpg,shift+w,10-48-04
videos/process/process_escena5/shift+w_0_10-48-04_1.jpg,shift+w,10-48-04
videos/process/process_escena5/shift+w_0_10-48-05_1.jpg,shift+w,10-48-05
videos/process/process_escena5/shift+w_0_10-48-05.jpg,shift+w,10-48-05
videos/process/process_escena5/shift+w_0_10-48-06_2.jpg,shift+w,10-48-06
videos/process/process_escena5/shift+w_0_10-48-06.jpg,shift+w,10-48-06
videos/process/process_escena5/shift+w_0_10-48-06_1.jpg,shift+w,10-48-06
videos/process/process_escena5/d_0_10-48-07.jpg,d,10-48-07
videos/process/process_escena5/shift+w_0_10-48-07.jpg,shift+w,10-48-07
videos/process/process_escena5/d_0_10-48-08_2.jpg,d,10-48-08
videos/process/process_escena5/d_0_10-48-08.jpg,d,10-48-08
videos/process/process_escena5/d_0_10-48-08_1.jpg,d,10-48-08
videos/process/process_escena5/d+s_0_10-48-09.jpg,d+s,10-48-09
videos/process/process_escena5/s_0_10-48-10.jpg,s,10-48-10
videos/process/process_escena5/a_0_10-48-10.jpg,a,10-48-10
videos/process/process_escena5/a_0_10-48-10_1.jpg,a,10-48-10
videos/process/process_escena5/e_0_10-48-11.jpg,e,10-48-11
videos/process/process_escena5/d+s_0_10-48-11.jpg,d+s,10-48-11
videos/process/process_escena5/s_0_10-49-06.jpg,s,10-49-06
videos/process/process_escena5/d_0_10-49-06.jpg,d,10-49-06
videos/process/process_escena5/s_0_10-49-07.jpg,s,10-49-07
videos/process/process_escena5/s_0_10-49-07_1.jpg,s,10-49-07
videos/process/process_escena5/w_0_10-49-10.jpg,w,10-49-10
videos/process/process_escena5/d+w_0_10-49-10.jpg,d+w,10-49-10
videos/process/process_escena5/w_0_10-49-11.jpg,w,10-49-11
videos/process/process_escena5/d+w_0_10-49-11_1.jpg,d+w,10-49-11
videos/process/process_escena5/d+w_0_10-49-11.jpg,d+w,10-49-11
videos/process/process_escena5/w_0_10-49-12_2.jpg,w,10-49-12
videos/process/process_escena5/w_0_10-49-12_1.jpg,w,10-49-12
videos/process/process_escena5/w_0_10-49-12.jpg,w,10-49-12
videos/process/process_escena5/w_0_10-49-13_1.jpg,w,10-49-13
videos/process/process_escena5/w_0_10-49-13.jpg,w,10-49-13
videos/process/process_escena5/shift+w_0_10-49-13.jpg,shift+w,10-49-13
videos/process/process_escena5/shift+w_0_10-49-14_1.jpg,shift+w,10-49-14
videos/process/process_escena5/shift+w_0_10-49-14_2.jpg,shift+w,10-49-14
videos/process/process_escena5/shift+w_0_10-49-14.jpg,shift+w,10-49-14
videos/process/process_escena5/shift+w_0_10-49-15_1.jpg,shift+w,10-49-15
videos/process/process_escena5/shift+w_0_10-49-15.jpg,shift+w,10-49-15
videos/process/process_escena5/shift+w_0_10-49-15_2.jpg,shift+w,10-49-15
videos/process/process_escena5/shift+w_0_10-49-16_1.jpg,shift+w,10-49-16
videos/process/process_escena5/shift+w_0_10-49-16.jpg,shift+w,10-49-16
videos/process/process_escena5/shift+w_0_10-49-16_2.jpg,shift+w,10-49-16
videos/process/process_escena5/shift+w_0_10-49-17.jpg,shift+w,10-49-17
videos/process/process_escena5/shift+w_0_10-49-17_1.jpg,shift+w,10-49-17
videos/process/process_escena5/shift+w_0_10-49-17_2.jpg,shift+w,10-49-17
videos/process/process_escena5/w_0_10-49-18.jpg,w,10-49-18
videos/process/process_escena5/shift+w_0_10-49-18.jpg,shift+w,10-49-18
videos/process/process_escena5/f_0_10-49-19.jpg,f,10-49-19
videos/process/process_escena5/enter_0_10-49-30.jpg,enter,10-49-30
videos/process/process_escena5/enter_0_10-49-31.jpg,enter,10-49-31
videos/process/process_escena5/down_0_10-49-31.jpg,down,10-49-31
videos/process/process_escena5/down_0_10-49-35.jpg,down,10-49-35
videos/process/process_escena5/down_0_10-49-35_1.jpg,down,10-49-35
videos/process/process_escena5/down_0_10-49-35_2.jpg,down,10-49-35
videos/process/process_escena5/down_0_10-49-36_1.jpg,down,10-49-36
videos/process/process_escena5/down_0_10-49-36.jpg,down,10-49-36
videos/process/process_escena5/down_0_10-49-37.jpg,down,10-49-37
videos/process/process_escena5/down_0_10-49-37_1.jpg,down,10-49-37
videos/process/process_escena5/down_0_10-49-38.jpg,down,10-49-38
videos/process/process_escena5/down_0_10-49-38_1.jpg,down,10-49-38
videos/process/process_escena5/down_0_10-49-39_1.jpg,down,10-49-39
videos/process/process_escena5/down_0_10-49-39.jpg,down,10-49-39
videos/process/process_escena5/down_0_10-49-40.jpg,down,10-49-40
videos/process/process_escena5/down_0_10-49-40_1.jpg,down,10-49-40
videos/process/process_escena5/down_0_10-49-41_1.jpg,down,10-49-41
videos/process/process_escena5/down_0_10-49-41.jpg,down,10-49-41
videos/process/process_escena5/down_0_10-49-42_1.jpg,down,10-49-42
videos/process/process_escena5/down_0_10-49-42.jpg,down,10-49-42
videos/process/process_escena5/down_0_10-49-43.jpg,down,10-49-43
videos/process/process_escena5/down_0_10-49-43_1.jpg,down,10-49-43
videos/process/process_escena5/down_0_10-49-44_1.jpg,down,10-49-44
videos/process/process_escena5/down_0_10-49-44_2.jpg,down,10-49-44
videos/process/process_escena5/down_0_10-49-44.jpg,down,10-49-44
videos/process/process_escena5/down_0_10-49-45.jpg,down,10-49-45
videos/process/process_escena5/down_0_10-49-45_1.jpg,down,10-49-45
videos/process/process_escena5/down_0_10-49-46_1.jpg,down,10-49-46
videos/process/process_escena5/down_0_10-49-46.jpg,down,10-49-46
videos/process/process_escena5/down_0_10-49-47.jpg,down,10-49-47
videos/process/process_escena5/down_0_10-49-47_1.jpg,down,10-49-47
videos/process/process_escena5/down_0_10-49-49.jpg,down,10-49-49
videos/process/process_escena5/down_0_10-49-49_1.jpg,down,10-49-49
videos/process/process_escena5/down_0_10-49-51.jpg,down,10-49-51
videos/process/process_escena5/down_0_10-49-55.jpg,down,10-49-55
videos/process/process_escena5/up_0_10-49-58.jpg,up,10-49-58
videos/process/process_escena5/down_0_10-50-01.jpg,down,10-50-01
videos/process/process_escena5/down_0_10-50-05.jpg,down,10-50-05
videos/process/process_escena5/esc_0_10-50-08.jpg,esc,10-50-08
videos/process/process_escena5/down_0_10-50-09.jpg,down,10-50-09
videos/process/process_escena5/down_0_10-50-14.jpg,down,10-50-14
videos/process/process_escena5/down_0_10-50-17_1.jpg,down,10-50-17
videos/process/process_escena5/down_0_10-50-17.jpg,down,10-50-17
videos/process/process_escena5/down_0_10-50-18.jpg,down,10-50-18
videos/process/process_escena5/down_0_10-50-19.jpg,down,10-50-19
videos/process/process_escena5/down_0_10-50-20.jpg,down,10-50-20
videos/process/process_escena5/down_0_10-50-21.jpg,down,10-50-21
videos/process/process_escena5/enter_0_10-50-21.jpg,enter,10-50-21
videos/process/process_escena5/down_0_10-50-22.jpg,down,10-50-22
videos/process/process_escena5/enter_0_10-50-24.jpg,enter,10-50-24
videos/process/process_escena5/up_0_10-50-27_1.jpg,up,10-50-27
videos/process/process_escena5/up_0_10-50-27.jpg,up,10-50-27
videos/process/process_escena5/down_0_10-50-29_1.jpg,down,10-50-29
videos/process/process_escena5/down_0_10-50-29.jpg,down,10-50-29
videos/process/process_escena5/up_0_10-50-30.jpg,up,10-50-30
videos/process/process_escena5/down_0_10-50-30.jpg,down,10-50-30
videos/process/process_escena5/down_0_10-50-34.jpg,down,10-50-34
videos/process/process_escena5/down_0_10-50-39.jpg,down,10-50-39
videos/process/process_escena5/down_0_10-50-39_1.jpg,down,10-50-39
videos/process/process_escena5/down_0_10-50-40_1.jpg,down,10-50-40
videos/process/process_escena5/down_0_10-50-40.jpg,down,10-50-40
videos/process/process_escena5/up_0_10-50-40.jpg,up,10-50-40
videos/process/process_escena5/down_0_10-50-41.jpg,down,10-50-41
videos/process/process_escena5/up_0_10-50-42.jpg,up,10-50-42
videos/process/process_escena5/down_0_10-50-42.jpg,down,10-50-42
videos/process/process_escena5/enter_0_10-50-43.jpg,enter,10-50-43
videos/process/process_escena5/esc_0_10-50-44.jpg,esc,10-50-44
videos/process/process_escena5/esc_0_10-50-45.jpg,esc,10-50-45
videos/process/process_escena5/w_0_10-50-57.jpg,w,10-50-57
videos/process/process_escena5/w_0_10-50-57_1.jpg,w,10-50-57
videos/process/process_escena5/w_0_10-50-58_1.jpg,w,10-50-58
videos/process/process_escena5/w_0_10-50-58.jpg,w,10-50-58
videos/process/process_escena5/w_0_10-50-59.jpg,w,10-50-59
videos/process/process_escena5/d+w_0_10-50-59.jpg,d+w,10-50-59
videos/process/process_escena5/w_0_10-50-59_1.jpg,w,10-50-59
videos/process/process_escena5/d+w_0_10-51-00.jpg,d+w,10-51-00
videos/process/process_escena5/d_0_10-51-00.jpg,d,10-51-00
videos/process/process_escena5/d+w_0_10-51-01.jpg,d+w,10-51-01
videos/process/process_escena5/d+s_0_10-51-01.jpg,d+s,10-51-01
videos/process/process_escena5/d+s_0_10-51-01_1.jpg,d+s,10-51-01
videos/process/process_escena5/w_0_10-51-02.jpg,w,10-51-02
videos/process/process_escena5/w_0_10-51-02_1.jpg,w,10-51-02
videos/process/process_escena5/w_0_10-51-02_2.jpg,w,10-51-02
videos/process/process_escena5/num5+w_0_10-51-03.jpg,num5+w,10-51-03
videos/process/process_escena5/w_0_10-51-03.jpg,w,10-51-03
videos/process/process_escena5/num5+w_0_10-51-04_1.jpg,num5+w,10-51-04
videos/process/process_escena5/num5+w_0_10-51-04.jpg,num5+w,10-51-04
videos/process/process_escena5/a+w_0_10-51-04.jpg,a+w,10-51-04
videos/process/process_escena5/num5+w_0_10-51-05.jpg,num5+w,10-51-05
videos/process/process_escena5/num5+w_0_10-51-05_1.jpg,num5+w,10-51-05
videos/process/process_escena5/a_0_10-51-06.jpg,a,10-51-06
videos/process/process_escena5/a_0_10-51-06_1.jpg,a,10-51-06
videos/process/process_escena5/a+w_0_10-51-06.jpg,a+w,10-51-06
videos/process/process_escena5/w_0_10-51-07.jpg,w,10-51-07
videos/process/process_escena5/a+w_0_10-51-07.jpg,a+w,10-51-07
videos/process/process_escena5/num5+w_0_10-51-08.jpg,num5+w,10-51-08
videos/process/process_escena5/a+w_0_10-51-08.jpg,a+w,10-51-08
videos/process/process_escena5/d+w_0_10-51-08.jpg,d+w,10-51-08
videos/process/process_escena5/num5+w_0_10-51-09_2.jpg,num5+w,10-51-09
videos/process/process_escena5/num5+w_0_10-51-09_1.jpg,num5+w,10-51-09
videos/process/process_escena5/num5+w_0_10-51-09.jpg,num5+w,10-51-09
videos/process/process_escena5/w_0_10-51-10.jpg,w,10-51-10
videos/process/process_escena5/num5+w_0_10-51-10.jpg,num5+w,10-51-10
videos/process/process_escena5/num5+w_0_10-51-10_1.jpg,num5+w,10-51-10
videos/process/process_escena5/w_0_10-51-11_1.jpg,w,10-51-11
videos/process/process_escena5/w_0_10-51-11.jpg,w,10-51-11
videos/process/process_escena5/w_0_10-51-12.jpg,w,10-51-12
videos/process/process_escena5/d_0_10-51-13.jpg,d,10-51-13
videos/process/process_escena5/d+w_0_10-51-14.jpg,d+w,10-51-14
videos/process/process_escena5/w_0_10-51-14_1.jpg,w,10-51-14
videos/process/process_escena5/w_0_10-51-14.jpg,w,10-51-14
videos/process/process_escena5/a+w_0_10-51-15.jpg,a+w,10-51-15
videos/process/process_escena5/a+w_0_10-51-15_1.jpg,a+w,10-51-15
videos/process/process_escena5/w_0_10-51-15.jpg,w,10-51-15
videos/process/process_escena5/w_0_10-51-16.jpg,w,10-51-16
videos/process/process_escena5/a+w_0_10-51-16.jpg,a+w,10-51-16
videos/process/process_escena5/a+w_0_10-51-16_1.jpg,a+w,10-51-16
videos/process/process_escena5/e+w_0_10-51-17.jpg,e+w,10-51-17
videos/process/process_escena5/w_0_10-51-17.jpg,w,10-51-17
videos/process/process_escena5/w_0_10-51-17_1.jpg,w,10-51-17
videos/process/process_escena5/w_0_10-51-18.jpg,w,10-51-18
videos/process/process_escena5/a+w_0_10-51-18.jpg,a+w,10-51-18
videos/process/process_escena5/w_0_10-51-18_1.jpg,w,10-51-18
videos/process/process_escena5/d+w_0_10-51-19.jpg,d+w,10-51-19
videos/process/process_escena5/a+w_0_10-51-19.jpg,a+w,10-51-19
videos/process/process_escena5/d+w_0_10-51-20_1.jpg,d+w,10-51-20
videos/process/process_escena5/a+w_0_10-51-20.jpg,a+w,10-51-20
videos/process/process_escena5/d+w_0_10-51-20.jpg,d+w,10-51-20
videos/process/process_escena5/w_0_10-51-21.jpg,w,10-51-21
videos/process/process_escena5/a+d+w_0_10-51-21.jpg,a+d+w,10-51-21
videos/process/process_escena5/w_0_10-51-21_1.jpg,w,10-51-21
videos/process/process_escena5/w_0_10-51-22.jpg,w,10-51-22
videos/process/process_escena5/w_0_10-51-22_2.jpg,w,10-51-22
videos/process/process_escena5/w_0_10-51-22_1.jpg,w,10-51-22
videos/process/process_escena5/e+w_0_10-51-23.jpg,e+w,10-51-23
videos/process/process_escena5/w_0_10-51-23_1.jpg,w,10-51-23
videos/process/process_escena5/w_0_10-51-23.jpg,w,10-51-23
videos/process/process_escena5/e+w_0_10-51-24.jpg,e+w,10-51-24
videos/process/process_escena5/e+w_0_10-51-24_2.jpg,e+w,10-51-24
videos/process/process_escena5/e+w_0_10-51-24_1.jpg,e+w,10-51-24
videos/process/process_escena5/e+w_0_10-51-25_1.jpg,e+w,10-51-25
videos/process/process_escena5/e+w_0_10-51-25.jpg,e+w,10-51-25
videos/process/process_escena5/w_0_10-51-26_1.jpg,w,10-51-26
videos/process/process_escena5/w_0_10-51-26.jpg,w,10-51-26
videos/process/process_escena5/a+w_0_10-51-26.jpg,a+w,10-51-26
videos/process/process_escena5/w_0_10-51-27_1.jpg,w,10-51-27
videos/process/process_escena5/w_0_10-51-27.jpg,w,10-51-27
videos/process/process_escena5/w_0_10-51-27_2.jpg,w,10-51-27
videos/process/process_escena5/e+w_0_10-51-28_1.jpg,e+w,10-51-28
videos/process/process_escena5/a+w_0_10-51-28.jpg,a+w,10-51-28
videos/process/process_escena5/e+w_0_10-51-28.jpg,e+w,10-51-28
videos/process/process_escena5/s_0_10-51-29.jpg,s,10-51-29
videos/process/process_escena5/w_0_10-51-29.jpg,w,10-51-29
videos/process/process_escena5/e+w_0_10-51-29.jpg,e+w,10-51-29
videos/process/process_escena5/s_0_10-51-30.jpg,s,10-51-30
videos/process/process_escena5/a_0_10-51-30.jpg,a,10-51-30
videos/process/process_escena5/a_0_10-51-31.jpg,a,10-51-31
videos/process/process_escena5/w_0_10-51-31.jpg,w,10-51-31
videos/process/process_escena5/w_0_10-51-32_2.jpg,w,10-51-32
videos/process/process_escena5/w_0_10-51-32_1.jpg,w,10-51-32
videos/process/process_escena5/w_0_10-51-32.jpg,w,10-51-32
videos/process/process_escena5/e+w_0_10-51-33_1.jpg,e+w,10-51-33
videos/process/process_escena5/e+w_0_10-51-33.jpg,e+w,10-51-33
videos/process/process_escena5/e+w_0_10-51-33_2.jpg,e+w,10-51-33
videos/process/process_escena5/e+w_0_10-51-34_1.jpg,e+w,10-51-34
videos/process/process_escena5/e+w_0_10-51-34.jpg,e+w,10-51-34
videos/process/process_escena5/w_0_10-51-34.jpg,w,10-51-34
videos/process/process_escena5/w_0_10-51-35_2.jpg,w,10-51-35
videos/process/process_escena5/w_0_10-51-35.jpg,w,10-51-35
videos/process/process_escena5/w_0_10-51-35_1.jpg,w,10-51-35
videos/process/process_escena5/w_0_10-51-36_1.jpg,w,10-51-36
videos/process/process_escena5/w_0_10-51-36.jpg,w,10-51-36
videos/process/process_escena5/d+w_0_10-51-36.jpg,d+w,10-51-36
videos/process/process_escena5/w_0_10-51-37_1.jpg,w,10-51-37
videos/process/process_escena5/w_0_10-51-37.jpg,w,10-51-37
videos/process/process_escena5/a+w_0_10-51-38.jpg,a+w,10-51-38
videos/process/process_escena5/w_0_10-51-38.jpg,w,10-51-38
videos/process/process_escena5/d+w_0_10-51-38.jpg,d+w,10-51-38
videos/process/process_escena5/d+w_0_10-51-39.jpg,d+w,10-51-39
videos/process/process_escena5/w_0_10-51-39.jpg,w,10-51-39
videos/process/process_escena5/w_0_10-51-39_1.jpg,w,10-51-39
videos/process/process_escena5/w_0_10-51-40.jpg,w,10-51-40
videos/process/process_escena5/e+w_0_10-51-40.jpg,e+w,10-51-40
videos/process/process_escena5/w_0_10-51-40_1.jpg,w,10-51-40
videos/process/process_escena5/w_0_10-51-41.jpg,w,10-51-41
videos/process/process_escena5/a+e+w_0_10-51-41.jpg,a+e+w,10-51-41
videos/process/process_escena5/a+w_0_10-51-41.jpg,a+w,10-51-41
videos/process/process_escena5/w_0_10-51-42.jpg,w,10-51-42
videos/process/process_escena5/a+w_0_10-51-42.jpg,a+w,10-51-42
videos/process/process_escena5/w_0_10-51-42_1.jpg,w,10-51-42
videos/process/process_escena5/a+w_0_10-51-43.jpg,a+w,10-51-43
videos/process/process_escena5/w_0_10-51-43.jpg,w,10-51-43
videos/process/process_escena5/e+w_0_10-51-44_2.jpg,e+w,10-51-44
videos/process/process_escena5/e+w_0_10-51-44.jpg,e+w,10-51-44
videos/process/process_escena5/e+w_0_10-51-44_1.jpg,e+w,10-51-44
videos/process/process_escena5/w_0_10-51-45_1.jpg,w,10-51-45
videos/process/process_escena5/a+w_0_10-51-45.jpg,a+w,10-51-45
videos/process/process_escena5/w_0_10-51-45.jpg,w,10-51-45
videos/process/process_escena5/e+w_0_10-51-46.jpg,e+w,10-51-46
videos/process/process_escena5/w_0_10-51-46.jpg,w,10-51-46
videos/process/process_escena5/a+e+w_0_10-51-46.jpg,a+e+w,10-51-46
videos/process/process_escena5/a+e+w_0_10-51-47.jpg,a+e+w,10-51-47
videos/process/process_escena5/e+w_0_10-51-47_1.jpg,e+w,10-51-47
videos/process/process_escena5/e+w_0_10-51-47.jpg,e+w,10-51-47
videos/process/process_escena5/e+w_0_10-51-48.jpg,e+w,10-51-48
videos/process/process_escena5/e+w_0_10-51-48_1.jpg,e+w,10-51-48
videos/process/process_escena5/w_0_10-51-49.jpg,w,10-51-49
videos/process/process_escena5/w_0_10-51-49_1.jpg,w,10-51-49
videos/process/process_escena5/e+w_0_10-51-49.jpg,e+w,10-51-49
videos/process/process_escena5/a+w_0_10-51-50.jpg,a+w,10-51-50
videos/process/process_escena5/w_0_10-51-50.jpg,w,10-51-50
videos/process/process_escena5/w_0_10-51-50_1.jpg,w,10-51-50
videos/process/process_escena5/w_0_10-51-51.jpg,w,10-51-51
videos/process/process_escena5/a+w_0_10-51-51.jpg,a+w,10-51-51
videos/process/process_escena5/a+w_0_10-51-51_1.jpg,a+w,10-51-51
videos/process/process_escena5/a+w_0_10-51-52.jpg,a+w,10-51-52
videos/process/process_escena5/w_0_10-51-52.jpg,w,10-51-52
videos/process/process_escena5/w_0_10-51-52_1.jpg,w,10-51-52
videos/process/process_escena5/w_0_10-51-53_2.jpg,w,10-51-53
videos/process/process_escena5/w_0_10-51-53.jpg,w,10-51-53
videos/process/process_escena5/w_0_10-51-53_1.jpg,w,10-51-53
videos/process/process_escena5/e+w_0_10-51-54.jpg,e+w,10-51-54
videos/process/process_escena5/w_0_10-51-54.jpg,w,10-51-54
videos/process/process_escena5/w_0_10-51-54_1.jpg,w,10-51-54
videos/process/process_escena5/w_0_10-51-55.jpg,w,10-51-55
videos/process/process_escena5/w_0_10-51-55_1.jpg,w,10-51-55
videos/process/process_escena5/d+w_0_10-51-56.jpg,d+w,10-51-56
videos/process/process_escena5/w_0_10-51-56_1.jpg,w,10-51-56
videos/process/process_escena5/w_0_10-51-56.jpg,w,10-51-56
videos/process/process_escena5/d+w_0_10-51-57.jpg,d+w,10-51-57
videos/process/process_escena5/w_0_10-51-57.jpg,w,10-51-57
videos/process/process_escena5/e+w_0_10-51-57.jpg,e+w,10-51-57
videos/process/process_escena5/w_0_10-51-58_1.jpg,w,10-51-58
videos/process/process_escena5/a+w_0_10-51-58.jpg,a+w,10-51-58
videos/process/process_escena5/w_0_10-51-58.jpg,w,10-51-58
videos/process/process_escena5/e+w_0_10-51-59.jpg,e+w,10-51-59
videos/process/process_escena5/w_0_10-51-59.jpg,w,10-51-59
videos/process/process_escena5/e+w_0_10-51-59_1.jpg,e+w,10-51-59
videos/process/process_escena5/s_0_10-52-00.jpg,s,10-52-00
videos/process/process_escena5/d+w_0_10-52-00.jpg,d+w,10-52-00
videos/process/process_escena5/e+w_0_10-52-00.jpg,e+w,10-52-00
videos/process/process_escena5/d+s_0_10-52-01.jpg,d+s,10-52-01
videos/process/process_escena5/s_0_10-52-01_1.jpg,s,10-52-01
videos/process/process_escena5/s_0_10-52-01.jpg,s,10-52-01
videos/process/process_escena5/d+w_0_10-52-02.jpg,d+w,10-52-02
videos/process/process_escena5/w_0_10-52-02.jpg,w,10-52-02
videos/process/process_escena5/w_0_10-52-03_2.jpg,w,10-52-03
videos/process/process_escena5/w_0_10-52-03_1.jpg,w,10-52-03
videos/process/process_escena5/w_0_10-52-03.jpg,w,10-52-03
videos/process/process_escena5/a+w_0_10-52-04.jpg,a+w,10-52-04
videos/process/process_escena5/w_0_10-52-04_1.jpg,w,10-52-04
videos/process/process_escena5/w_0_10-52-04.jpg,w,10-52-04
videos/process/process_escena5/d+w_0_10-52-05_2.jpg,d+w,10-52-05
videos/process/process_escena5/d+w_0_10-52-05_1.jpg,d+w,10-52-05
videos/process/process_escena5/d+w_0_10-52-05.jpg,d+w,10-52-05
videos/process/process_escena5/a+w_0_10-52-06.jpg,a+w,10-52-06
videos/process/process_escena5/w_0_10-52-06.jpg,w,10-52-06
videos/process/process_escena5/a_0_10-52-07.jpg,a,10-52-07
videos/process/process_escena5/w_0_10-52-20.jpg,w,10-52-20
videos/process/process_escena5/d+w_0_10-52-21_1.jpg,d+w,10-52-21
videos/process/process_escena5/w_0_10-52-21.jpg,w,10-52-21
videos/process/process_escena5/d+w_0_10-52-21.jpg,d+w,10-52-21
videos/process/process_escena5/d+w_0_10-52-22.jpg,d+w,10-52-22
videos/process/process_escena5/d_0_10-52-22.jpg,d,10-52-22
videos/process/process_escena5/a+w_0_10-52-23.jpg,a+w,10-52-23
videos/process/process_escena5/s_0_10-52-23.jpg,s,10-52-23
videos/process/process_escena5/a_0_10-52-23.jpg,a,10-52-23
videos/process/process_escena5/enter_0_10-52-24.jpg,enter,10-52-24
videos/process/process_escena5/d_0_10-52-24.jpg,d,10-52-24
videos/process/process_escena5/enter_0_10-52-26.jpg,enter,10-52-26
videos/process/process_escena5/up_0_10-52-29.jpg,up,10-52-29
videos/process/process_escena5/up_0_10-52-30.jpg,up,10-52-30
videos/process/process_escena5/d+w_0_10-52-31_2.jpg,d+w,10-52-31
videos/process/process_escena5/d+w_0_10-52-31_1.jpg,d+w,10-52-31
videos/process/process_escena5/d+w_0_10-52-31.jpg,d+w,10-52-31
videos/process/process_escena5/d+w_0_10-52-32_1.jpg,d+w,10-52-32
videos/process/process_escena5/d+w_0_10-52-32.jpg,d+w,10-52-32
videos/process/process_escena5/d+w_0_10-52-32_2.jpg,d+w,10-52-32
videos/process/process_escena5/d+w_0_10-52-33_2.jpg,d+w,10-52-33
videos/process/process_escena5/d+w_0_10-52-33.jpg,d+w,10-52-33
videos/process/process_escena5/d+w_0_10-52-33_1.jpg,d+w,10-52-33
videos/process/process_escena5/enter+w_0_10-52-34.jpg,enter+w,10-52-34
videos/process/process_escena5/w_0_10-52-34.jpg,w,10-52-34
videos/process/process_escena5/w_0_10-52-35.jpg,w,10-52-35
videos/process/process_escena5/w_0_10-52-35_2.jpg,w,10-52-35
videos/process/process_escena5/w_0_10-52-35_1.jpg,w,10-52-35
videos/process/process_escena5/down+w_0_10-52-36.jpg,down+w,10-52-36
videos/process/process_escena5/down+w_0_10-52-36_1.jpg,down+w,10-52-36
videos/process/process_escena5/down+w_0_10-52-36_2.jpg,down+w,10-52-36
videos/process/process_escena5/down+w_0_10-52-37.jpg,down+w,10-52-37
videos/process/process_escena5/down_0_10-52-38.jpg,down,10-52-38
videos/process/process_escena5/down_0_10-52-38_1.jpg,down,10-52-38
videos/process/process_escena5/down_0_10-52-39.jpg,down,10-52-39
videos/process/process_escena5/down_0_10-52-40_1.jpg,down,10-52-40
videos/process/process_escena5/down_0_10-52-40.jpg,down,10-52-40
videos/process/process_escena5/up_0_10-52-41.jpg,up,10-52-41
videos/process/process_escena5/up_0_10-52-41_1.jpg,up,10-52-41
videos/process/process_escena5/d_0_10-52-43_1.jpg,d,10-52-43
videos/process/process_escena5/d_0_10-52-43_2.jpg,d,10-52-43
videos/process/process_escena5/d_0_10-52-43.jpg,d,10-52-43
videos/process/process_escena5/s_0_10-52-44_1.jpg,s,10-52-44
videos/process/process_escena5/s_0_10-52-44.jpg,s,10-52-44
videos/process/process_escena5/a_0_10-52-45_1.jpg,a,10-52-45
videos/process/process_escena5/a_0_10-52-45.jpg,a,10-52-45
videos/process/process_escena5/d_0_10-52-46.jpg,d,10-52-46
videos/process/process_escena5/a_0_10-52-46.jpg,a,10-52-46
videos/process/process_escena5/d_0_10-52-46_1.jpg,d,10-52-46
videos/process/process_escena5/a_0_10-52-47.jpg,a,10-52-47
videos/process/process_escena5/a_0_10-52-47_1.jpg,a,10-52-47
videos/process/process_escena5/d_0_10-52-49.jpg,d,10-52-49
videos/process/process_escena5/d_0_10-52-49_1.jpg,d,10-52-49
videos/process/process_escena5/d_0_10-52-50_1.jpg,d,10-52-50
videos/process/process_escena5/d_0_10-52-50.jpg,d,10-52-50
videos/process/process_escena5/d_0_10-52-50_2.jpg,d,10-52-50
videos/process/process_escena5/d_0_10-52-51.jpg,d,10-52-51
videos/process/process_escena5/down_0_10-52-57.jpg,down,10-52-57
videos/process/process_escena5/down_0_10-52-58_1.jpg,down,10-52-58
videos/process/process_escena5/down_0_10-52-58.jpg,down,10-52-58
videos/process/process_escena5/down_0_10-52-58_2.jpg,down,10-52-58
videos/process/process_escena5/down_0_10-52-59.jpg,down,10-52-59
videos/process/process_escena5/down_0_10-52-59_1.jpg,down,10-52-59
videos/process/process_escena5/down_0_10-52-59_2.jpg,down,10-52-59
videos/process/process_escena5/down_0_10-53-00.jpg,down,10-53-00
videos/process/process_escena5/esc_0_10-53-00.jpg,esc,10-53-00
videos/process/process_escena5/down_0_10-53-00_1.jpg,down,10-53-00
videos/process/process_escena5/left_0_10-53-02.jpg,left,10-53-02
videos/process/process_escena5/right_0_10-53-03.jpg,right,10-53-03
videos/process/process_escena5/up_0_10-53-03.jpg,up,10-53-03
videos/process/process_escena5/left_0_10-53-04.jpg,left,10-53-04
videos/process/process_escena5/down_0_10-53-04.jpg,down,10-53-04
videos/process/process_escena5/up_0_10-53-04.jpg,up,10-53-04
videos/process/process_escena5/up_0_10-53-05.jpg,up,10-53-05
videos/process/process_escena5/enter_0_10-53-07.jpg,enter,10-53-07
videos/process/process_escena5/esc_0_10-53-09.jpg,esc,10-53-09
videos/process/process_escena5/up_0_10-53-11.jpg,up,10-53-11
videos/process/process_escena5/esc_0_10-53-11.jpg,esc,10-53-11
videos/process/process_escena5/left_0_10-53-12.jpg,left,10-53-12
videos/process/process_escena5/right_0_10-53-12.jpg,right,10-53-12
videos/process/process_escena5/right_0_10-53-13.jpg,right,10-53-13
videos/process/process_escena5/up_0_10-53-13.jpg,up,10-53-13
videos/process/process_escena5/up_0_10-53-14.jpg,up,10-53-14
videos/process/process_escena5/left_0_10-53-14.jpg,left,10-53-14
videos/process/process_escena5/enter_0_10-53-14.jpg,enter,10-53-14
videos/process/process_escena5/a_0_10-53-19_2.jpg,a,10-53-19
videos/process/process_escena5/a_0_10-53-19.jpg,a,10-53-19
videos/process/process_escena5/a_0_10-53-19_1.jpg,a,10-53-19
videos/process/process_escena5/a_0_10-53-20.jpg,a,10-53-20
videos/process/process_escena5/enter_0_10-53-23.jpg,enter,10-53-23
videos/process/process_escena5/right_0_10-53-25.jpg,right,10-53-25
videos/process/process_escena5/enter_0_10-53-26.jpg,enter,10-53-26
videos/process/process_escena5/down_0_10-53-26.jpg,down,10-53-26
videos/process/process_escena5/left_0_10-53-27.jpg,left,10-53-27
videos/process/process_escena5/up_0_10-53-27.jpg,up,10-53-27
videos/process/process_escena5/up_0_10-53-28.jpg,up,10-53-28
videos/process/process_escena5/right_0_10-53-28.jpg,right,10-53-28
videos/process/process_escena5/up_0_10-53-29.jpg,up,10-53-29
videos/process/process_escena5/up_0_10-53-29_1.jpg,up,10-53-29
videos/process/process_escena5/up_0_10-53-30_1.jpg,up,10-53-30
videos/process/process_escena5/up_0_10-53-30.jpg,up,10-53-30
videos/process/process_escena5/up_0_10-53-31.jpg,up,10-53-31
videos/process/process_escena5/a_0_10-53-32.jpg,a,10-53-32
videos/process/process_escena5/a+s_0_10-53-33.jpg,a+s,10-53-33
videos/process/process_escena5/a_0_10-53-33.jpg,a,10-53-33
videos/process/process_escena5/s_0_10-53-34_2.jpg,s,10-53-34
videos/process/process_escena5/s_0_10-53-34.jpg,s,10-53-34
videos/process/process_escena5/s_0_10-53-34_1.jpg,s,10-53-34
videos/process/process_escena5/a_0_10-53-35.jpg,a,10-53-35
videos/process/process_escena5/s_0_10-53-35.jpg,s,10-53-35
videos/process/process_escena5/a_0_10-53-35_1.jpg,a,10-53-35
videos/process/process_escena5/a_0_10-53-36_2.jpg,a,10-53-36
videos/process/process_escena5/a_0_10-53-36_1.jpg,a,10-53-36
videos/process/process_escena5/a_0_10-53-36.jpg,a,10-53-36
videos/process/process_escena5/a_0_10-53-37_1.jpg,a,10-53-37
videos/process/process_escena5/a+w_0_10-53-37.jpg,a+w,10-53-37
videos/process/process_escena5/a_0_10-53-37.jpg,a,10-53-37
videos/process/process_escena5/a+w_0_10-53-38.jpg,a+w,10-53-38
videos/process/process_escena5/a_0_10-53-38.jpg,a,10-53-38
videos/process/process_escena5/a+w_0_10-53-38_1.jpg,a+w,10-53-38
videos/process/process_escena5/a+w_0_10-53-39.jpg,a+w,10-53-39
videos/process/process_escena5/a_0_10-53-39.jpg,a,10-53-39
videos/process/process_escena5/w_0_10-53-40_2.jpg,w,10-53-40
videos/process/process_escena5/w_0_10-53-40.jpg,w,10-53-40
videos/process/process_escena5/w_0_10-53-40_1.jpg,w,10-53-40
videos/process/process_escena5/w_0_10-53-41_2.jpg,w,10-53-41
videos/process/process_escena5/w_0_10-53-41.jpg,w,10-53-41
videos/process/process_escena5/w_0_10-53-41_1.jpg,w,10-53-41
videos/process/process_escena5/w_0_10-53-42.jpg,w,10-53-42
videos/process/process_escena5/a+w_0_10-53-42.jpg,a+w,10-53-42
videos/process/process_escena5/a+w_0_10-53-42_1.jpg,a+w,10-53-42
videos/process/process_escena5/w_0_10-53-43.jpg,w,10-53-43
videos/process/process_escena5/a+w_0_10-53-43.jpg,a+w,10-53-43
videos/process/process_escena5/w_0_10-53-43_1.jpg,w,10-53-43
videos/process/process_escena5/a+w_0_10-53-44.jpg,a+w,10-53-44
videos/process/process_escena5/w_0_10-53-44.jpg,w,10-53-44
videos/process/process_escena5/a+w_0_10-53-44_1.jpg,a+w,10-53-44
videos/process/process_escena5/w_0_10-53-45.jpg,w,10-53-45
videos/process/process_escena5/w_0_10-53-45_1.jpg,w,10-53-45
videos/process/process_escena5/w_0_10-53-45_2.jpg,w,10-53-45
videos/process/process_escena5/w_0_10-53-46.jpg,w,10-53-46
videos/process/process_escena5/w_0_10-53-46_1.jpg,w,10-53-46
videos/process/process_escena5/w_0_10-53-46_2.jpg,w,10-53-46
videos/process/process_escena5/w_0_10-53-47.jpg,w,10-53-47
videos/process/process_escena5/w_0_10-53-56.jpg,w,10-53-56
videos/process/process_escena5/w_0_10-53-56_1.jpg,w,10-53-56
videos/process/process_escena5/w_0_10-53-57_2.jpg,w,10-53-57
videos/process/process_escena5/w_0_10-53-57_1.jpg,w,10-53-57
videos/process/process_escena5/w_0_10-53-57.jpg,w,10-53-57
videos/process/process_escena5/w_0_10-53-58_1.jpg,w,10-53-58
videos/process/process_escena5/w_0_10-53-58.jpg,w,10-53-58
videos/process/process_escena5/a+w_0_10-53-58.jpg,a+w,10-53-58
videos/process/process_escena5/w_0_10-53-59.jpg,w,10-53-59
videos/process/process_escena5/a+w_0_10-53-59.jpg,a+w,10-53-59
videos/process/process_escena5/w_0_10-53-59_1.jpg,w,10-53-59
videos/process/process_escena5/w_0_10-54-00.jpg,w,10-54-00
videos/process/process_escena5/w_0_10-54-00_1.jpg,w,10-54-00
videos/process/process_escena5/w_0_10-54-00_2.jpg,w,10-54-00
videos/process/process_escena5/w_0_10-54-01.jpg,w,10-54-01
videos/process/process_escena5/a+w_0_10-54-01.jpg,a+w,10-54-01
videos/process/process_escena5/a+w_0_10-54-01_1.jpg,a+w,10-54-01
videos/process/process_escena5/d+w_0_10-54-02.jpg,d+w,10-54-02
videos/process/process_escena5/w_0_10-54-02.jpg,w,10-54-02
videos/process/process_escena5/a+w_0_10-54-03.jpg,a+w,10-54-03
videos/process/process_escena5/w_0_10-54-03_1.jpg,w,10-54-03
videos/process/process_escena5/w_0_10-54-03.jpg,w,10-54-03
videos/process/process_escena5/w_0_10-54-04_1.jpg,w,10-54-04
videos/process/process_escena5/d+w_0_10-54-04.jpg,d+w,10-54-04
videos/process/process_escena5/w_0_10-54-04.jpg,w,10-54-04
videos/process/process_escena5/a+w_0_10-54-05.jpg,a+w,10-54-05
videos/process/process_escena5/w_0_10-54-05.jpg,w,10-54-05
videos/process/process_escena5/w_0_10-54-05_1.jpg,w,10-54-05
videos/process/process_escena5/w_0_10-54-06_2.jpg,w,10-54-06
videos/process/process_escena5/w_0_10-54-06_1.jpg,w,10-54-06
videos/process/process_escena5/w_0_10-54-06.jpg,w,10-54-06
videos/process/process_escena5/w_0_10-54-07.jpg,w,10-54-07
videos/process/process_escena5/w_0_10-54-07_1.jpg,w,10-54-07
videos/process/process_escena5/a+w_0_10-54-07.jpg,a+w,10-54-07
videos/process/process_escena5/w_0_10-54-08_1.jpg,w,10-54-08
videos/process/process_escena5/w_0_10-54-08.jpg,w,10-54-08
videos/process/process_escena5/w_0_10-54-08_2.jpg,w,10-54-08
videos/process/process_escena5/w_0_10-54-09_1.jpg,w,10-54-09
videos/process/process_escena5/w_0_10-54-09.jpg,w,10-54-09
videos/process/process_escena5/d+w_0_10-54-10.jpg,d+w,10-54-10
videos/process/process_escena5/d+w_0_10-54-10_1.jpg,d+w,10-54-10
videos/process/process_escena5/w_0_10-54-10.jpg,w,10-54-10
videos/process/process_escena5/d+w_0_10-54-11.jpg,d+w,10-54-11
videos/process/process_escena5/d+w_0_10-54-11_1.jpg,d+w,10-54-11
videos/process/process_escena5/d+s_0_10-54-11.jpg,d+s,10-54-11
videos/process/process_escena5/a+s_0_10-54-12.jpg,a+s,10-54-12
videos/process/process_escena5/s_0_10-54-12.jpg,s,10-54-12
videos/process/process_escena5/w_0_10-54-12.jpg,w,10-54-12
videos/process/process_escena5/a+w_0_10-54-13.jpg,a+w,10-54-13
videos/process/process_escena5/d+w_0_10-54-13.jpg,d+w,10-54-13
videos/process/process_escena5/a+w_0_10-54-13_1.jpg,a+w,10-54-13
videos/process/process_escena5/w_0_10-54-14.jpg,w,10-54-14
videos/process/process_escena5/w_0_10-54-14_1.jpg,w,10-54-14
videos/process/process_escena5/d+w_0_10-54-14.jpg,d+w,10-54-14
videos/process/process_escena5/d+w_0_10-54-15.jpg,d+w,10-54-15
videos/process/process_escena5/w_0_10-54-15.jpg,w,10-54-15
videos/process/process_escena5/d+w_0_10-54-16.jpg,d+w,10-54-16
videos/process/process_escena5/w_0_10-54-16.jpg,w,10-54-16
videos/process/process_escena5/w_0_10-54-16_1.jpg,w,10-54-16
videos/process/process_escena5/w_0_10-54-17_1.jpg,w,10-54-17
videos/process/process_escena5/w_0_10-54-17.jpg,w,10-54-17
videos/process/process_escena5/d+w_0_10-54-17.jpg,d+w,10-54-17
videos/process/process_escena5/w_0_10-54-18_1.jpg,w,10-54-18
videos/process/process_escena5/w_0_10-54-18.jpg,w,10-54-18
videos/process/process_escena5/a+w_0_10-54-18.jpg,a+w,10-54-18
videos/process/process_escena5/w_0_10-54-19_1.jpg,w,10-54-19
videos/process/process_escena5/w_0_10-54-19_2.jpg,w,10-54-19
videos/process/process_escena5/w_0_10-54-19.jpg,w,10-54-19
videos/process/process_escena5/d+w_0_10-54-20.jpg,d+w,10-54-20
videos/process/process_escena5/w_0_10-54-20.jpg,w,10-54-20
videos/process/process_escena5/d+w_0_10-54-20_1.jpg,d+w,10-54-20
videos/process/process_escena5/a+w_0_10-54-21.jpg,a+w,10-54-21
videos/process/process_escena5/w_0_10-54-21.jpg,w,10-54-21
videos/process/process_escena5/w_0_10-54-22_1.jpg,w,10-54-22
videos/process/process_escena5/w_0_10-54-22.jpg,w,10-54-22
videos/process/process_escena5/d+w_0_10-54-22.jpg,d+w,10-54-22
videos/process/process_escena5/w_0_10-54-23.jpg,w,10-54-23
videos/process/process_escena5/w_0_10-54-23_1.jpg,w,10-54-23
videos/process/process_escena5/w_0_10-54-23_2.jpg,w,10-54-23
videos/process/process_escena5/w_0_10-54-24.jpg,w,10-54-24
videos/process/process_escena5/d+w_0_10-54-24.jpg,d+w,10-54-24
videos/process/process_escena5/w_0_10-54-24_1.jpg,w,10-54-24
videos/process/process_escena5/w_0_10-54-25_2.jpg,w,10-54-25
videos/process/process_escena5/w_0_10-54-25.jpg,w,10-54-25
videos/process/process_escena5/w_0_10-54-25_1.jpg,w,10-54-25
videos/process/process_escena5/w_0_10-54-26.jpg,w,10-54-26
videos/process/process_escena5/w_0_10-54-26_2.jpg,w,10-54-26
videos/process/process_escena5/w_0_10-54-26_1.jpg,w,10-54-26
videos/process/process_escena5/w_0_10-54-27.jpg,w,10-54-27
videos/process/process_escena5/a+w_0_10-54-27.jpg,a+w,10-54-27
videos/process/process_escena5/w_0_10-54-27_1.jpg,w,10-54-27
videos/process/process_escena5/w_0_10-54-28.jpg,w,10-54-28
videos/process/process_escena5/w_0_10-54-28_1.jpg,w,10-54-28
videos/process/process_escena5/w_0_10-54-28_2.jpg,w,10-54-28
videos/process/process_escena5/a+w_0_10-54-29.jpg,a+w,10-54-29
videos/process/process_escena5/w_0_10-54-29.jpg,w,10-54-29
videos/process/process_escena5/a+s_0_10-54-30.jpg,a+s,10-54-30
videos/process/process_escena5/s_0_10-54-30.jpg,s,10-54-30
videos/process/process_escena5/a+w_0_10-54-30.jpg,a+w,10-54-30
videos/process/process_escena5/d+w_0_10-54-31.jpg,d+w,10-54-31
videos/process/process_escena5/d+s_0_10-54-31.jpg,d+s,10-54-31
videos/process/process_escena5/d+s_0_10-54-31_1.jpg,d+s,10-54-31
videos/process/process_escena5/w_0_10-54-32_1.jpg,w,10-54-32
videos/process/process_escena5/w_0_10-54-32.jpg,w,10-54-32
videos/process/process_escena5/w_0_10-54-32_2.jpg,w,10-54-32
videos/process/process_escena5/w_0_10-54-33.jpg,w,10-54-33
videos/process/process_escena5/w_0_10-54-33_1.jpg,w,10-54-33
videos/process/process_escena5/d+w_0_10-54-33.jpg,d+w,10-54-33
videos/process/process_escena5/w_0_10-54-34_1.jpg,w,10-54-34
videos/process/process_escena5/w_0_10-54-34_2.jpg,w,10-54-34
videos/process/process_escena5/w_0_10-54-34.jpg,w,10-54-34
videos/process/process_escena5/w_0_10-54-35_1.jpg,w,10-54-35
videos/process/process_escena5/a+w_0_10-54-35.jpg,a+w,10-54-35
videos/process/process_escena5/w_0_10-54-35.jpg,w,10-54-35
videos/process/process_escena5/w_0_10-54-36_1.jpg,w,10-54-36
videos/process/process_escena5/w_0_10-54-36.jpg,w,10-54-36
videos/process/process_escena5/d+w_0_10-54-36.jpg,d+w,10-54-36
videos/process/process_escena5/w_0_10-54-37_1.jpg,w,10-54-37
videos/process/process_escena5/w_0_10-54-37.jpg,w,10-54-37
videos/process/process_escena5/w_0_10-54-38_1.jpg,w,10-54-38
videos/process/process_escena5/w_0_10-54-38.jpg,w,10-54-38
videos/process/process_escena5/w_0_10-54-38_2.jpg,w,10-54-38
videos/process/process_escena5/d+w_0_10-54-39.jpg,d+w,10-54-39
videos/process/process_escena5/w_0_10-54-39_1.jpg,w,10-54-39
videos/process/process_escena5/w_0_10-54-39.jpg,w,10-54-39
videos/process/process_escena5/w_0_10-54-40_1.jpg,w,10-54-40
videos/process/process_escena5/w_0_10-54-40.jpg,w,10-54-40
videos/process/process_escena5/w_0_10-54-40_2.jpg,w,10-54-40
videos/process/process_escena5/w_0_10-54-41.jpg,w,10-54-41
videos/process/process_escena5/d+w_0_10-54-41.jpg,d+w,10-54-41
videos/process/process_escena5/w_0_10-54-41_1.jpg,w,10-54-41
videos/process/process_escena5/w_0_10-54-42_1.jpg,w,10-54-42
videos/process/process_escena5/w_0_10-54-42.jpg,w,10-54-42
videos/process/process_escena5/w_0_10-54-42_2.jpg,w,10-54-42
videos/process/process_escena5/w_0_10-54-43.jpg,w,10-54-43
videos/process/process_escena5/w_0_10-54-43_1.jpg,w,10-54-43
videos/process/process_escena5/d+w_0_10-54-43.jpg,d+w,10-54-43
videos/process/process_escena5/w_0_10-54-44_1.jpg,w,10-54-44
videos/process/process_escena5/w_0_10-54-44.jpg,w,10-54-44
videos/process/process_escena5/a+w_0_10-54-45.jpg,a+w,10-54-45
videos/process/process_escena5/w_0_10-54-45.jpg,w,10-54-45
videos/process/process_escena5/d+w_0_10-54-45.jpg,d+w,10-54-45
videos/process/process_escena5/d+w_0_10-54-46.jpg,d+w,10-54-46
videos/process/process_escena5/d+w_0_10-54-46_1.jpg,d+w,10-54-46
videos/process/process_escena5/a+w_0_10-54-46.jpg,a+w,10-54-46
videos/process/process_escena5/w_0_10-54-47.jpg,w,10-54-47
videos/process/process_escena5/a+w_0_10-54-47.jpg,a+w,10-54-47
videos/process/process_escena5/w_0_10-54-47_1.jpg,w,10-54-47
videos/process/process_escena5/d+w_0_10-54-48.jpg,d+w,10-54-48
videos/process/process_escena5/a+w_0_10-54-48.jpg,a+w,10-54-48
videos/process/process_escena5/a+w_0_10-54-48_1.jpg,a+w,10-54-48
videos/process/process_escena5/w_0_10-54-49.jpg,w,10-54-49
videos/process/process_escena5/w_0_10-54-49_1.jpg,w,10-54-49
videos/process/process_escena5/w_0_10-54-49_2.jpg,w,10-54-49
videos/process/process_escena5/w_0_10-54-50.jpg,w,10-54-50
videos/process/process_escena5/a+w_0_10-54-50.jpg,a+w,10-54-50
videos/process/process_escena5/w_0_10-54-50_1.jpg,w,10-54-50
videos/process/process_escena5/w_0_10-54-51_2.jpg,w,10-54-51
videos/process/process_escena5/w_0_10-54-51_1.jpg,w,10-54-51
videos/process/process_escena5/w_0_10-54-51.jpg,w,10-54-51
videos/process/process_escena5/w_0_10-54-52.jpg,w,10-54-52
videos/process/process_escena5/w_0_10-54-52_1.jpg,w,10-54-52
videos/process/process_escena5/d+w_0_10-54-53.jpg,d+w,10-54-53
videos/process/process_escena5/w_0_10-54-53_1.jpg,w,10-54-53
videos/process/process_escena5/w_0_10-54-53.jpg,w,10-54-53
videos/process/process_escena5/w_0_10-54-54.jpg,w,10-54-54
videos/process/process_escena5/w_0_10-54-54_1.jpg,w,10-54-54
videos/process/process_escena5/w_0_10-54-54_2.jpg,w,10-54-54
videos/process/process_escena5/a+w_0_10-54-55.jpg,a+w,10-54-55
videos/process/process_escena5/w_0_10-54-55_1.jpg,w,10-54-55
videos/process/process_escena5/w_0_10-54-55.jpg,w,10-54-55
videos/process/process_escena5/w_0_10-54-56_1.jpg,w,10-54-56
videos/process/process_escena5/w_0_10-54-56.jpg,w,10-54-56
videos/process/process_escena5/w_0_10-54-56_2.jpg,w,10-54-56
videos/process/process_escena5/w_0_10-54-57.jpg,w,10-54-57
videos/process/process_escena5/a+w_0_10-54-57.jpg,a+w,10-54-57
videos/process/process_escena5/a+w_0_10-54-57_1.jpg,a+w,10-54-57
videos/process/process_escena5/a_0_10-54-58_1.jpg,a,10-54-58
videos/process/process_escena5/a_0_10-54-58.jpg,a,10-54-58
videos/process/process_escena5/d+w_0_10-54-58.jpg,d+w,10-54-58
videos/process/process_escena5/a+s_0_10-54-59.jpg,a+s,10-54-59
videos/process/process_escena5/d_0_10-54-59.jpg,d,10-54-59
videos/process/process_escena5/d+w_0_10-55-00.jpg,d+w,10-55-00
videos/process/process_escena5/d_0_10-55-00.jpg,d,10-55-00
videos/process/process_escena5/w_0_10-55-01_1.jpg,w,10-55-01
videos/process/process_escena5/w_0_10-55-01_2.jpg,w,10-55-01
videos/process/process_escena5/w_0_10-55-01.jpg,w,10-55-01
videos/process/process_escena5/a+w_0_10-55-02.jpg,a+w,10-55-02
videos/process/process_escena5/w_0_10-55-02_1.jpg,w,10-55-02
videos/process/process_escena5/w_0_10-55-02.jpg,w,10-55-02
videos/process/process_escena5/w_0_10-55-03.jpg,w,10-55-03
videos/process/process_escena5/w_0_10-55-03_1.jpg,w,10-55-03
videos/process/process_escena5/w_0_10-55-03_2.jpg,w,10-55-03
videos/process/process_escena5/w_0_10-55-04_1.jpg,w,10-55-04
videos/process/process_escena5/num5+w_0_10-55-04.jpg,num5+w,10-55-04
videos/process/process_escena5/w_0_10-55-04.jpg,w,10-55-04
videos/process/process_escena5/num4+num5+w_0_10-55-05.jpg,num4+num5+w,10-55-05
videos/process/process_escena5/num4+num5+w_0_10-55-05_1.jpg,num4+num5+w,10-55-05
videos/process/process_escena5/num4+num5+w_0_10-55-05_2.jpg,num4+num5+w,10-55-05
videos/process/process_escena5/a+w_0_10-55-06.jpg,a+w,10-55-06
videos/process/process_escena5/w_0_10-55-06.jpg,w,10-55-06
videos/process/process_escena5/num5+w_0_10-55-06.jpg,num5+w,10-55-06
videos/process/process_escena5/w_0_10-55-07.jpg,w,10-55-07
videos/process/process_escena5/w_0_10-55-07_1.jpg,w,10-55-07
videos/process/process_escena5/w_0_10-55-08_1.jpg,w,10-55-08
videos/process/process_escena5/w_0_10-55-08_2.jpg,w,10-55-08
videos/process/process_escena5/w_0_10-55-08.jpg,w,10-55-08
videos/process/process_escena5/num5+w_0_10-55-09_1.jpg,num5+w,10-55-09
videos/process/process_escena5/w_0_10-55-09.jpg,w,10-55-09
videos/process/process_escena5/num5+w_0_10-55-09.jpg,num5+w,10-55-09
videos/process/process_escena5/w_0_10-55-10_1.jpg,w,10-55-10
videos/process/process_escena5/w_0_10-55-10.jpg,w,10-55-10
videos/process/process_escena5/w_0_10-55-10_2.jpg,w,10-55-10
videos/process/process_escena5/w_0_10-55-11_2.jpg,w,10-55-11
videos/process/process_escena5/w_0_10-55-11.jpg,w,10-55-11
videos/process/process_escena5/w_0_10-55-11_1.jpg,w,10-55-11
videos/process/process_escena5/w_0_10-55-12_1.jpg,w,10-55-12
videos/process/process_escena5/w_0_10-55-12.jpg,w,10-55-12
videos/process/process_escena5/num5+w_0_10-55-12.jpg,num5+w,10-55-12
videos/process/process_escena5/w_0_10-55-13_1.jpg,w,10-55-13
videos/process/process_escena5/d+w_0_10-55-13.jpg,d+w,10-55-13
videos/process/process_escena5/w_0_10-55-13.jpg,w,10-55-13
videos/process/process_escena5/w_0_10-55-14_2.jpg,w,10-55-14
videos/process/process_escena5/w_0_10-55-14_1.jpg,w,10-55-14
videos/process/process_escena5/w_0_10-55-14.jpg,w,10-55-14
videos/process/process_escena5/w_0_10-55-15.jpg,w,10-55-15
videos/process/process_escena5/w_0_10-55-15_1.jpg,w,10-55-15
videos/process/process_escena5/w_0_10-55-16.jpg,w,10-55-16
videos/process/process_escena5/w_0_10-55-16_1.jpg,w,10-55-16
videos/process/process_escena5/d+w_0_10-55-16.jpg,d+w,10-55-16
videos/process/process_escena5/w_0_10-55-17_2.jpg,w,10-55-17
videos/process/process_escena5/w_0_10-55-17.jpg,w,10-55-17
videos/process/process_escena5/w_0_10-55-17_1.jpg,w,10-55-17
videos/process/process_escena5/w_0_10-55-18_2.jpg,w,10-55-18
videos/process/process_escena5/w_0_10-55-18_1.jpg,w,10-55-18
videos/process/process_escena5/w_0_10-55-18.jpg,w,10-55-18
videos/process/process_escena5/w_0_10-55-19.jpg,w,10-55-19
videos/process/process_escena5/w_0_10-55-19_1.jpg,w,10-55-19
videos/process/process_escena5/d+w_0_10-55-19.jpg,d+w,10-55-19
videos/process/process_escena5/a+w_0_10-55-20.jpg,a+w,10-55-20
videos/process/process_escena5/w_0_10-55-20_1.jpg,w,10-55-20
videos/process/process_escena5/w_0_10-55-20.jpg,w,10-55-20
videos/process/process_escena5/w_0_10-55-21_1.jpg,w,10-55-21
videos/process/process_escena5/w_0_10-55-21.jpg,w,10-55-21
videos/process/process_escena5/num5+w_0_10-55-22_1.jpg,num5+w,10-55-22
videos/process/process_escena5/w_0_10-55-22.jpg,w,10-55-22
videos/process/process_escena5/num5+w_0_10-55-22.jpg,num5+w,10-55-22
videos/process/process_escena5/w_0_10-55-23.jpg,w,10-55-23
videos/process/process_escena5/num5+w_0_10-55-23.jpg,num5+w,10-55-23
videos/process/process_escena5/w_0_10-55-23_1.jpg,w,10-55-23
videos/process/process_escena5/num5+w_0_10-55-24.jpg,num5+w,10-55-24
videos/process/process_escena5/w_0_10-55-24_1.jpg,w,10-55-24
videos/process/process_escena5/w_0_10-55-24.jpg,w,10-55-24
videos/process/process_escena5/w_0_10-55-25_2.jpg,w,10-55-25
videos/process/process_escena5/w_0_10-55-25.jpg,w,10-55-25
videos/process/process_escena5/w_0_10-55-25_1.jpg,w,10-55-25
videos/process/process_escena5/w_0_10-55-26_2.jpg,w,10-55-26
videos/process/process_escena5/w_0_10-55-26.jpg,w,10-55-26
videos/process/process_escena5/w_0_10-55-26_1.jpg,w,10-55-26
videos/process/process_escena5/num4+num5+w_0_10-55-27.jpg,num4+num5+w,10-55-27
videos/process/process_escena5/w_0_10-55-27.jpg,w,10-55-27
videos/process/process_escena5/num5+w_0_10-55-27.jpg,num5+w,10-55-27
videos/process/process_escena5/num5+w_0_10-55-28.jpg,num5+w,10-55-28
videos/process/process_escena5/w_0_10-55-28.jpg,w,10-55-28
videos/process/process_escena5/d+w_0_10-55-29.jpg,d+w,10-55-29
videos/process/process_escena5/w_0_10-55-29.jpg,w,10-55-29
videos/process/process_escena5/a_0_10-55-30_2.jpg,a,10-55-30
videos/process/process_escena5/a_0_10-55-30_1.jpg,a,10-55-30
videos/process/process_escena5/a_0_10-55-30.jpg,a,10-55-30
videos/process/process_escena5/a+w_0_10-55-31.jpg,a+w,10-55-31
videos/process/process_escena5/a_0_10-55-31.jpg,a,10-55-31
videos/process/process_escena5/a+w_0_10-55-31_1.jpg,a+w,10-55-31
videos/process/process_escena5/a+w_0_10-55-32.jpg,a+w,10-55-32
videos/process/process_escena5/w_0_10-55-32.jpg,w,10-55-32
videos/process/process_escena5/a+w_0_10-55-32_1.jpg,a+w,10-55-32
videos/process/process_escena5/a_0_10-55-33.jpg,a,10-55-33
videos/process/process_escena5/w_0_10-55-33.jpg,w,10-55-33
videos/process/process_escena5/a+w_0_10-55-33.jpg,a+w,10-55-33
videos/process/process_escena5/w_0_10-55-34.jpg,w,10-55-34
videos/process/process_escena5/d+w_0_10-55-34.jpg,d+w,10-55-34
videos/process/process_escena5/w_0_10-55-34_1.jpg,w,10-55-34
videos/process/process_escena5/d+w_0_10-55-35.jpg,d+w,10-55-35
videos/process/process_escena5/d+w_0_10-55-35_1.jpg,d+w,10-55-35
videos/process/process_escena5/w_0_10-55-35.jpg,w,10-55-35
videos/process/process_escena5/w_0_10-55-36_1.jpg,w,10-55-36
videos/process/process_escena5/w_0_10-55-36.jpg,w,10-55-36
videos/process/process_escena5/w_0_10-55-36_2.jpg,w,10-55-36
videos/process/process_escena5/d_0_10-55-37.jpg,d,10-55-37
videos/process/process_escena5/w_0_10-55-37.jpg,w,10-55-37
videos/process/process_escena5/a+s_0_10-55-38_1.jpg,a+s,10-55-38
videos/process/process_escena5/s_0_10-55-38.jpg,s,10-55-38
videos/process/process_escena5/a+s_0_10-55-38.jpg,a+s,10-55-38
videos/process/process_escena5/a+s_0_10-55-39.jpg,a+s,10-55-39
videos/process/process_escena5/d+w_0_10-55-39.jpg,d+w,10-55-39
videos/process/process_escena5/d_0_10-55-39.jpg,d,10-55-39
videos/process/process_escena5/a+w_0_10-55-40_1.jpg,a+w,10-55-40
videos/process/process_escena5/a+w_0_10-55-40_2.jpg,a+w,10-55-40
videos/process/process_escena5/a+w_0_10-55-40.jpg,a+w,10-55-40
videos/process/process_escena5/w_0_10-55-41_1.jpg,w,10-55-41
videos/process/process_escena5/a_0_10-55-41.jpg,a,10-55-41
videos/process/process_escena5/w_0_10-55-41.jpg,w,10-55-41
videos/process/process_escena5/w_0_10-55-42_2.jpg,w,10-55-42
videos/process/process_escena5/w_0_10-55-42.jpg,w,10-55-42
videos/process/process_escena5/w_0_10-55-42_1.jpg,w,10-55-42
videos/process/process_escena5/w_0_10-55-43.jpg,w,10-55-43
videos/process/process_escena5/a+w_0_10-55-43.jpg,a+w,10-55-43
videos/process/process_escena5/num5+w_0_10-55-44.jpg,num5+w,10-55-44
videos/process/process_escena5/d_0_10-55-45.jpg,d,10-55-45
videos/process/process_escena5/s_0_10-55-45.jpg,s,10-55-45
videos/process/process_escena5/a+w_0_10-55-45.jpg,a+w,10-55-45
videos/process/process_escena5/d+w_0_10-55-46.jpg,d+w,10-55-46
videos/process/process_escena5/w_0_10-55-46.jpg,w,10-55-46
videos/process/process_escena5/a_0_10-55-47.jpg,a,10-55-47
videos/process/process_escena5/a+w_0_10-55-47.jpg,a+w,10-55-47
videos/process/process_escena5/s_0_10-55-48_1.jpg,s,10-55-48
videos/process/process_escena5/s_0_10-55-48.jpg,s,10-55-48
videos/process/process_escena5/a+s_0_10-55-49.jpg,a+s,10-55-49
videos/process/process_escena5/a+s_0_10-55-49_1.jpg,a+s,10-55-49
videos/process/process_escena5/a+s_0_10-55-49_2.jpg,a+s,10-55-49
videos/process/process_escena5/w_0_10-55-50.jpg,w,10-55-50
videos/process/process_escena5/a+w_0_10-55-50.jpg,a+w,10-55-50
videos/process/process_escena5/a+s_0_10-55-50.jpg,a+s,10-55-50
videos/process/process_escena5/w_0_10-55-51_1.jpg,w,10-55-51
videos/process/process_escena5/w_0_10-55-51.jpg,w,10-55-51
videos/process/process_escena5/w_0_10-55-51_2.jpg,w,10-55-51
videos/process/process_escena5/space+w_0_10-55-52.jpg,space+w,10-55-52
videos/process/process_escena5/d+w_0_10-55-52_1.jpg,d+w,10-55-52
videos/process/process_escena5/d+w_0_10-55-52.jpg,d+w,10-55-52
videos/process/process_escena5/a+w_0_10-55-53.jpg,a+w,10-55-53
videos/process/process_escena5/d+w_0_10-55-53_1.jpg,d+w,10-55-53
videos/process/process_escena5/d+w_0_10-55-53.jpg,d+w,10-55-53
videos/process/process_escena5/d+space+w_0_10-55-54.jpg,d+space+w,10-55-54
videos/process/process_escena5/d+w_0_10-55-54.jpg,d+w,10-55-54
videos/process/process_escena5/d+space+w_0_10-55-55.jpg,d+space+w,10-55-55
videos/process/process_escena5/d+space+w_0_10-55-55_1.jpg,d+space+w,10-55-55
videos/process/process_escena5/d+space+w_0_10-55-55_2.jpg,d+space+w,10-55-55
videos/process/process_escena5/d+space+w_0_10-55-56.jpg,d+space+w,10-55-56
videos/process/process_escena5/a_0_10-55-57.jpg,a,10-55-57
videos/process/process_escena5/a+shift_0_10-55-58_2.jpg,a+shift,10-55-58
videos/process/process_escena5/a+shift_0_10-55-58.jpg,a+shift,10-55-58
videos/process/process_escena5/a+shift_0_10-55-58_1.jpg,a+shift,10-55-58
videos/process/process_escena5/w_0_10-56-04.jpg,w,10-56-04
videos/process/process_escena5/w_0_10-56-04_1.jpg,w,10-56-04
videos/process/process_escena5/w_0_10-56-05.jpg,w,10-56-05
videos/process/process_escena5/d+w_0_10-56-05.jpg,d+w,10-56-05
videos/process/process_escena5/w_0_10-56-05_1.jpg,w,10-56-05
videos/process/process_escena5/d+w_0_10-56-06.jpg,d+w,10-56-06
videos/process/process_escena5/w_0_10-56-06.jpg,w,10-56-06
videos/process/process_escena5/w_0_10-56-06_1.jpg,w,10-56-06
videos/process/process_escena5/w_0_10-56-07.jpg,w,10-56-07
videos/process/process_escena5/d+w_0_10-56-07.jpg,d+w,10-56-07
videos/process/process_escena5/w_0_10-56-08.jpg,w,10-56-08
videos/process/process_escena5/w_0_10-56-08_2.jpg,w,10-56-08
videos/process/process_escena5/w_0_10-56-08_1.jpg,w,10-56-08
videos/process/process_escena5/d+w_0_10-56-09.jpg,d+w,10-56-09
videos/process/process_escena5/w_0_10-56-09_1.jpg,w,10-56-09
videos/process/process_escena5/w_0_10-56-09.jpg,w,10-56-09
videos/process/process_escena5/w_0_10-56-10.jpg,w,10-56-10
videos/process/process_escena5/e_0_10-56-10.jpg,e,10-56-10
videos/process/process_escena5/d+w_0_10-56-10.jpg,d+w,10-56-10
videos/process/process_escena5/enter_0_10-56-22.jpg,enter,10-56-22
videos/process/process_escena5/w_0_10-56-23.jpg,w,10-56-23
videos/process/process_escena5/w_0_10-56-23_1.jpg,w,10-56-23
videos/process/process_escena5/w_0_10-56-23_2.jpg,w,10-56-23
videos/process/process_escena5/shift+w_0_10-56-24_2.jpg,shift+w,10-56-24
videos/process/process_escena5/shift+w_0_10-56-24.jpg,shift+w,10-56-24
videos/process/process_escena5/shift+w_0_10-56-24_1.jpg,shift+w,10-56-24
videos/process/process_escena5/shift+w_0_10-56-25.jpg,shift+w,10-56-25
videos/process/process_escena5/w_0_10-56-25.jpg,w,10-56-25
videos/process/process_escena5/w_0_10-56-26_1.jpg,w,10-56-26
videos/process/process_escena5/w_0_10-56-26.jpg,w,10-56-26
videos/process/process_escena5/w_0_10-56-27.jpg,w,10-56-27
videos/process/process_escena5/shift+w_0_10-56-27_1.jpg,shift+w,10-56-27
videos/process/process_escena5/shift+w_0_10-56-27.jpg,shift+w,10-56-27
videos/process/process_escena5/w_0_10-56-28.jpg,w,10-56-28
videos/process/process_escena5/w_0_10-56-28_1.jpg,w,10-56-28
videos/process/process_escena5/shift+w_0_10-56-28.jpg,shift+w,10-56-28
videos/process/process_escena5/s+w_0_10-56-29_1.jpg,s+w,10-56-29
videos/process/process_escena5/s+w_0_10-56-29.jpg,s+w,10-56-29
videos/process/process_escena5/d+s+w_0_10-56-29.jpg,d+s+w,10-56-29
videos/process/process_escena5/w_0_10-56-30.jpg,w,10-56-30
videos/process/process_escena5/w_0_10-56-30_1.jpg,w,10-56-30
videos/process/process_escena5/w_0_10-56-30_2.jpg,w,10-56-30
videos/process/process_escena5/w_0_10-56-32.jpg,w,10-56-32
videos/process/process_escena5/a+w_0_10-56-32.jpg,a+w,10-56-32
videos/process/process_escena5/a+w_0_10-56-32_1.jpg,a+w,10-56-32
videos/process/process_escena5/a+w_0_10-56-33_1.jpg,a+w,10-56-33
videos/process/process_escena5/a+w_0_10-56-33.jpg,a+w,10-56-33
videos/process/process_escena5/w_0_10-56-33.jpg,w,10-56-33
videos/process/process_escena5/w_0_10-56-34_1.jpg,w,10-56-34
videos/process/process_escena5/w_0_10-56-34.jpg,w,10-56-34
videos/process/process_escena5/w_0_10-56-35_1.jpg,w,10-56-35
videos/process/process_escena5/d+w_0_10-56-35.jpg,d+w,10-56-35
videos/process/process_escena5/w_0_10-56-35.jpg,w,10-56-35
videos/process/process_escena5/d+space_0_10-56-36.jpg,d+space,10-56-36
videos/process/process_escena5/d+w_0_10-56-36.jpg,d+w,10-56-36
videos/process/process_escena5/a+w_0_10-56-36.jpg,a+w,10-56-36
videos/process/process_escena5/d+w_0_10-56-37.jpg,d+w,10-56-37
videos/process/process_escena5/d+w_0_10-56-37_1.jpg,d+w,10-56-37
videos/process/process_escena5/w_0_10-56-37.jpg,w,10-56-37
videos/process/process_escena5/d+w_0_10-56-38.jpg,d+w,10-56-38
videos/process/process_escena5/a+w_0_10-56-38.jpg,a+w,10-56-38
videos/process/process_escena5/w_0_10-56-38.jpg,w,10-56-38
videos/process/process_escena5/w_0_10-56-39_2.jpg,w,10-56-39
videos/process/process_escena5/w_0_10-56-39.jpg,w,10-56-39
videos/process/process_escena5/w_0_10-56-39_1.jpg,w,10-56-39
videos/process/process_escena5/a+w_0_10-56-40.jpg,a+w,10-56-40
videos/process/process_escena5/w_0_10-56-40.jpg,w,10-56-40
videos/process/process_escena5/d+w_0_10-56-41.jpg,d+w,10-56-41
videos/process/process_escena5/w_0_10-56-41_1.jpg,w,10-56-41
videos/process/process_escena5/w_0_10-56-41.jpg,w,10-56-41
videos/process/process_escena5/w_0_10-56-42.jpg,w,10-56-42
videos/process/process_escena5/w_0_10-56-42_1.jpg,w,10-56-42
videos/process/process_escena5/w_0_10-56-42_2.jpg,w,10-56-42
videos/process/process_escena5/w_0_10-56-43.jpg,w,10-56-43
videos/process/process_escena5/w_0_10-56-43_2.jpg,w,10-56-43
videos/process/process_escena5/w_0_10-56-43_1.jpg,w,10-56-43
videos/process/process_escena5/w_0_10-56-44_2.jpg,w,10-56-44
videos/process/process_escena5/w_0_10-56-44.jpg,w,10-56-44
videos/process/process_escena5/w_0_10-56-44_1.jpg,w,10-56-44
videos/process/process_escena5/w_0_10-56-45.jpg,w,10-56-45
videos/process/process_escena5/w_0_10-56-45_2.jpg,w,10-56-45
videos/process/process_escena5/w_0_10-56-45_1.jpg,w,10-56-45
videos/process/process_escena5/w_0_10-56-46.jpg,w,10-56-46
videos/process/process_escena5/w_0_10-56-46_1.jpg,w,10-56-46
videos/process/process_escena5/w_0_10-56-46_2.jpg,w,10-56-46
videos/process/process_escena5/w_0_10-56-47.jpg,w,10-56-47
videos/process/process_escena5/w_0_10-56-47_1.jpg,w,10-56-47
videos/process/process_escena5/w_0_10-56-48.jpg,w,10-56-48
videos/process/process_escena5/w_0_10-56-48_1.jpg,w,10-56-48
videos/process/process_escena5/d+w_0_10-56-48.jpg,d+w,10-56-48
videos/process/process_escena5/w_0_10-56-49_1.jpg,w,10-56-49
videos/process/process_escena5/d+w_0_10-56-49.jpg,d+w,10-56-49
videos/process/process_escena5/w_0_10-56-49.jpg,w,10-56-49
videos/process/process_escena5/a+s_0_10-56-50.jpg,a+s,10-56-50
videos/process/process_escena5/d_0_10-56-50.jpg,d,10-56-50
videos/process/process_escena5/w_0_10-56-50.jpg,w,10-56-50
videos/process/process_escena5/a+s_0_10-56-51.jpg,a+s,10-56-51
videos/process/process_escena5/a_0_10-56-51.jpg,a,10-56-51
videos/process/process_escena5/d+w_0_10-56-51.jpg,d+w,10-56-51
videos/process/process_escena5/a+s_0_10-56-52.jpg,a+s,10-56-52
videos/process/process_escena5/a+s_0_10-56-52_1.jpg,a+s,10-56-52
videos/process/process_escena5/s_0_10-56-53.jpg,s,10-56-53
videos/process/process_escena5/a+s_0_10-56-53.jpg,a+s,10-56-53
videos/process/process_escena5/s_0_10-56-54_1.jpg,s,10-56-54
videos/process/process_escena5/d+s_0_10-56-54.jpg,d+s,10-56-54
videos/process/process_escena5/s_0_10-56-54.jpg,s,10-56-54
videos/process/process_escena5/d+s_0_10-56-55.jpg,d+s,10-56-55
videos/process/process_escena5/a+w_0_10-56-55.jpg,a+w,10-56-55
videos/process/process_escena5/d+w_0_10-56-55.jpg,d+w,10-56-55
videos/process/process_escena5/w_0_10-56-56.jpg,w,10-56-56
videos/process/process_escena5/w_0_10-56-56_1.jpg,w,10-56-56
videos/process/process_escena5/d+w_0_10-56-56.jpg,d+w,10-56-56
videos/process/process_escena5/w_0_10-56-57_1.jpg,w,10-56-57
videos/process/process_escena5/w_0_10-56-57.jpg,w,10-56-57
videos/process/process_escena5/w_0_10-56-57_2.jpg,w,10-56-57
videos/process/process_escena5/w_0_10-56-58_1.jpg,w,10-56-58
videos/process/process_escena5/w_0_10-56-58.jpg,w,10-56-58
videos/process/process_escena5/a+w_0_10-56-58.jpg,a+w,10-56-58
videos/process/process_escena5/d+w_0_10-56-59.jpg,d+w,10-56-59
videos/process/process_escena5/w_0_10-56-59.jpg,w,10-56-59
videos/process/process_escena5/a+w_0_10-56-59.jpg,a+w,10-56-59
videos/process/process_escena5/w_0_10-57-00.jpg,w,10-57-00
videos/process/process_escena5/a+w_0_10-57-00.jpg,a+w,10-57-00
videos/process/process_escena5/d+w_0_10-57-01.jpg,d+w,10-57-01
videos/process/process_escena5/w_0_10-57-01.jpg,w,10-57-01
videos/process/process_escena5/w_0_10-57-01_1.jpg,w,10-57-01
videos/process/process_escena5/w_0_10-57-02_1.jpg,w,10-57-02
videos/process/process_escena5/w_0_10-57-02.jpg,w,10-57-02
videos/process/process_escena5/a+w_0_10-57-02.jpg,a+w,10-57-02
videos/process/process_escena5/w_0_10-57-03_1.jpg,w,10-57-03
videos/process/process_escena5/w_0_10-57-03.jpg,w,10-57-03
videos/process/process_escena5/w_0_10-57-03_2.jpg,w,10-57-03
videos/process/process_escena5/w_0_10-57-04_1.jpg,w,10-57-04
videos/process/process_escena5/d+w_0_10-57-04.jpg,d+w,10-57-04
videos/process/process_escena5/w_0_10-57-04.jpg,w,10-57-04
videos/process/process_escena5/w_0_10-57-05_2.jpg,w,10-57-05
videos/process/process_escena5/w_0_10-57-05_1.jpg,w,10-57-05
videos/process/process_escena5/w_0_10-57-05.jpg,w,10-57-05
videos/process/process_escena5/w_0_10-57-06_1.jpg,w,10-57-06
videos/process/process_escena5/w_0_10-57-06.jpg,w,10-57-06
videos/process/process_escena5/a+w_0_10-57-06.jpg,a+w,10-57-06
videos/process/process_escena5/w_0_10-57-07.jpg,w,10-57-07
videos/process/process_escena5/d+w_0_10-57-07.jpg,d+w,10-57-07
videos/process/process_escena5/w_0_10-57-08.jpg,w,10-57-08
videos/process/process_escena5/w_0_10-57-08_2.jpg,w,10-57-08
videos/process/process_escena5/w_0_10-57-08_1.jpg,w,10-57-08
videos/process/process_escena5/a+w_0_10-57-09_1.jpg,a+w,10-57-09
videos/process/process_escena5/w_0_10-57-09.jpg,w,10-57-09
videos/process/process_escena5/a+w_0_10-57-09.jpg,a+w,10-57-09
videos/process/process_escena5/w_0_10-57-10.jpg,w,10-57-10
videos/process/process_escena5/a+w_0_10-57-10.jpg,a+w,10-57-10
videos/process/process_escena5/w_0_10-57-10_1.jpg,w,10-57-10
videos/process/process_escena5/a+w_0_10-57-11.jpg,a+w,10-57-11
videos/process/process_escena5/a+w_0_10-57-11_1.jpg,a+w,10-57-11
videos/process/process_escena5/w_0_10-57-11.jpg,w,10-57-11
videos/process/process_escena5/w_0_10-57-12_1.jpg,w,10-57-12
videos/process/process_escena5/d+w_0_10-57-12.jpg,d+w,10-57-12
videos/process/process_escena5/w_0_10-57-12.jpg,w,10-57-12
videos/process/process_escena5/a+w_0_10-57-13.jpg,a+w,10-57-13
videos/process/process_escena5/a+w_0_10-57-13_1.jpg,a+w,10-57-13
videos/process/process_escena5/w_0_10-57-13.jpg,w,10-57-13
videos/process/process_escena5/a+w_0_10-57-14.jpg,a+w,10-57-14
videos/process/process_escena5/w_0_10-57-14.jpg,w,10-57-14
videos/process/process_escena5/w_0_10-57-15.jpg,w,10-57-15
videos/process/process_escena5/a+w_0_10-57-15.jpg,a+w,10-57-15
videos/process/process_escena5/a+w_0_10-57-15_1.jpg,a+w,10-57-15
videos/process/process_escena5/a_0_10-57-16.jpg,a,10-57-16
videos/process/process_escena5/a+s_0_10-57-16.jpg,a+s,10-57-16
videos/process/process_escena5/a_0_10-57-16_1.jpg,a,10-57-16
videos/process/process_escena5/d+w_0_10-57-17_2.jpg,d+w,10-57-17
videos/process/process_escena5/d+w_0_10-57-17.jpg,d+w,10-57-17
videos/process/process_escena5/d+w_0_10-57-17_1.jpg,d+w,10-57-17
videos/process/process_escena5/w_0_10-57-18_1.jpg,w,10-57-18
videos/process/process_escena5/w_0_10-57-18.jpg,w,10-57-18
videos/process/process_escena5/w_0_10-57-18_2.jpg,w,10-57-18
videos/process/process_escena5/w_0_10-57-19_1.jpg,w,10-57-19
videos/process/process_escena5/d+w_0_10-57-19.jpg,d+w,10-57-19
videos/process/process_escena5/w_0_10-57-19.jpg,w,10-57-19
videos/process/process_escena5/d+w_0_10-57-20.jpg,d+w,10-57-20
videos/process/process_escena5/w_0_10-57-20.jpg,w,10-57-20
videos/process/process_escena5/w_0_10-57-21_1.jpg,w,10-57-21
videos/process/process_escena5/w_0_10-57-21.jpg,w,10-57-21
videos/process/process_escena5/w_0_10-57-21_2.jpg,w,10-57-21
videos/process/process_escena5/w_0_10-57-22.jpg,w,10-57-22
videos/process/process_escena5/d+w_0_10-57-22_1.jpg,d+w,10-57-22
videos/process/process_escena5/d+w_0_10-57-22.jpg,d+w,10-57-22
videos/process/process_escena5/w_0_10-57-23_2.jpg,w,10-57-23
videos/process/process_escena5/w_0_10-57-23.jpg,w,10-57-23
videos/process/process_escena5/w_0_10-57-23_1.jpg,w,10-57-23
videos/process/process_escena5/w_0_10-57-24.jpg,w,10-57-24
videos/process/process_escena5/w_0_10-57-24_1.jpg,w,10-57-24
videos/process/process_escena5/w_0_10-57-24_2.jpg,w,10-57-24
videos/process/process_escena5/a+w_0_10-57-25.jpg,a+w,10-57-25
videos/process/process_escena5/a+w_0_10-57-25_1.jpg,a+w,10-57-25
videos/process/process_escena5/a+w_0_10-57-25_2.jpg,a+w,10-57-25
videos/process/process_escena5/a+w_0_10-57-26.jpg,a+w,10-57-26
videos/process/process_escena5/w_0_10-57-26.jpg,w,10-57-26
videos/process/process_escena5/w_0_10-57-26_1.jpg,w,10-57-26
videos/process/process_escena5/w_0_10-57-27.jpg,w,10-57-27
videos/process/process_escena5/d_0_10-57-27.jpg,d,10-57-27
videos/process/process_escena5/d+w_0_10-57-27.jpg,d+w,10-57-27
videos/process/process_escena5/a+w_0_10-57-28.jpg,a+w,10-57-28
videos/process/process_escena5/w_0_10-57-28.jpg,w,10-57-28
videos/process/process_escena5/w_0_10-57-29.jpg,w,10-57-29
videos/process/process_escena5/w_0_10-57-29_1.jpg,w,10-57-29
videos/process/process_escena5/w_0_10-57-29_2.jpg,w,10-57-29
videos/process/process_escena5/a_0_10-57-30.jpg,a,10-57-30
videos/process/process_escena5/a+w_0_10-57-30.jpg,a+w,10-57-30
videos/process/process_escena5/w_0_10-57-30.jpg,w,10-57-30
videos/process/process_escena5/w_0_10-57-31.jpg,w,10-57-31
videos/process/process_escena5/a+w_0_10-57-31.jpg,a+w,10-57-31
videos/process/process_escena5/a+w_0_10-57-31_1.jpg,a+w,10-57-31
videos/process/process_escena5/w_0_10-57-32_1.jpg,w,10-57-32
videos/process/process_escena5/w_0_10-57-32.jpg,w,10-57-32
videos/process/process_escena5/w_0_10-57-32_2.jpg,w,10-57-32
videos/process/process_escena5/d+w_0_10-57-33_1.jpg,d+w,10-57-33
videos/process/process_escena5/d+w_0_10-57-33_2.jpg,d+w,10-57-33
videos/process/process_escena5/d+w_0_10-57-33.jpg,d+w,10-57-33
videos/process/process_escena5/d+w_0_10-57-34.jpg,d+w,10-57-34
videos/process/process_escena5/w_0_10-57-34.jpg,w,10-57-34
videos/process/process_escena5/w_0_10-57-35.jpg,w,10-57-35
videos/process/process_escena5/d+w_0_10-57-35.jpg,d+w,10-57-35
videos/process/process_escena5/w_0_10-57-35_1.jpg,w,10-57-35
videos/process/process_escena5/w_0_10-57-36_1.jpg,w,10-57-36
videos/process/process_escena5/w_0_10-57-36.jpg,w,10-57-36
videos/process/process_escena5/a+w_0_10-57-36.jpg,a+w,10-57-36
videos/process/process_escena5/a+w_0_10-57-37_1.jpg,a+w,10-57-37
videos/process/process_escena5/a+w_0_10-57-37.jpg,a+w,10-57-37
videos/process/process_escena5/w_0_10-57-37.jpg,w,10-57-37
videos/process/process_escena5/w_0_10-57-38.jpg,w,10-57-38
videos/process/process_escena5/a+w_0_10-57-38.jpg,a+w,10-57-38
videos/process/process_escena5/a+w_0_10-57-38_1.jpg,a+w,10-57-38
videos/process/process_escena5/w_0_10-57-39_1.jpg,w,10-57-39
videos/process/process_escena5/w_0_10-57-39.jpg,w,10-57-39
videos/process/process_escena5/w_0_10-57-39_2.jpg,w,10-57-39
videos/process/process_escena5/w_0_10-57-40_1.jpg,w,10-57-40
videos/process/process_escena5/w_0_10-57-40_2.jpg,w,10-57-40
videos/process/process_escena5/w_0_10-57-40.jpg,w,10-57-40
videos/process/process_escena5/d+w_0_10-57-41_1.jpg,d+w,10-57-41
videos/process/process_escena5/d+w_0_10-57-41.jpg,d+w,10-57-41
videos/process/process_escena5/d+s_0_10-57-42.jpg,d+s,10-57-42
videos/process/process_escena5/d_0_10-57-42.jpg,d,10-57-42
videos/process/process_escena5/d_0_10-57-42_1.jpg,d,10-57-42
videos/process/process_escena5/w_0_10-57-43_2.jpg,w,10-57-43
videos/process/process_escena5/w_0_10-57-43.jpg,w,10-57-43
videos/process/process_escena5/w_0_10-57-43_1.jpg,w,10-57-43
videos/process/process_escena5/w_0_10-57-44_1.jpg,w,10-57-44
videos/process/process_escena5/d+w_0_10-57-44.jpg,d+w,10-57-44
videos/process/process_escena5/w_0_10-57-44.jpg,w,10-57-44
videos/process/process_escena5/w_0_10-57-45_1.jpg,w,10-57-45
videos/process/process_escena5/w_0_10-57-45.jpg,w,10-57-45
videos/process/process_escena5/d+w_0_10-57-45.jpg,d+w,10-57-45
videos/process/process_escena5/w_0_10-57-46_1.jpg,w,10-57-46
videos/process/process_escena5/w_0_10-57-46_2.jpg,w,10-57-46
videos/process/process_escena5/w_0_10-57-46.jpg,w,10-57-46
videos/process/process_escena5/a_0_10-57-47.jpg,a,10-57-47
videos/process/process_escena5/d_0_10-57-48.jpg,d,10-57-48
videos/process/process_escena5/a+w_0_10-57-49_1.jpg,a+w,10-57-49
videos/process/process_escena5/a+w_0_10-57-49.jpg,a+w,10-57-49
videos/process/process_escena5/d+w_0_10-57-50.jpg,d+w,10-57-50
videos/process/process_escena5/a+w_0_10-57-50.jpg,a+w,10-57-50
videos/process/process_escena5/w_0_10-57-50.jpg,w,10-57-50
videos/process/process_escena5/a_0_10-57-51.jpg,a,10-57-51
videos/process/process_escena5/w_0_10-57-51.jpg,w,10-57-51
videos/process/process_escena5/w_0_10-57-52_2.jpg,w,10-57-52
videos/process/process_escena5/w_0_10-57-52.jpg,w,10-57-52
videos/process/process_escena5/w_0_10-57-52_1.jpg,w,10-57-52
videos/process/process_escena5/w_0_10-57-53_2.jpg,w,10-57-53
videos/process/process_escena5/w_0_10-57-53.jpg,w,10-57-53
videos/process/process_escena5/w_0_10-57-53_1.jpg,w,10-57-53
videos/process/process_escena5/w_0_10-57-54.jpg,w,10-57-54
videos/process/process_escena5/w_0_10-57-54_1.jpg,w,10-57-54
videos/process/process_escena5/a+w_0_10-57-54.jpg,a+w,10-57-54
videos/process/process_escena5/a_0_10-57-55_1.jpg,a,10-57-55
videos/process/process_escena5/a_0_10-57-55.jpg,a,10-57-55
videos/process/process_escena5/a+s_0_10-57-55.jpg,a+s,10-57-55
videos/process/process_escena5/a+w_0_10-57-56.jpg,a+w,10-57-56
videos/process/process_escena5/w_0_10-57-56.jpg,w,10-57-56
videos/process/process_escena5/a+w_0_10-57-56_1.jpg,a+w,10-57-56
videos/process/process_escena5/w_0_10-57-57_2.jpg,w,10-57-57
videos/process/process_escena5/w_0_10-57-57.jpg,w,10-57-57
videos/process/process_escena5/w_0_10-57-57_1.jpg,w,10-57-57
videos/process/process_escena5/w_0_10-57-58.jpg,w,10-57-58
videos/process/process_escena5/a+w_0_10-57-58.jpg,a+w,10-57-58
videos/process/process_escena5/w_0_10-57-59.jpg,w,10-57-59
videos/process/process_escena5/d+w_0_10-57-59.jpg,d+w,10-57-59
videos/process/process_escena5/a+w_0_10-57-59.jpg,a+w,10-57-59
videos/process/process_escena5/w_0_10-58-00.jpg,w,10-58-00
videos/process/process_escena5/d+w_0_10-58-00.jpg,d+w,10-58-00
videos/process/process_escena5/d+w_0_10-58-00_1.jpg,d+w,10-58-00
videos/process/process_escena5/w_0_10-58-01.jpg,w,10-58-01
videos/process/process_escena5/d+w_0_10-58-01.jpg,d+w,10-58-01
videos/process/process_escena5/d+w_0_10-58-01_1.jpg,d+w,10-58-01
videos/process/process_escena5/w_0_10-58-02_2.jpg,w,10-58-02
videos/process/process_escena5/w_0_10-58-02_1.jpg,w,10-58-02
videos/process/process_escena5/w_0_10-58-02.jpg,w,10-58-02
videos/process/process_escena5/w_0_10-58-03.jpg,w,10-58-03
videos/process/process_escena5/w_0_10-58-03_1.jpg,w,10-58-03
videos/process/process_escena5/d+w_0_10-58-03.jpg,d+w,10-58-03
videos/process/process_escena5/w_0_10-58-04.jpg,w,10-58-04
videos/process/process_escena5/a+w_0_10-58-04.jpg,a+w,10-58-04
videos/process/process_escena5/w_0_10-58-05_2.jpg,w,10-58-05
videos/process/process_escena5/w_0_10-58-05.jpg,w,10-58-05
videos/process/process_escena5/w_0_10-58-05_1.jpg,w,10-58-05
videos/process/process_escena5/w_0_10-58-06.jpg,w,10-58-06
videos/process/process_escena5/w_0_10-58-06_1.jpg,w,10-58-06
videos/process/process_escena5/w_0_10-58-06_2.jpg,w,10-58-06
videos/process/process_escena5/a+w_0_10-58-07.jpg,a+w,10-58-07
videos/process/process_escena5/w_0_10-58-07.jpg,w,10-58-07
videos/process/process_escena5/w_0_10-58-07_1.jpg,w,10-58-07
videos/process/process_escena5/w_0_10-58-08.jpg,w,10-58-08
videos/process/process_escena5/a+w_0_10-58-08.jpg,a+w,10-58-08
videos/process/process_escena5/a+w_0_10-58-08_1.jpg,a+w,10-58-08
videos/process/process_escena5/d+w_0_10-58-09.jpg,d+w,10-58-09
videos/process/process_escena5/w_0_10-58-09_1.jpg,w,10-58-09
videos/process/process_escena5/w_0_10-58-09.jpg,w,10-58-09
videos/process/process_escena5/w_0_10-58-10.jpg,w,10-58-10
videos/process/process_escena5/w_0_10-58-10_1.jpg,w,10-58-10
videos/process/process_escena5/a+w_0_10-58-11_2.jpg,a+w,10-58-11
videos/process/process_escena5/a+w_0_10-58-11_1.jpg,a+w,10-58-11
videos/process/process_escena5/a+w_0_10-58-11.jpg,a+w,10-58-11
videos/process/process_escena5/d_0_10-58-12_1.jpg,d,10-58-12
videos/process/process_escena5/a+w_0_10-58-12.jpg,a+w,10-58-12
videos/process/process_escena5/d_0_10-58-12.jpg,d,10-58-12
videos/process/process_escena5/d+w_0_10-58-13.jpg,d+w,10-58-13
videos/process/process_escena5/d+s_0_10-58-13.jpg,d+s,10-58-13
videos/process/process_escena5/d_0_10-58-13.jpg,d,10-58-13
videos/process/process_escena5/d+w_0_10-58-14.jpg,d+w,10-58-14
videos/process/process_escena5/w_0_10-58-14.jpg,w,10-58-14
videos/process/process_escena5/w_0_10-58-14_1.jpg,w,10-58-14
videos/process/process_escena5/d_0_10-58-15.jpg,d,10-58-15
videos/process/process_escena5/w_0_10-58-17.jpg,w,10-58-17
videos/process/process_escena5/a_0_10-58-17.jpg,a,10-58-17
videos/process/process_escena5/a+w_0_10-58-18.jpg,a+w,10-58-18
videos/process/process_escena5/d+w_0_10-58-18.jpg,d+w,10-58-18
videos/process/process_escena5/w_0_10-58-18.jpg,w,10-58-18
videos/process/process_escena5/a+w_0_10-58-19.jpg,a+w,10-58-19
videos/process/process_escena5/w_0_10-58-19.jpg,w,10-58-19
videos/process/process_escena5/s_0_10-58-20.jpg,s,10-58-20
videos/process/process_escena5/w_0_10-58-21.jpg,w,10-58-21
videos/process/process_escena5/w_0_10-58-21_1.jpg,w,10-58-21
videos/process/process_escena5/w_0_10-58-22_1.jpg,w,10-58-22
videos/process/process_escena5/w_0_10-58-22.jpg,w,10-58-22
videos/process/process_escena5/a+w_0_10-58-22.jpg,a+w,10-58-22
videos/process/process_escena5/w_0_10-58-23_1.jpg,w,10-58-23
videos/process/process_escena5/d+w_0_10-58-23.jpg,d+w,10-58-23
videos/process/process_escena5/w_0_10-58-23.jpg,w,10-58-23
videos/process/process_escena5/w_0_10-58-24_1.jpg,w,10-58-24
videos/process/process_escena5/w_0_10-58-24.jpg,w,10-58-24
videos/process/process_escena5/w_0_10-58-25_1.jpg,w,10-58-25
videos/process/process_escena5/w_0_10-58-25.jpg,w,10-58-25
videos/process/process_escena5/w_0_10-58-25_2.jpg,w,10-58-25
videos/process/process_escena5/a_0_10-58-26.jpg,a,10-58-26
videos/process/process_escena5/d_0_10-58-27.jpg,d,10-58-27
videos/process/process_escena5/d_0_10-58-28.jpg,d,10-58-28
videos/process/process_escena5/d_0_10-58-28_1.jpg,d,10-58-28
videos/process/process_escena5/d_0_10-58-29.jpg,d,10-58-29
videos/process/process_escena5/d_0_10-58-29_1.jpg,d,10-58-29
videos/process/process_escena5/d+w_0_10-58-30.jpg,d+w,10-58-30
videos/process/process_escena5/w_0_10-58-30.jpg,w,10-58-30
videos/process/process_escena5/a+w_0_10-58-30.jpg,a+w,10-58-30
videos/process/process_escena5/a+s_0_10-58-31.jpg,a+s,10-58-31
videos/process/process_escena5/d_0_10-58-31.jpg,d,10-58-31
videos/process/process_escena5/w_0_10-58-31.jpg,w,10-58-31
videos/process/process_escena5/a+w_0_10-58-32.jpg,a+w,10-58-32
videos/process/process_escena5/d_0_10-58-32.jpg,d,10-58-32
videos/process/process_escena5/a+w_0_10-58-33.jpg,a+w,10-58-33
videos/process/process_escena5/a_0_10-58-33_1.jpg,a,10-58-33
videos/process/process_escena5/a_0_10-58-33.jpg,a,10-58-33
videos/process/process_escena5/w_0_10-58-34.jpg,w,10-58-34
videos/process/process_escena5/a+w_0_10-58-34_1.jpg,a+w,10-58-34
videos/process/process_escena5/a+w_0_10-58-34.jpg,a+w,10-58-34
videos/process/process_escena5/d+w_0_10-58-35_2.jpg,d+w,10-58-35
videos/process/process_escena5/d+w_0_10-58-35_1.jpg,d+w,10-58-35
videos/process/process_escena5/d+w_0_10-58-35.jpg,d+w,10-58-35
videos/process/process_escena5/w_0_10-58-36.jpg,w,10-58-36
videos/process/process_escena5/d_0_10-58-36.jpg,d,10-58-36
videos/process/process_escena5/d+w_0_10-58-36.jpg,d+w,10-58-36
videos/process/process_escena5/d+s_0_10-58-37.jpg,d+s,10-58-37
videos/process/process_escena5/d_0_10-58-37.jpg,d,10-58-37
videos/process/process_escena5/w_0_10-58-38.jpg,w,10-58-38
videos/process/process_escena5/w_0_10-58-38_2.jpg,w,10-58-38
videos/process/process_escena5/w_0_10-58-38_1.jpg,w,10-58-38
videos/process/process_escena5/a_0_10-58-39.jpg,a,10-58-39
videos/process/process_escena5/w_0_10-58-40.jpg,w,10-58-40
videos/process/process_escena5/w_0_10-58-40_2.jpg,w,10-58-40
videos/process/process_escena5/w_0_10-58-40_1.jpg,w,10-58-40
videos/process/process_escena5/w_0_10-58-41_1.jpg,w,10-58-41
videos/process/process_escena5/w_0_10-58-41.jpg,w,10-58-41
videos/process/process_escena5/d+w_0_10-58-41.jpg,d+w,10-58-41
videos/process/process_escena5/w_0_10-58-42.jpg,w,10-58-42
videos/process/process_escena5/w_0_10-58-42_1.jpg,w,10-58-42
videos/process/process_escena5/d+w_0_10-58-42.jpg,d+w,10-58-42
videos/process/process_escena5/e+w_0_10-58-43.jpg,e+w,10-58-43
videos/process/process_escena5/d+e+w_0_10-58-43.jpg,d+e+w,10-58-43
videos/process/process_escena5/w_0_10-58-43.jpg,w,10-58-43
videos/process/process_escena5/d+w_0_10-58-44.jpg,d+w,10-58-44
videos/process/process_escena5/a+w_0_10-58-44.jpg,a+w,10-58-44
videos/process/process_escena5/w_0_10-58-44.jpg,w,10-58-44
videos/process/process_escena5/w_0_10-58-45.jpg,w,10-58-45
videos/process/process_escena5/d+w_0_10-58-45.jpg,d+w,10-58-45
videos/process/process_escena5/w_0_10-58-46.jpg,w,10-58-46
videos/process/process_escena5/w_0_10-58-46_1.jpg,w,10-58-46
videos/process/process_escena5/w_0_10-58-46_2.jpg,w,10-58-46
videos/process/process_escena5/w_0_10-58-47.jpg,w,10-58-47
videos/process/process_escena5/w_0_10-58-48_1.jpg,w,10-58-48
videos/process/process_escena5/w_0_10-58-48.jpg,w,10-58-48
videos/process/process_escena5/w_0_10-58-48_2.jpg,w,10-58-48
videos/process/process_escena5/d_0_10-58-49.jpg,d,10-58-49
videos/process/process_escena5/w_0_10-58-49.jpg,w,10-58-49
videos/process/process_escena5/w_0_10-58-49_1.jpg,w,10-58-49
videos/process/process_escena5/d+s_0_10-58-50.jpg,d+s,10-58-50
videos/process/process_escena5/d+s_0_10-58-50_2.jpg,d+s,10-58-50
videos/process/process_escena5/d+s_0_10-58-50_1.jpg,d+s,10-58-50
videos/process/process_escena5/w_0_10-58-51.jpg,w,10-58-51
videos/process/process_escena5/a+w_0_10-58-51.jpg,a+w,10-58-51
videos/process/process_escena5/d+w_0_10-58-51.jpg,d+w,10-58-51
videos/process/process_escena5/w_0_10-58-52_1.jpg,w,10-58-52
videos/process/process_escena5/w_0_10-58-52.jpg,w,10-58-52
videos/process/process_escena5/w_0_10-58-53.jpg,w,10-58-53
videos/process/process_escena5/w_0_10-58-53_2.jpg,w,10-58-53
videos/process/process_escena5/w_0_10-58-53_1.jpg,w,10-58-53
videos/process/process_escena5/w_0_10-58-54.jpg,w,10-58-54
videos/process/process_escena5/w_0_10-58-54_1.jpg,w,10-58-54
videos/process/process_escena5/d_0_10-58-56.jpg,d,10-58-56
videos/process/process_escena5/d_0_10-58-57.jpg,d,10-58-57
videos/process/process_escena5/w_0_10-58-57.jpg,w,10-58-57
videos/process/process_escena5/w_0_10-58-58.jpg,w,10-58-58
videos/process/process_escena5/w_0_10-58-58_1.jpg,w,10-58-58
videos/process/process_escena5/d+w_0_10-58-58.jpg,d+w,10-58-58
videos/process/process_escena5/d+w_0_10-58-59.jpg,d+w,10-58-59
videos/process/process_escena5/w_0_10-58-59.jpg,w,10-58-59
videos/process/process_escena5/w_0_10-59-00.jpg,w,10-59-00
videos/process/process_escena5/w_0_10-59-00_2.jpg,w,10-59-00
videos/process/process_escena5/w_0_10-59-00_1.jpg,w,10-59-00
videos/process/process_escena5/w_0_10-59-01_1.jpg,w,10-59-01
videos/process/process_escena5/a+w_0_10-59-01.jpg,a+w,10-59-01
videos/process/process_escena5/w_0_10-59-01.jpg,w,10-59-01
videos/process/process_escena5/w_0_10-59-02_1.jpg,w,10-59-02
videos/process/process_escena5/w_0_10-59-02.jpg,w,10-59-02
videos/process/process_escena5/w_0_10-59-02_2.jpg,w,10-59-02
videos/process/process_escena5/a+w_0_10-59-03.jpg,a+w,10-59-03
videos/process/process_escena5/w_0_10-59-03.jpg,w,10-59-03
videos/process/process_escena5/w_0_10-59-03_1.jpg,w,10-59-03
videos/process/process_escena5/w_0_10-59-04_2.jpg,w,10-59-04
videos/process/process_escena5/w_0_10-59-04.jpg,w,10-59-04
videos/process/process_escena5/w_0_10-59-04_1.jpg,w,10-59-04
videos/process/process_escena5/w_0_10-59-05_1.jpg,w,10-59-05
videos/process/process_escena5/w_0_10-59-05.jpg,w,10-59-05
videos/process/process_escena5/w_0_10-59-06_2.jpg,w,10-59-06
videos/process/process_escena5/w_0_10-59-06.jpg,w,10-59-06
videos/process/process_escena5/w_0_10-59-06_1.jpg,w,10-59-06
videos/process/process_escena5/w_0_10-59-07_2.jpg,w,10-59-07
videos/process/process_escena5/w_0_10-59-07_1.jpg,w,10-59-07
videos/process/process_escena5/w_0_10-59-07.jpg,w,10-59-07
videos/process/process_escena5/w_0_10-59-08_2.jpg,w,10-59-08
videos/process/process_escena5/w_0_10-59-08_1.jpg,w,10-59-08
videos/process/process_escena5/w_0_10-59-08.jpg,w,10-59-08
videos/process/process_escena5/w_0_10-59-09.jpg,w,10-59-09
videos/process/process_escena5/a+w_0_10-59-09.jpg,a+w,10-59-09
videos/process/process_escena5/d+w_0_10-59-09.jpg,d+w,10-59-09
videos/process/process_escena5/w_0_10-59-10.jpg,w,10-59-10
videos/process/process_escena5/a+w_0_10-59-10.jpg,a+w,10-59-10
videos/process/process_escena5/w_0_10-59-11.jpg,w,10-59-11
videos/process/process_escena5/w_0_10-59-11_2.jpg,w,10-59-11
videos/process/process_escena5/w_0_10-59-11_1.jpg,w,10-59-11
videos/process/process_escena5/w_0_10-59-12_1.jpg,w,10-59-12
videos/process/process_escena5/w_0_10-59-12_2.jpg,w,10-59-12
videos/process/process_escena5/w_0_10-59-12.jpg,w,10-59-12
videos/process/process_escena5/w_0_10-59-13.jpg,w,10-59-13
videos/process/process_escena5/w_0_10-59-13_1.jpg,w,10-59-13
videos/process/process_escena5/a+w_0_10-59-13.jpg,a+w,10-59-13
videos/process/process_escena5/w_0_10-59-14_1.jpg,w,10-59-14
videos/process/process_escena5/w_0_10-59-14.jpg,w,10-59-14
videos/process/process_escena5/s_0_10-59-15.jpg,s,10-59-15
videos/process/process_escena5/s_0_10-59-15_2.jpg,s,10-59-15
videos/process/process_escena5/s_0_10-59-15_1.jpg,s,10-59-15
videos/process/process_escena5/a+s_0_10-59-16_1.jpg,a+s,10-59-16
videos/process/process_escena5/a+s_0_10-59-16.jpg,a+s,10-59-16
videos/process/process_escena5/a+w_0_10-59-17_1.jpg,a+w,10-59-17
videos/process/process_escena5/a+w_0_10-59-17.jpg,a+w,10-59-17
videos/process/process_escena5/a_0_10-59-17.jpg,a,10-59-17
videos/process/process_escena5/a+w_0_10-59-18.jpg,a+w,10-59-18
videos/process/process_escena5/w_0_10-59-18.jpg,w,10-59-18
videos/process/process_escena5/w_0_10-59-18_1.jpg,w,10-59-18
videos/process/process_escena5/d_0_10-59-19.jpg,d,10-59-19
videos/process/process_escena5/w_0_10-59-19_1.jpg,w,10-59-19
videos/process/process_escena5/w_0_10-59-19.jpg,w,10-59-19
videos/process/process_escena5/w_0_10-59-20.jpg,w,10-59-20
videos/process/process_escena5/d_0_10-59-20.jpg,d,10-59-20
videos/process/process_escena5/a+w_0_10-59-21.jpg,a+w,10-59-21
videos/process/process_escena5/w_0_10-59-21.jpg,w,10-59-21
videos/process/process_escena5/a_0_10-59-21.jpg,a,10-59-21
videos/process/process_escena5/w_0_10-59-22_1.jpg,w,10-59-22
videos/process/process_escena5/w_0_10-59-22.jpg,w,10-59-22
videos/process/process_escena5/s_0_10-59-23.jpg,s,10-59-23
videos/process/process_escena5/d+s_0_10-59-24.jpg,d+s,10-59-24
videos/process/process_escena5/s_0_10-59-25_1.jpg,s,10-59-25
videos/process/process_escena5/s_0_10-59-25_2.jpg,s,10-59-25
videos/process/process_escena5/s_0_10-59-25.jpg,s,10-59-25
videos/process/process_escena5/s_0_10-59-26_1.jpg,s,10-59-26
videos/process/process_escena5/s_0_10-59-26.jpg,s,10-59-26
videos/process/process_escena5/s_0_10-59-26_2.jpg,s,10-59-26
videos/process/process_escena5/d+w_0_10-59-27.jpg,d+w,10-59-27
videos/process/process_escena5/d_0_10-59-27.jpg,d,10-59-27
videos/process/process_escena5/d+w_0_10-59-28_1.jpg,d+w,10-59-28
videos/process/process_escena5/d+w_0_10-59-28.jpg,d+w,10-59-28
videos/process/process_escena5/a+w_0_10-59-28.jpg,a+w,10-59-28
videos/process/process_escena5/w_0_10-59-29.jpg,w,10-59-29
videos/process/process_escena5/d+w_0_10-59-29_1.jpg,d+w,10-59-29
videos/process/process_escena5/d+w_0_10-59-29.jpg,d+w,10-59-29
videos/process/process_escena5/w_0_10-59-30.jpg,w,10-59-30
videos/process/process_escena5/d_0_10-59-30.jpg,d,10-59-30
videos/process/process_escena5/w_0_10-59-31.jpg,w,10-59-31
videos/process/process_escena5/d_0_10-59-32.jpg,d,10-59-32
videos/process/process_escena5/a_0_10-59-32.jpg,a,10-59-32
videos/process/process_escena5/f+s_0_10-59-33.jpg,f+s,10-59-33
videos/process/process_escena5/a+s_0_10-59-33.jpg,a+s,10-59-33
videos/process/process_escena5/a_0_10-59-34.jpg,a,10-59-34
videos/process/process_escena5/a_0_10-59-35.jpg,a,10-59-35
videos/process/process_escena5/a_0_10-59-35_1.jpg,a,10-59-35
videos/process/process_escena5/a_0_10-59-35_2.jpg,a,10-59-35
videos/process/process_escena5/a_0_10-59-36.jpg,a,10-59-36
videos/process/process_escena5/a_0_10-59-36_2.jpg,a,10-59-36
videos/process/process_escena5/a_0_10-59-36_1.jpg,a,10-59-36
videos/process/process_escena5/a_0_10-59-37_1.jpg,a,10-59-37
videos/process/process_escena5/a_0_10-59-37.jpg,a,10-59-37
videos/process/process_escena5/alt_l_0_10-59-39.jpg,alt,10-59-39
videos/process/process_escena5/w_0_10-59-44.jpg,w,10-59-44
videos/process/process_escena5/w_0_10-59-45_1.jpg,w,10-59-45
videos/process/process_escena5/w_0_10-59-45.jpg,w,10-59-45
videos/process/process_escena5/d+w_0_10-59-45.jpg,d+w,10-59-45
videos/process/process_escena5/w_0_10-59-46.jpg,w,10-59-46
videos/process/process_escena5/w_0_10-59-46_1.jpg,w,10-59-46
videos/process/process_escena5/w_0_10-59-47_2.jpg,w,10-59-47
videos/process/process_escena5/w_0_10-59-47.jpg,w,10-59-47
videos/process/process_escena5/w_0_10-59-47_1.jpg,w,10-59-47
videos/process/process_escena5/w_0_10-59-48_1.jpg,w,10-59-48
videos/process/process_escena5/w_0_10-59-48.jpg,w,10-59-48
videos/process/process_escena5/a+w_0_10-59-48.jpg,a+w,10-59-48
videos/process/process_escena5/a+w_0_10-59-49.jpg,a+w,10-59-49
videos/process/process_escena5/w_0_10-59-49.jpg,w,10-59-49
videos/process/process_escena5/d+w_0_10-59-49.jpg,d+w,10-59-49
videos/process/process_escena5/a+w_0_10-59-50_1.jpg,a+w,10-59-50
videos/process/process_escena5/w_0_10-59-50.jpg,w,10-59-50
videos/process/process_escena5/a+w_0_10-59-50.jpg,a+w,10-59-50
videos/process/process_escena5/a+w_0_10-59-51_1.jpg,a+w,10-59-51
videos/process/process_escena5/a+w_0_10-59-51.jpg,a+w,10-59-51
videos/process/process_escena5/w_0_10-59-51.jpg,w,10-59-51
videos/process/process_escena5/a+w_0_10-59-52.jpg,a+w,10-59-52
videos/process/process_escena5/a_0_10-59-52.jpg,a,10-59-52
videos/process/process_escena5/a_0_10-59-52_1.jpg,a,10-59-52
videos/process/process_escena5/a+w_0_10-59-53.jpg,a+w,10-59-53
videos/process/process_escena5/a+w_0_10-59-53_1.jpg,a+w,10-59-53
videos/process/process_escena5/w_0_10-59-54.jpg,w,10-59-54
videos/process/process_escena5/a+w_0_10-59-54_1.jpg,a+w,10-59-54
videos/process/process_escena5/a+w_0_10-59-54.jpg,a+w,10-59-54
videos/process/process_escena5/w_0_10-59-55.jpg,w,10-59-55
videos/process/process_escena5/w_0_10-59-55_1.jpg,w,10-59-55
videos/process/process_escena5/w_0_10-59-55_2.jpg,w,10-59-55
videos/process/process_escena5/d+w_0_10-59-56.jpg,d+w,10-59-56
videos/process/process_escena5/a+w_0_10-59-56.jpg,a+w,10-59-56
videos/process/process_escena5/w_0_10-59-56.jpg,w,10-59-56
videos/process/process_escena5/w_0_10-59-57_1.jpg,w,10-59-57
videos/process/process_escena5/w_0_10-59-57.jpg,w,10-59-57
videos/process/process_escena5/d+w_0_10-59-57.jpg,d+w,10-59-57
videos/process/process_escena5/d+w_0_10-59-58_2.jpg,d+w,10-59-58
videos/process/process_escena5/d+w_0_10-59-58.jpg,d+w,10-59-58
videos/process/process_escena5/d+w_0_10-59-58_1.jpg,d+w,10-59-58
videos/process/process_escena5/d+w_0_10-59-59_1.jpg,d+w,10-59-59
videos/process/process_escena5/d+w_0_10-59-59_2.jpg,d+w,10-59-59
videos/process/process_escena5/d+w_0_10-59-59.jpg,d+w,10-59-59
videos/process/process_escena5/d+w_0_11-00-00.jpg,d+w,11-00-00
videos/process/process_escena5/d+w_0_11-00-00_1.jpg,d+w,11-00-00
videos/process/process_escena5/d+w_0_11-00-01.jpg,d+w,11-00-01
videos/process/process_escena5/d+w_0_11-00-01_2.jpg,d+w,11-00-01
videos/process/process_escena5/d+w_0_11-00-01_1.jpg,d+w,11-00-01
videos/process/process_escena5/w_0_11-00-02.jpg,w,11-00-02
videos/process/process_escena5/w+z_0_11-00-02.jpg,w+z,11-00-02
videos/process/process_escena5/w_0_11-00-02_1.jpg,w,11-00-02
videos/process/process_escena5/w_0_11-00-03_1.jpg,w,11-00-03
videos/process/process_escena5/w_0_11-00-03.jpg,w,11-00-03
videos/process/process_escena5/a+w_0_11-00-03.jpg,a+w,11-00-03
videos/process/process_escena5/w_0_11-00-04_1.jpg,w,11-00-04
videos/process/process_escena5/w_0_11-00-04.jpg,w,11-00-04
videos/process/process_escena5/w_0_11-00-04_2.jpg,w,11-00-04
videos/process/process_escena5/w_0_11-00-05_2.jpg,w,11-00-05
videos/process/process_escena5/w_0_11-00-05_1.jpg,w,11-00-05
videos/process/process_escena5/w_0_11-00-05.jpg,w,11-00-05
videos/process/process_escena5/w_0_11-00-06_1.jpg,w,11-00-06
videos/process/process_escena5/w_0_11-00-06.jpg,w,11-00-06
videos/process/process_escena5/w_0_11-00-06_2.jpg,w,11-00-06
videos/process/process_escena5/w_0_11-00-07_1.jpg,w,11-00-07
videos/process/process_escena5/w_0_11-00-07.jpg,w,11-00-07
videos/process/process_escena5/w_0_11-00-08_1.jpg,w,11-00-08
videos/process/process_escena5/a+w_0_11-00-08.jpg,a+w,11-00-08
videos/process/process_escena5/w_0_11-00-08.jpg,w,11-00-08
videos/process/process_escena5/w_0_11-00-09_1.jpg,w,11-00-09
videos/process/process_escena5/w_0_11-00-09_2.jpg,w,11-00-09
videos/process/process_escena5/w_0_11-00-09.jpg,w,11-00-09
videos/process/process_escena5/w_0_11-00-10.jpg,w,11-00-10
videos/process/process_escena5/w_0_11-00-10_2.jpg,w,11-00-10
videos/process/process_escena5/w_0_11-00-10_1.jpg,w,11-00-10
videos/process/process_escena5/w_0_11-00-11.jpg,w,11-00-11
videos/process/process_escena5/w_0_11-00-11_1.jpg,w,11-00-11
videos/process/process_escena5/w_0_11-00-11_2.jpg,w,11-00-11
videos/process/process_escena5/w_0_11-00-12_1.jpg,w,11-00-12
videos/process/process_escena5/w_0_11-00-12.jpg,w,11-00-12
videos/process/process_escena5/d+w_0_11-00-12.jpg,d+w,11-00-12
videos/process/process_escena5/w_0_11-00-13.jpg,w,11-00-13
videos/process/process_escena5/w_0_11-00-13_1.jpg,w,11-00-13
videos/process/process_escena5/e+w_0_11-00-13.jpg,e+w,11-00-13
videos/process/process_escena5/a+e+w_0_11-00-14.jpg,a+e+w,11-00-14
videos/process/process_escena5/w_0_11-00-14.jpg,w,11-00-14
videos/process/process_escena5/d+w_0_11-00-14.jpg,d+w,11-00-14
videos/process/process_escena5/w_0_11-00-15_1.jpg,w,11-00-15
videos/process/process_escena5/w_0_11-00-15.jpg,w,11-00-15
videos/process/process_escena5/a+w_0_11-00-16.jpg,a+w,11-00-16
videos/process/process_escena5/w_0_11-00-16.jpg,w,11-00-16
videos/process/process_escena5/w_0_11-00-16_1.jpg,w,11-00-16
videos/process/process_escena5/w_0_11-00-17_1.jpg,w,11-00-17
videos/process/process_escena5/e+w_0_11-00-17.jpg,e+w,11-00-17
videos/process/process_escena5/w_0_11-00-17.jpg,w,11-00-17
videos/process/process_escena5/w_0_11-00-18_1.jpg,w,11-00-18
videos/process/process_escena5/e+w_0_11-00-18.jpg,e+w,11-00-18
videos/process/process_escena5/w_0_11-00-18.jpg,w,11-00-18
videos/process/process_escena5/w_0_11-00-19_2.jpg,w,11-00-19
videos/process/process_escena5/w_0_11-00-19_1.jpg,w,11-00-19
videos/process/process_escena5/w_0_11-00-19.jpg,w,11-00-19
videos/process/process_escena5/e+w_0_11-00-20.jpg,e+w,11-00-20
videos/process/process_escena5/w_0_11-00-20_1.jpg,w,11-00-20
videos/process/process_escena5/w_0_11-00-20.jpg,w,11-00-20
videos/process/process_escena5/w_0_11-00-21_1.jpg,w,11-00-21
videos/process/process_escena5/w_0_11-00-21.jpg,w,11-00-21
videos/process/process_escena5/w_0_11-00-22.jpg,w,11-00-22
videos/process/process_escena5/e+w_0_11-00-22.jpg,e+w,11-00-22
videos/process/process_escena5/w_0_11-00-22_1.jpg,w,11-00-22
videos/process/process_escena5/d+w_0_11-00-23.jpg,d+w,11-00-23
videos/process/process_escena5/w_0_11-00-23.jpg,w,11-00-23
videos/process/process_escena5/a+w_0_11-00-23.jpg,a+w,11-00-23
videos/process/process_escena5/d+w_0_11-00-24_1.jpg,d+w,11-00-24
videos/process/process_escena5/a+w_0_11-00-24.jpg,a+w,11-00-24
videos/process/process_escena5/d+w_0_11-00-24.jpg,d+w,11-00-24
videos/process/process_escena5/w_0_11-00-25.jpg,w,11-00-25
videos/process/process_escena5/w_0_11-00-25_1.jpg,w,11-00-25
videos/process/process_escena5/a+w_0_11-00-25.jpg,a+w,11-00-25
videos/process/process_escena5/w_0_11-00-26_1.jpg,w,11-00-26
videos/process/process_escena5/w_0_11-00-26.jpg,w,11-00-26
videos/process/process_escena5/w_0_11-00-26_2.jpg,w,11-00-26
videos/process/process_escena5/w_0_11-00-27_1.jpg,w,11-00-27
videos/process/process_escena5/w_0_11-00-27.jpg,w,11-00-27
videos/process/process_escena5/w_0_11-00-28_1.jpg,w,11-00-28
videos/process/process_escena5/w_0_11-00-28_2.jpg,w,11-00-28
videos/process/process_escena5/w_0_11-00-28.jpg,w,11-00-28
videos/process/process_escena5/d+w_0_11-00-29.jpg,d+w,11-00-29
videos/process/process_escena5/e+w_0_11-00-29.jpg,e+w,11-00-29
videos/process/process_escena5/w_0_11-00-29.jpg,w,11-00-29
videos/process/process_escena5/w_0_11-00-30.jpg,w,11-00-30
videos/process/process_escena5/w_0_11-00-30_1.jpg,w,11-00-30
videos/process/process_escena5/w_0_11-00-30_2.jpg,w,11-00-30
videos/process/process_escena5/w_0_11-00-31_1.jpg,w,11-00-31
videos/process/process_escena5/w_0_11-00-31.jpg,w,11-00-31
videos/process/process_escena5/d+w_0_11-00-31.jpg,d+w,11-00-31
videos/process/process_escena5/w_0_11-00-32_1.jpg,w,11-00-32
videos/process/process_escena5/w_0_11-00-32.jpg,w,11-00-32
videos/process/process_escena5/d+w_0_11-00-32.jpg,d+w,11-00-32
videos/process/process_escena5/w_0_11-00-33_1.jpg,w,11-00-33
videos/process/process_escena5/w_0_11-00-33_2.jpg,w,11-00-33
videos/process/process_escena5/w_0_11-00-33.jpg,w,11-00-33
videos/process/process_escena5/a+w_0_11-00-34_1.jpg,a+w,11-00-34
videos/process/process_escena5/a+w_0_11-00-34.jpg,a+w,11-00-34
videos/process/process_escena5/d+w_0_11-00-34.jpg,d+w,11-00-34
videos/process/process_escena5/a+w_0_11-00-35.jpg,a+w,11-00-35
videos/process/process_escena5/d+w_0_11-00-35.jpg,d+w,11-00-35
videos/process/process_escena5/a+w_0_11-00-36_2.jpg,a+w,11-00-36
videos/process/process_escena5/a+w_0_11-00-36.jpg,a+w,11-00-36
videos/process/process_escena5/a+w_0_11-00-36_1.jpg,a+w,11-00-36
videos/process/process_escena5/a+w_0_11-00-37.jpg,a+w,11-00-37
videos/process/process_escena5/a+w_0_11-00-37_2.jpg,a+w,11-00-37
videos/process/process_escena5/a+w_0_11-00-37_1.jpg,a+w,11-00-37
videos/process/process_escena5/w_0_11-00-38_1.jpg,w,11-00-38
videos/process/process_escena5/w_0_11-00-38_2.jpg,w,11-00-38
videos/process/process_escena5/w_0_11-00-38.jpg,w,11-00-38
videos/process/process_escena5/w_0_11-00-39_1.jpg,w,11-00-39
videos/process/process_escena5/w_0_11-00-39_2.jpg,w,11-00-39
videos/process/process_escena5/w_0_11-00-39.jpg,w,11-00-39
videos/process/process_escena5/w_0_11-00-40_2.jpg,w,11-00-40
videos/process/process_escena5/w_0_11-00-40_1.jpg,w,11-00-40
videos/process/process_escena5/w_0_11-00-40.jpg,w,11-00-40
videos/process/process_escena5/w_0_11-00-41.jpg,w,11-00-41
videos/process/process_escena5/w_0_11-00-41_1.jpg,w,11-00-41
videos/process/process_escena5/w_0_11-00-41_2.jpg,w,11-00-41
videos/process/process_escena5/w_0_11-00-42_1.jpg,w,11-00-42
videos/process/process_escena5/w_0_11-00-42.jpg,w,11-00-42
videos/process/process_escena5/a+w_0_11-00-42.jpg,a+w,11-00-42
videos/process/process_escena5/w_0_11-00-43.jpg,w,11-00-43
videos/process/process_escena5/e+w_0_11-00-43.jpg,e+w,11-00-43
videos/process/process_escena5/w_0_11-00-44.jpg,w,11-00-44
videos/process/process_escena5/a+w_0_11-00-44.jpg,a+w,11-00-44
videos/process/process_escena5/w_0_11-00-44_1.jpg,w,11-00-44
videos/process/process_escena5/w_0_11-00-45_1.jpg,w,11-00-45
videos/process/process_escena5/e+w_0_11-00-45.jpg,e+w,11-00-45
videos/process/process_escena5/w_0_11-00-45.jpg,w,11-00-45
videos/process/process_escena5/w_0_11-00-46_2.jpg,w,11-00-46
videos/process/process_escena5/w_0_11-00-46.jpg,w,11-00-46
videos/process/process_escena5/w_0_11-00-46_1.jpg,w,11-00-46
videos/process/process_escena5/d+w_0_11-00-47.jpg,d+w,11-00-47
videos/process/process_escena5/w_0_11-00-47_1.jpg,w,11-00-47
videos/process/process_escena5/w_0_11-00-47.jpg,w,11-00-47
videos/process/process_escena5/w_0_11-00-48.jpg,w,11-00-48
videos/process/process_escena5/w_0_11-00-48_1.jpg,w,11-00-48
videos/process/process_escena5/w_0_11-00-48_2.jpg,w,11-00-48
videos/process/process_escena5/w_0_11-00-49.jpg,w,11-00-49
videos/process/process_escena5/w_0_11-00-49_1.jpg,w,11-00-49
videos/process/process_escena5/w_0_11-00-50.jpg,w,11-00-50
videos/process/process_escena5/w_0_11-00-50_2.jpg,w,11-00-50
videos/process/process_escena5/w_0_11-00-50_1.jpg,w,11-00-50
videos/process/process_escena5/w_0_11-00-51.jpg,w,11-00-51
videos/process/process_escena5/w_0_11-00-51_1.jpg,w,11-00-51
videos/process/process_escena5/a+w_0_11-00-51.jpg,a+w,11-00-51
videos/process/process_escena5/w_0_11-00-52.jpg,w,11-00-52
videos/process/process_escena5/w_0_11-00-52_1.jpg,w,11-00-52
videos/process/process_escena5/d+w_0_11-00-52.jpg,d+w,11-00-52
videos/process/process_escena5/w_0_11-00-53_1.jpg,w,11-00-53
videos/process/process_escena5/w_0_11-00-53.jpg,w,11-00-53
videos/process/process_escena5/w_0_11-00-53_2.jpg,w,11-00-53
videos/process/process_escena5/w_0_11-00-54.jpg,w,11-00-54
videos/process/process_escena5/w_0_11-00-54_2.jpg,w,11-00-54
videos/process/process_escena5/w_0_11-00-54_1.jpg,w,11-00-54
videos/process/process_escena5/w_0_11-00-55_1.jpg,w,11-00-55
videos/process/process_escena5/w_0_11-00-55.jpg,w,11-00-55
videos/process/process_escena5/w_0_11-00-55_2.jpg,w,11-00-55
videos/process/process_escena5/w_0_11-00-56.jpg,w,11-00-56
videos/process/process_escena5/w_0_11-00-56_1.jpg,w,11-00-56
videos/process/process_escena5/a+w_0_11-00-57.jpg,a+w,11-00-57
videos/process/process_escena5/w_0_11-00-57_1.jpg,w,11-00-57
videos/process/process_escena5/w_0_11-00-57.jpg,w,11-00-57
videos/process/process_escena5/w_0_11-00-58.jpg,w,11-00-58
videos/process/process_escena5/w_0_11-00-58_2.jpg,w,11-00-58
videos/process/process_escena5/w_0_11-00-58_1.jpg,w,11-00-58
videos/process/process_escena5/w_0_11-00-59_2.jpg,w,11-00-59
videos/process/process_escena5/w_0_11-00-59.jpg,w,11-00-59
videos/process/process_escena5/w_0_11-00-59_1.jpg,w,11-00-59
videos/process/process_escena5/w_0_11-01-00_1.jpg,w,11-01-00
videos/process/process_escena5/w_0_11-01-00_2.jpg,w,11-01-00
videos/process/process_escena5/w_0_11-01-00.jpg,w,11-01-00
videos/process/process_escena5/d+w_0_11-01-01_1.jpg,d+w,11-01-01
videos/process/process_escena5/d+w_0_11-01-01.jpg,d+w,11-01-01
videos/process/process_escena5/w_0_11-01-01.jpg,w,11-01-01
videos/process/process_escena5/w_0_11-01-02.jpg,w,11-01-02
videos/process/process_escena5/d+w_0_11-01-02.jpg,d+w,11-01-02
videos/process/process_escena5/d+w_0_11-01-02_1.jpg,d+w,11-01-02
videos/process/process_escena5/w_0_11-01-03_1.jpg,w,11-01-03
videos/process/process_escena5/w_0_11-01-03.jpg,w,11-01-03
videos/process/process_escena5/w_0_11-01-03_2.jpg,w,11-01-03
videos/process/process_escena5/w_0_11-01-04_1.jpg,w,11-01-04
videos/process/process_escena5/w_0_11-01-04.jpg,w,11-01-04
videos/process/process_escena5/w_0_11-01-05_1.jpg,w,11-01-05
videos/process/process_escena5/w_0_11-01-05.jpg,w,11-01-05
videos/process/process_escena5/a+w_0_11-01-05.jpg,a+w,11-01-05
videos/process/process_escena5/w_0_11-01-06.jpg,w,11-01-06
videos/process/process_escena5/a+w_0_11-01-06.jpg,a+w,11-01-06
videos/process/process_escena5/w_0_11-01-06_1.jpg,w,11-01-06
videos/process/process_escena5/a+w_0_11-01-07.jpg,a+w,11-01-07
videos/process/process_escena5/w_0_11-01-07.jpg,w,11-01-07
videos/process/process_escena5/w_0_11-01-07_1.jpg,w,11-01-07
videos/process/process_escena5/w_0_11-01-08.jpg,w,11-01-08
videos/process/process_escena5/w_0_11-01-08_1.jpg,w,11-01-08
videos/process/process_escena5/w_0_11-01-08_2.jpg,w,11-01-08
videos/process/process_escena5/w_0_11-01-09_1.jpg,w,11-01-09
videos/process/process_escena5/w_0_11-01-09.jpg,w,11-01-09
videos/process/process_escena5/a+w_0_11-01-09.jpg,a+w,11-01-09
videos/process/process_escena5/w_0_11-01-10_2.jpg,w,11-01-10
videos/process/process_escena5/w_0_11-01-10_1.jpg,w,11-01-10
videos/process/process_escena5/w_0_11-01-10.jpg,w,11-01-10
videos/process/process_escena5/d+w_0_11-01-11.jpg,d+w,11-01-11
videos/process/process_escena5/w_0_11-01-11_1.jpg,w,11-01-11
videos/process/process_escena5/w_0_11-01-11.jpg,w,11-01-11
videos/process/process_escena5/w_0_11-01-12.jpg,w,11-01-12
videos/process/process_escena5/w_0_11-01-12_1.jpg,w,11-01-12
videos/process/process_escena5/w_0_11-01-13_1.jpg,w,11-01-13
videos/process/process_escena5/w_0_11-01-13.jpg,w,11-01-13
videos/process/process_escena5/d+w_0_11-01-13.jpg,d+w,11-01-13
videos/process/process_escena5/w_0_11-01-14_1.jpg,w,11-01-14
videos/process/process_escena5/d+w_0_11-01-14.jpg,d+w,11-01-14
videos/process/process_escena5/w_0_11-01-14.jpg,w,11-01-14
videos/process/process_escena5/w_0_11-01-15.jpg,w,11-01-15
videos/process/process_escena5/w_0_11-01-15_2.jpg,w,11-01-15
videos/process/process_escena5/w_0_11-01-15_1.jpg,w,11-01-15
videos/process/process_escena5/d+w_0_11-01-16.jpg,d+w,11-01-16
videos/process/process_escena5/d+w_0_11-01-16_1.jpg,d+w,11-01-16
videos/process/process_escena5/w_0_11-01-16.jpg,w,11-01-16
videos/process/process_escena5/a+w_0_11-01-17.jpg,a+w,11-01-17
videos/process/process_escena5/d+w_0_11-01-17.jpg,d+w,11-01-17
videos/process/process_escena5/w_0_11-01-17.jpg,w,11-01-17
videos/process/process_escena5/w_0_11-01-18_1.jpg,w,11-01-18
videos/process/process_escena5/w_0_11-01-18.jpg,w,11-01-18
videos/process/process_escena5/a+w_0_11-01-18.jpg,a+w,11-01-18
videos/process/process_escena5/w_0_11-01-19_2.jpg,w,11-01-19
videos/process/process_escena5/w_0_11-01-19.jpg,w,11-01-19
videos/process/process_escena5/w_0_11-01-19_1.jpg,w,11-01-19
videos/process/process_escena5/w_0_11-01-20.jpg,w,11-01-20
videos/process/process_escena5/w_0_11-01-20_1.jpg,w,11-01-20
videos/process/process_escena5/w_0_11-01-21.jpg,w,11-01-21
videos/process/process_escena5/w_0_11-01-21_1.jpg,w,11-01-21
videos/process/process_escena5/w_0_11-01-21_2.jpg,w,11-01-21
videos/process/process_escena5/w_0_11-01-22_2.jpg,w,11-01-22
videos/process/process_escena5/w_0_11-01-22.jpg,w,11-01-22
videos/process/process_escena5/w_0_11-01-22_1.jpg,w,11-01-22
videos/process/process_escena5/w_0_11-01-23.jpg,w,11-01-23
videos/process/process_escena5/w_0_11-01-23_2.jpg,w,11-01-23
videos/process/process_escena5/w_0_11-01-23_1.jpg,w,11-01-23
videos/process/process_escena5/w_0_11-01-24_1.jpg,w,11-01-24
videos/process/process_escena5/a+w_0_11-01-24.jpg,a+w,11-01-24
videos/process/process_escena5/w_0_11-01-24.jpg,w,11-01-24
videos/process/process_escena5/w_0_11-01-25.jpg,w,11-01-25
videos/process/process_escena5/w_0_11-01-25_1.jpg,w,11-01-25
videos/process/process_escena5/a+w_0_11-01-25.jpg,a+w,11-01-25
videos/process/process_escena5/w_0_11-01-26_1.jpg,w,11-01-26
videos/process/process_escena5/a+w_0_11-01-26.jpg,a+w,11-01-26
videos/process/process_escena5/w_0_11-01-26.jpg,w,11-01-26
videos/process/process_escena5/a+w_0_11-01-27.jpg,a+w,11-01-27
videos/process/process_escena5/w_0_11-01-27_1.jpg,w,11-01-27
videos/process/process_escena5/w_0_11-01-27.jpg,w,11-01-27
videos/process/process_escena5/w_0_11-01-28.jpg,w,11-01-28
videos/process/process_escena5/d+w_0_11-01-28.jpg,d+w,11-01-28
videos/process/process_escena5/w_0_11-01-29_2.jpg,w,11-01-29
videos/process/process_escena5/w_0_11-01-29_1.jpg,w,11-01-29
videos/process/process_escena5/w_0_11-01-29.jpg,w,11-01-29
videos/process/process_escena5/w_0_11-01-30.jpg,w,11-01-30
videos/process/process_escena5/w_0_11-01-31_1.jpg,w,11-01-31
videos/process/process_escena5/w_0_11-01-31_2.jpg,w,11-01-31
videos/process/process_escena5/w_0_11-01-31.jpg,w,11-01-31
videos/process/process_escena5/w_0_11-01-32_1.jpg,w,11-01-32
videos/process/process_escena5/w_0_11-01-32_2.jpg,w,11-01-32
videos/process/process_escena5/w_0_11-01-32.jpg,w,11-01-32
videos/process/process_escena5/w_0_11-01-33_2.jpg,w,11-01-33
videos/process/process_escena5/w_0_11-01-33_1.jpg,w,11-01-33
videos/process/process_escena5/w_0_11-01-33.jpg,w,11-01-33
videos/process/process_escena5/a+w_0_11-01-34.jpg,a+w,11-01-34
videos/process/process_escena5/w_0_11-01-34.jpg,w,11-01-34
videos/process/process_escena5/w_0_11-01-34_1.jpg,w,11-01-34
videos/process/process_escena5/w_0_11-01-35.jpg,w,11-01-35
videos/process/process_escena5/w_0_11-01-35_1.jpg,w,11-01-35
videos/process/process_escena5/a+w_0_11-01-35.jpg,a+w,11-01-35
videos/process/process_escena5/w_0_11-01-36_1.jpg,w,11-01-36
videos/process/process_escena5/w_0_11-01-36_2.jpg,w,11-01-36
videos/process/process_escena5/w_0_11-01-36.jpg,w,11-01-36
videos/process/process_escena5/w_0_11-01-37.jpg,w,11-01-37
videos/process/process_escena5/w_0_11-01-37_1.jpg,w,11-01-37
videos/process/process_escena5/a+w_0_11-01-37.jpg,a+w,11-01-37
videos/process/process_escena5/a+w_0_11-01-38.jpg,a+w,11-01-38
videos/process/process_escena5/w_0_11-01-38.jpg,w,11-01-38
videos/process/process_escena5/w_0_11-01-38_1.jpg,w,11-01-38
videos/process/process_escena5/w_0_11-01-39_1.jpg,w,11-01-39
videos/process/process_escena5/w_0_11-01-39.jpg,w,11-01-39
videos/process/process_escena5/w_0_11-01-40.jpg,w,11-01-40
videos/process/process_escena5/a+w_0_11-01-40.jpg,a+w,11-01-40
videos/process/process_escena5/w_0_11-01-40_1.jpg,w,11-01-40
videos/process/process_escena5/w_0_11-01-41.jpg,w,11-01-41
videos/process/process_escena5/w_0_11-01-41_2.jpg,w,11-01-41
videos/process/process_escena5/w_0_11-01-41_1.jpg,w,11-01-41
videos/process/process_escena5/w_0_11-01-42_1.jpg,w,11-01-42
videos/process/process_escena5/w_0_11-01-42.jpg,w,11-01-42
videos/process/process_escena5/w_0_11-01-42_2.jpg,w,11-01-42
videos/process/process_escena5/w_0_11-01-43.jpg,w,11-01-43
videos/process/process_escena5/w_0_11-01-43_2.jpg,w,11-01-43
videos/process/process_escena5/w_0_11-01-43_1.jpg,w,11-01-43
videos/process/process_escena5/w_0_11-01-44.jpg,w,11-01-44
videos/process/process_escena5/w_0_11-01-44_1.jpg,w,11-01-44
videos/process/process_escena5/w_0_11-01-44_2.jpg,w,11-01-44
videos/process/process_escena5/w_0_11-01-45.jpg,w,11-01-45
videos/process/process_escena5/w_0_11-01-45_1.jpg,w,11-01-45
videos/process/process_escena5/a+w_0_11-01-45.jpg,a+w,11-01-45
videos/process/process_escena5/w_0_11-01-46.jpg,w,11-01-46
videos/process/process_escena5/w_0_11-01-46_1.jpg,w,11-01-46
videos/process/process_escena5/w_0_11-01-47_2.jpg,w,11-01-47
videos/process/process_escena5/w_0_11-01-47.jpg,w,11-01-47
videos/process/process_escena5/w_0_11-01-47_1.jpg,w,11-01-47
videos/process/process_escena5/w_0_11-01-48_2.jpg,w,11-01-48
videos/process/process_escena5/w_0_11-01-48.jpg,w,11-01-48
videos/process/process_escena5/w_0_11-01-48_1.jpg,w,11-01-48
videos/process/process_escena5/w_0_11-01-49_2.jpg,w,11-01-49
videos/process/process_escena5/w_0_11-01-49.jpg,w,11-01-49
videos/process/process_escena5/w_0_11-01-49_1.jpg,w,11-01-49
videos/process/process_escena5/w_0_11-01-50.jpg,w,11-01-50
videos/process/process_escena5/w_0_11-01-50_2.jpg,w,11-01-50
videos/process/process_escena5/w_0_11-01-50_1.jpg,w,11-01-50
videos/process/process_escena5/w_0_11-01-51_2.jpg,w,11-01-51
videos/process/process_escena5/w_0_11-01-51_1.jpg,w,11-01-51
videos/process/process_escena5/w_0_11-01-51.jpg,w,11-01-51
videos/process/process_escena5/w_0_11-01-52_1.jpg,w,11-01-52
videos/process/process_escena5/w_0_11-01-52.jpg,w,11-01-52
videos/process/process_escena5/w_0_11-01-52_2.jpg,w,11-01-52
videos/process/process_escena5/w_0_11-01-53_1.jpg,w,11-01-53
videos/process/process_escena5/w_0_11-01-53_2.jpg,w,11-01-53
videos/process/process_escena5/w_0_11-01-53.jpg,w,11-01-53
videos/process/process_escena5/w_0_11-01-54.jpg,w,11-01-54
videos/process/process_escena5/d+w_0_11-01-54.jpg,d+w,11-01-54
videos/process/process_escena5/w_0_11-01-55.jpg,w,11-01-55
videos/process/process_escena5/w_0_11-01-55_1.jpg,w,11-01-55
videos/process/process_escena5/w_0_11-01-55_2.jpg,w,11-01-55
videos/process/process_escena5/w_0_11-01-56.jpg,w,11-01-56
videos/process/process_escena5/w_0_11-01-56_1.jpg,w,11-01-56
videos/process/process_escena5/w_0_11-01-56_2.jpg,w,11-01-56
videos/process/process_escena5/w_0_11-01-57.jpg,w,11-01-57
videos/process/process_escena5/w_0_11-01-57_1.jpg,w,11-01-57
videos/process/process_escena5/w_0_11-01-57_2.jpg,w,11-01-57
videos/process/process_escena5/w_0_11-01-58_1.jpg,w,11-01-58
videos/process/process_escena5/w_0_11-01-58.jpg,w,11-01-58
videos/process/process_escena5/w_0_11-01-58_2.jpg,w,11-01-58
videos/process/process_escena5/w_0_11-01-59_2.jpg,w,11-01-59
videos/process/process_escena5/w_0_11-01-59_1.jpg,w,11-01-59
videos/process/process_escena5/w_0_11-01-59.jpg,w,11-01-59
videos/process/process_escena5/w_0_11-02-00_2.jpg,w,11-02-00
videos/process/process_escena5/w_0_11-02-00.jpg,w,11-02-00
videos/process/process_escena5/w_0_11-02-00_1.jpg,w,11-02-00
videos/process/process_escena5/w_0_11-02-01_2.jpg,w,11-02-01
videos/process/process_escena5/w_0_11-02-01.jpg,w,11-02-01
videos/process/process_escena5/w_0_11-02-01_1.jpg,w,11-02-01
videos/process/process_escena5/w_0_11-02-02_1.jpg,w,11-02-02
videos/process/process_escena5/w_0_11-02-02.jpg,w,11-02-02
videos/process/process_escena5/w_0_11-02-03.jpg,w,11-02-03
videos/process/process_escena5/w_0_11-02-03_1.jpg,w,11-02-03
videos/process/process_escena5/w_0_11-02-03_2.jpg,w,11-02-03
videos/process/process_escena5/w_0_11-02-04_1.jpg,w,11-02-04
videos/process/process_escena5/w_0_11-02-04.jpg,w,11-02-04
videos/process/process_escena5/a+w_0_11-02-04.jpg,a+w,11-02-04
videos/process/process_escena5/w_0_11-02-05_1.jpg,w,11-02-05
videos/process/process_escena5/w_0_11-02-05_2.jpg,w,11-02-05
videos/process/process_escena5/w_0_11-02-05.jpg,w,11-02-05
videos/process/process_escena5/w_0_11-02-06_2.jpg,w,11-02-06
videos/process/process_escena5/w_0_11-02-06_1.jpg,w,11-02-06
videos/process/process_escena5/w_0_11-02-06.jpg,w,11-02-06
videos/process/process_escena5/w_0_11-02-07_2.jpg,w,11-02-07
videos/process/process_escena5/w_0_11-02-07.jpg,w,11-02-07
videos/process/process_escena5/w_0_11-02-07_1.jpg,w,11-02-07
videos/process/process_escena5/w_0_11-02-08_2.jpg,w,11-02-08
videos/process/process_escena5/w_0_11-02-08_1.jpg,w,11-02-08
videos/process/process_escena5/w_0_11-02-08.jpg,w,11-02-08
videos/process/process_escena5/w_0_11-02-09_1.jpg,w,11-02-09
videos/process/process_escena5/w_0_11-02-09_2.jpg,w,11-02-09
videos/process/process_escena5/w_0_11-02-09.jpg,w,11-02-09
videos/process/process_escena5/w_0_11-02-10_1.jpg,w,11-02-10
videos/process/process_escena5/w_0_11-02-10.jpg,w,11-02-10
videos/process/process_escena5/d+w_0_11-02-10.jpg,d+w,11-02-10
videos/process/process_escena5/w_0_11-02-11.jpg,w,11-02-11
videos/process/process_escena5/w_0_11-02-11_1.jpg,w,11-02-11
videos/process/process_escena5/w_0_11-02-12_1.jpg,w,11-02-12
videos/process/process_escena5/w_0_11-02-12_2.jpg,w,11-02-12
videos/process/process_escena5/w_0_11-02-12.jpg,w,11-02-12
videos/process/process_escena5/d+w_0_11-02-13.jpg,d+w,11-02-13
videos/process/process_escena5/w_0_11-02-13_1.jpg,w,11-02-13
videos/process/process_escena5/w_0_11-02-13.jpg,w,11-02-13
videos/process/process_escena5/w_0_11-02-14.jpg,w,11-02-14
videos/process/process_escena5/d+w_0_11-02-14.jpg,d+w,11-02-14
videos/process/process_escena5/w_0_11-02-14_1.jpg,w,11-02-14
videos/process/process_escena5/w_0_11-02-15_1.jpg,w,11-02-15
videos/process/process_escena5/e+w_0_11-02-15.jpg,e+w,11-02-15
videos/process/process_escena5/w_0_11-02-15.jpg,w,11-02-15
videos/process/process_escena5/e+w_0_11-02-16_1.jpg,e+w,11-02-16
videos/process/process_escena5/d+e+w_0_11-02-16.jpg,d+e+w,11-02-16
videos/process/process_escena5/e+w_0_11-02-16.jpg,e+w,11-02-16
videos/process/process_escena5/w_0_11-02-17.jpg,w,11-02-17
videos/process/process_escena5/w_0_11-02-17_2.jpg,w,11-02-17
videos/process/process_escena5/w_0_11-02-17_1.jpg,w,11-02-17
videos/process/process_escena5/d+w_0_11-02-18.jpg,d+w,11-02-18
videos/process/process_escena5/w_0_11-02-18.jpg,w,11-02-18
videos/process/process_escena5/w_0_11-02-18_1.jpg,w,11-02-18
videos/process/process_escena5/d+w_0_11-02-19.jpg,d+w,11-02-19
videos/process/process_escena5/w_0_11-02-19.jpg,w,11-02-19
videos/process/process_escena5/w_0_11-02-20_1.jpg,w,11-02-20
videos/process/process_escena5/w_0_11-02-20_2.jpg,w,11-02-20
videos/process/process_escena5/w_0_11-02-20.jpg,w,11-02-20
videos/process/process_escena5/w_0_11-02-21.jpg,w,11-02-21
videos/process/process_escena5/w_0_11-02-21_1.jpg,w,11-02-21
videos/process/process_escena5/w_0_11-02-21_2.jpg,w,11-02-21
videos/process/process_escena5/w_0_11-02-22_1.jpg,w,11-02-22
videos/process/process_escena5/w_0_11-02-22_2.jpg,w,11-02-22
videos/process/process_escena5/w_0_11-02-22.jpg,w,11-02-22
videos/process/process_escena5/w_0_11-02-23.jpg,w,11-02-23
videos/process/process_escena5/w_0_11-02-23_1.jpg,w,11-02-23
videos/process/process_escena5/w_0_11-02-23_2.jpg,w,11-02-23
videos/process/process_escena5/w_0_11-02-24_1.jpg,w,11-02-24
videos/process/process_escena5/a+w_0_11-02-24.jpg,a+w,11-02-24
videos/process/process_escena5/w_0_11-02-24.jpg,w,11-02-24
videos/process/process_escena5/a+w_0_11-02-25_1.jpg,a+w,11-02-25
videos/process/process_escena5/w_0_11-02-25.jpg,w,11-02-25
videos/process/process_escena5/a+w_0_11-02-25.jpg,a+w,11-02-25
videos/process/process_escena5/w_0_11-02-26.jpg,w,11-02-26
videos/process/process_escena5/a+w_0_11-02-26.jpg,a+w,11-02-26
videos/process/process_escena5/w_0_11-02-26_1.jpg,w,11-02-26
videos/process/process_escena5/w_0_11-02-27.jpg,w,11-02-27
videos/process/process_escena5/w_0_11-02-27_1.jpg,w,11-02-27
videos/process/process_escena5/d+w_0_11-02-27.jpg,d+w,11-02-27
videos/process/process_escena5/w_0_11-02-28_1.jpg,w,11-02-28
videos/process/process_escena5/w_0_11-02-28.jpg,w,11-02-28
videos/process/process_escena5/d+w_0_11-02-29.jpg,d+w,11-02-29
videos/process/process_escena5/w_0_11-02-29_1.jpg,w,11-02-29
videos/process/process_escena5/w_0_11-02-29.jpg,w,11-02-29
videos/process/process_escena5/w_0_11-02-30_1.jpg,w,11-02-30
videos/process/process_escena5/w_0_11-02-30.jpg,w,11-02-30
videos/process/process_escena5/w_0_11-02-30_2.jpg,w,11-02-30
videos/process/process_escena5/w_0_11-02-31.jpg,w,11-02-31
videos/process/process_escena5/d+w_0_11-02-31.jpg,d+w,11-02-31
videos/process/process_escena5/w_0_11-02-31_1.jpg,w,11-02-31
videos/process/process_escena5/w_0_11-02-32_1.jpg,w,11-02-32
videos/process/process_escena5/w_0_11-02-32.jpg,w,11-02-32
videos/process/process_escena5/w_0_11-02-32_2.jpg,w,11-02-32
videos/process/process_escena5/w_0_11-02-33_2.jpg,w,11-02-33
videos/process/process_escena5/w_0_11-02-33_1.jpg,w,11-02-33
videos/process/process_escena5/w_0_11-02-33.jpg,w,11-02-33
videos/process/process_escena5/w_0_11-02-34.jpg,w,11-02-34
videos/process/process_escena5/w_0_11-02-34_1.jpg,w,11-02-34
videos/process/process_escena5/w_0_11-02-34_2.jpg,w,11-02-34
videos/process/process_escena5/w_0_11-02-35_2.jpg,w,11-02-35
videos/process/process_escena5/w_0_11-02-35_1.jpg,w,11-02-35
videos/process/process_escena5/w_0_11-02-35.jpg,w,11-02-35
videos/process/process_escena5/w_0_11-02-36.jpg,w,11-02-36
videos/process/process_escena5/w_0_11-02-36_1.jpg,w,11-02-36
videos/process/process_escena5/w_0_11-02-37.jpg,w,11-02-37
videos/process/process_escena5/w_0_11-02-37_1.jpg,w,11-02-37
videos/process/process_escena5/d+w_0_11-02-37.jpg,d+w,11-02-37
videos/process/process_escena5/w_0_11-02-38.jpg,w,11-02-38
videos/process/process_escena5/w_0_11-02-38_1.jpg,w,11-02-38
videos/process/process_escena5/d+w_0_11-02-38.jpg,d+w,11-02-38
videos/process/process_escena5/d+w_0_11-02-39.jpg,d+w,11-02-39
videos/process/process_escena5/w_0_11-02-39.jpg,w,11-02-39
videos/process/process_escena5/w_0_11-02-39_1.jpg,w,11-02-39
videos/process/process_escena5/w_0_11-02-40_1.jpg,w,11-02-40
videos/process/process_escena5/w_0_11-02-40.jpg,w,11-02-40
videos/process/process_escena5/w_0_11-02-40_2.jpg,w,11-02-40
videos/process/process_escena5/w_0_11-02-41_1.jpg,w,11-02-41
videos/process/process_escena5/w_0_11-02-41_2.jpg,w,11-02-41
videos/process/process_escena5/w_0_11-02-41.jpg,w,11-02-41
videos/process/process_escena5/w_0_11-02-42_1.jpg,w,11-02-42
videos/process/process_escena5/w_0_11-02-42.jpg,w,11-02-42
videos/process/process_escena5/d+w_0_11-02-42.jpg,d+w,11-02-42
videos/process/process_escena5/d+w_0_11-02-43.jpg,d+w,11-02-43
videos/process/process_escena5/w_0_11-02-43_1.jpg,w,11-02-43
videos/process/process_escena5/w_0_11-02-43.jpg,w,11-02-43
videos/process/process_escena5/a+w_0_11-02-44.jpg,a+w,11-02-44
videos/process/process_escena5/w_0_11-02-44.jpg,w,11-02-44
videos/process/process_escena5/a+w_0_11-02-45.jpg,a+w,11-02-45
videos/process/process_escena5/w_0_11-02-45_1.jpg,w,11-02-45
videos/process/process_escena5/w_0_11-02-45.jpg,w,11-02-45
videos/process/process_escena5/a+w_0_11-02-46.jpg,a+w,11-02-46
videos/process/process_escena5/w_0_11-02-46.jpg,w,11-02-46
videos/process/process_escena5/a+w_0_11-02-46_1.jpg,a+w,11-02-46
videos/process/process_escena5/a+w_0_11-02-47.jpg,a+w,11-02-47
videos/process/process_escena5/a_0_11-02-47.jpg,a,11-02-47
videos/process/process_escena5/a+w_0_11-02-47_1.jpg,a+w,11-02-47
videos/process/process_escena5/a_0_11-02-48_1.jpg,a,11-02-48
videos/process/process_escena5/a_0_11-02-48.jpg,a,11-02-48
videos/process/process_escena5/a_0_11-02-48_2.jpg,a,11-02-48
videos/process/process_escena5/w_0_11-02-49.jpg,w,11-02-49
videos/process/process_escena5/a+w_0_11-02-49_1.jpg,a+w,11-02-49
videos/process/process_escena5/a+w_0_11-02-49.jpg,a+w,11-02-49
videos/process/process_escena5/d_0_11-02-50.jpg,d,11-02-50
videos/process/process_escena5/d+w_0_11-02-50.jpg,d+w,11-02-50
videos/process/process_escena5/d+w_0_11-02-51.jpg,d+w,11-02-51
videos/process/process_escena5/w_0_11-02-51_1.jpg,w,11-02-51
videos/process/process_escena5/w_0_11-02-51.jpg,w,11-02-51
videos/process/process_escena5/d+w_0_11-02-52_1.jpg,d+w,11-02-52
videos/process/process_escena5/d_0_11-02-52.jpg,d,11-02-52
videos/process/process_escena5/d+w_0_11-02-52.jpg,d+w,11-02-52
videos/process/process_escena5/d+s_0_11-02-53_2.jpg,d+s,11-02-53
videos/process/process_escena5/d+s_0_11-02-53.jpg,d+s,11-02-53
videos/process/process_escena5/d+s_0_11-02-53_1.jpg,d+s,11-02-53
videos/process/process_escena5/d_0_11-02-54.jpg,d,11-02-54
videos/process/process_escena5/d+w_0_11-02-54_1.jpg,d+w,11-02-54
videos/process/process_escena5/d+w_0_11-02-54.jpg,d+w,11-02-54
videos/process/process_escena5/d+w_0_11-02-55_2.jpg,d+w,11-02-55
videos/process/process_escena5/d+w_0_11-02-55_1.jpg,d+w,11-02-55
videos/process/process_escena5/d+w_0_11-02-55.jpg,d+w,11-02-55
videos/process/process_escena5/d+w_0_11-02-56_1.jpg,d+w,11-02-56
videos/process/process_escena5/d+w_0_11-02-56_2.jpg,d+w,11-02-56
videos/process/process_escena5/d+w_0_11-02-56.jpg,d+w,11-02-56
videos/process/process_escena5/w_0_11-02-57.jpg,w,11-02-57
videos/process/process_escena5/w_0_11-02-57_1.jpg,w,11-02-57
videos/process/process_escena5/w_0_11-02-58_2.jpg,w,11-02-58
videos/process/process_escena5/w_0_11-02-58_1.jpg,w,11-02-58
videos/process/process_escena5/w_0_11-02-58.jpg,w,11-02-58
videos/process/process_escena5/w_0_11-02-59_2.jpg,w,11-02-59
videos/process/process_escena5/w_0_11-02-59.jpg,w,11-02-59
videos/process/process_escena5/w_0_11-02-59_1.jpg,w,11-02-59
videos/process/process_escena5/w_0_11-03-00.jpg,w,11-03-00
videos/process/process_escena5/w_0_11-03-00_1.jpg,w,11-03-00
videos/process/process_escena5/w_0_11-03-00_2.jpg,w,11-03-00
videos/process/process_escena5/w_0_11-03-01.jpg,w,11-03-01
videos/process/process_escena5/w_0_11-03-01_1.jpg,w,11-03-01
videos/process/process_escena5/d+w_0_11-03-01.jpg,d+w,11-03-01
videos/process/process_escena5/w_0_11-03-02_1.jpg,w,11-03-02
videos/process/process_escena5/d+w_0_11-03-02.jpg,d+w,11-03-02
videos/process/process_escena5/w_0_11-03-02.jpg,w,11-03-02
videos/process/process_escena5/a_0_11-03-04.jpg,a,11-03-04
videos/process/process_escena5/w_0_11-03-05.jpg,w,11-03-05
videos/process/process_escena5/a+w_0_11-03-05.jpg,a+w,11-03-05
videos/process/process_escena5/w_0_11-03-06.jpg,w,11-03-06
videos/process/process_escena5/a+w_0_11-03-06.jpg,a+w,11-03-06
videos/process/process_escena5/a+w_0_11-03-06_1.jpg,a+w,11-03-06
videos/process/process_escena5/w_0_11-03-07.jpg,w,11-03-07
videos/process/process_escena5/a+w_0_11-03-07_1.jpg,a+w,11-03-07
videos/process/process_escena5/a+w_0_11-03-07.jpg,a+w,11-03-07
videos/process/process_escena5/a+w_0_11-03-08_2.jpg,a+w,11-03-08
videos/process/process_escena5/a+w_0_11-03-08.jpg,a+w,11-03-08
videos/process/process_escena5/a+w_0_11-03-08_1.jpg,a+w,11-03-08
videos/process/process_escena5/w_0_11-03-09.jpg,w,11-03-09
videos/process/process_escena5/w_0_11-03-09_1.jpg,w,11-03-09
videos/process/process_escena5/w_0_11-03-10_1.jpg,w,11-03-10
videos/process/process_escena5/w_0_11-03-10.jpg,w,11-03-10
videos/process/process_escena5/a+w_0_11-03-10.jpg,a+w,11-03-10
videos/process/process_escena5/w_0_11-03-11.jpg,w,11-03-11
videos/process/process_escena5/w_0_11-03-11_1.jpg,w,11-03-11
videos/process/process_escena5/w_0_11-03-11_2.jpg,w,11-03-11
videos/process/process_escena5/d_0_11-03-12.jpg,d,11-03-12
videos/process/process_escena5/d_0_11-03-12_1.jpg,d,11-03-12
videos/process/process_escena5/d+w_0_11-03-12.jpg,d+w,11-03-12
videos/process/process_escena5/w_0_11-03-13_1.jpg,w,11-03-13
videos/process/process_escena5/d+w_0_11-03-13.jpg,d+w,11-03-13
videos/process/process_escena5/w_0_11-03-13.jpg,w,11-03-13
videos/process/process_escena5/d+w_0_11-03-14.jpg,d+w,11-03-14
videos/process/process_escena5/d+w_0_11-03-14_1.jpg,d+w,11-03-14
videos/process/process_escena5/w_0_11-03-14.jpg,w,11-03-14
videos/process/process_escena5/d+w_0_11-03-15.jpg,d+w,11-03-15
videos/process/process_escena5/d+w_0_11-03-15_1.jpg,d+w,11-03-15
videos/process/process_escena5/w_0_11-03-15.jpg,w,11-03-15
videos/process/process_escena5/w_0_11-03-16.jpg,w,11-03-16
videos/process/process_escena5/w_0_11-03-16_1.jpg,w,11-03-16
videos/process/process_escena5/w_0_11-03-17.jpg,w,11-03-17
videos/process/process_escena5/w_0_11-03-17_1.jpg,w,11-03-17
videos/process/process_escena5/a_0_11-03-17.jpg,a,11-03-17
videos/process/process_escena5/a_0_11-03-18.jpg,a,11-03-18
videos/process/process_escena5/a_0_11-03-18_1.jpg,a,11-03-18
videos/process/process_escena5/a_0_11-03-18_2.jpg,a,11-03-18
videos/process/process_escena5/a_0_11-03-19.jpg,a,11-03-19
videos/process/process_escena5/a_0_11-03-19_1.jpg,a,11-03-19
videos/process/process_escena5/a_0_11-03-19_2.jpg,a,11-03-19
videos/process/process_escena5/a+w_0_11-03-20.jpg,a+w,11-03-20
videos/process/process_escena5/a_0_11-03-20.jpg,a,11-03-20
videos/process/process_escena5/w_0_11-03-20.jpg,w,11-03-20
videos/process/process_escena5/w_0_11-03-21_1.jpg,w,11-03-21
videos/process/process_escena5/d+w_0_11-03-21.jpg,d+w,11-03-21
videos/process/process_escena5/w_0_11-03-21.jpg,w,11-03-21
videos/process/process_escena5/w_0_11-03-22_1.jpg,w,11-03-22
videos/process/process_escena5/d+w_0_11-03-22.jpg,d+w,11-03-22
videos/process/process_escena5/w_0_11-03-22.jpg,w,11-03-22
videos/process/process_escena5/d+w_0_11-03-23_1.jpg,d+w,11-03-23
videos/process/process_escena5/d+w_0_11-03-23.jpg,d+w,11-03-23
videos/process/process_escena5/d+w_0_11-03-24.jpg,d+w,11-03-24
videos/process/process_escena5/d+w_0_11-03-24_2.jpg,d+w,11-03-24
videos/process/process_escena5/d+w_0_11-03-24_1.jpg,d+w,11-03-24
videos/process/process_escena5/w_0_11-03-25_1.jpg,w,11-03-25
videos/process/process_escena5/w_0_11-03-25.jpg,w,11-03-25
videos/process/process_escena5/d+w_0_11-03-25.jpg,d+w,11-03-25
videos/process/process_escena5/d+w_0_11-03-26.jpg,d+w,11-03-26
videos/process/process_escena5/w_0_11-03-26.jpg,w,11-03-26
videos/process/process_escena5/w_0_11-03-26_1.jpg,w,11-03-26
videos/process/process_escena5/a+w_0_11-03-27_1.jpg,a+w,11-03-27
videos/process/process_escena5/w_0_11-03-27.jpg,w,11-03-27
videos/process/process_escena5/a+w_0_11-03-27.jpg,a+w,11-03-27
videos/process/process_escena5/a+w_0_11-03-28_1.jpg,a+w,11-03-28
videos/process/process_escena5/a+w_0_11-03-28.jpg,a+w,11-03-28
videos/process/process_escena5/w_0_11-03-28.jpg,w,11-03-28
videos/process/process_escena5/d_0_11-03-29.jpg,d,11-03-29
videos/process/process_escena5/a+w_0_11-03-29.jpg,a+w,11-03-29
videos/process/process_escena5/d+w_0_11-03-29.jpg,d+w,11-03-29
videos/process/process_escena5/d_0_11-03-30.jpg,d,11-03-30
videos/process/process_escena5/d+s_0_11-03-30.jpg,d+s,11-03-30
videos/process/process_escena5/d+w_0_11-03-31.jpg,d+w,11-03-31
videos/process/process_escena5/w_0_11-03-31.jpg,w,11-03-31
videos/process/process_escena5/d+w_0_11-03-31_1.jpg,d+w,11-03-31
videos/process/process_escena5/w_0_11-03-32_1.jpg,w,11-03-32
videos/process/process_escena5/a+w_0_11-03-32.jpg,a+w,11-03-32
videos/process/process_escena5/w_0_11-03-32.jpg,w,11-03-32
videos/process/process_escena5/w_0_11-03-33_2.jpg,w,11-03-33
videos/process/process_escena5/w_0_11-03-33_1.jpg,w,11-03-33
videos/process/process_escena5/w_0_11-03-33.jpg,w,11-03-33
videos/process/process_escena5/a+w_0_11-03-34.jpg,a+w,11-03-34
videos/process/process_escena5/w_0_11-03-34_1.jpg,w,11-03-34
videos/process/process_escena5/w_0_11-03-34.jpg,w,11-03-34
videos/process/process_escena5/d+w_0_11-03-35.jpg,d+w,11-03-35
videos/process/process_escena5/a+w_0_11-03-35_1.jpg,a+w,11-03-35
videos/process/process_escena5/a+w_0_11-03-35.jpg,a+w,11-03-35
videos/process/process_escena5/a+w_0_11-03-36.jpg,a+w,11-03-36
videos/process/process_escena5/a+w_0_11-03-36_1.jpg,a+w,11-03-36
videos/process/process_escena5/w_0_11-03-36.jpg,w,11-03-36
videos/process/process_escena5/w_0_11-03-37_2.jpg,w,11-03-37
videos/process/process_escena5/w_0_11-03-37.jpg,w,11-03-37
videos/process/process_escena5/w_0_11-03-37_1.jpg,w,11-03-37
videos/process/process_escena5/w_0_11-03-38_1.jpg,w,11-03-38
videos/process/process_escena5/w_0_11-03-38.jpg,w,11-03-38
videos/process/process_escena5/a+w_0_11-03-39.jpg,a+w,11-03-39
videos/process/process_escena5/w_0_11-03-39.jpg,w,11-03-39
videos/process/process_escena5/w_0_11-03-39_1.jpg,w,11-03-39
videos/process/process_escena5/w_0_11-03-40.jpg,w,11-03-40
videos/process/process_escena5/a+w_0_11-03-40_1.jpg,a+w,11-03-40
videos/process/process_escena5/a+w_0_11-03-40.jpg,a+w,11-03-40
videos/process/process_escena5/a+w_0_11-03-41.jpg,a+w,11-03-41
videos/process/process_escena5/d+w_0_11-03-41.jpg,d+w,11-03-41
videos/process/process_escena5/w_0_11-03-41.jpg,w,11-03-41
videos/process/process_escena5/w_0_11-03-42.jpg,w,11-03-42
videos/process/process_escena5/w_0_11-03-42_2.jpg,w,11-03-42
videos/process/process_escena5/w_0_11-03-42_1.jpg,w,11-03-42
videos/process/process_escena5/w_0_11-03-43.jpg,w,11-03-43
videos/process/process_escena5/w_0_11-03-43_2.jpg,w,11-03-43
videos/process/process_escena5/w_0_11-03-43_1.jpg,w,11-03-43
videos/process/process_escena5/d+w_0_11-03-44_1.jpg,d+w,11-03-44
videos/process/process_escena5/d+w_0_11-03-44.jpg,d+w,11-03-44
videos/process/process_escena5/w_0_11-03-45.jpg,w,11-03-45
videos/process/process_escena5/w_0_11-03-45_1.jpg,w,11-03-45
videos/process/process_escena5/d+w_0_11-03-45.jpg,d+w,11-03-45
videos/process/process_escena5/d+w_0_11-03-46.jpg,d+w,11-03-46
videos/process/process_escena5/d+w_0_11-03-46_1.jpg,d+w,11-03-46
videos/process/process_escena5/w_0_11-03-46.jpg,w,11-03-46
videos/process/process_escena5/d+w_0_11-03-47.jpg,d+w,11-03-47
videos/process/process_escena5/w_0_11-03-47_1.jpg,w,11-03-47
videos/process/process_escena5/w_0_11-03-47.jpg,w,11-03-47
videos/process/process_escena5/w_0_11-03-48_2.jpg,w,11-03-48
videos/process/process_escena5/w_0_11-03-48.jpg,w,11-03-48
videos/process/process_escena5/w_0_11-03-48_1.jpg,w,11-03-48
videos/process/process_escena5/w_0_11-03-49_1.jpg,w,11-03-49
videos/process/process_escena5/w_0_11-03-49.jpg,w,11-03-49
videos/process/process_escena5/w_0_11-03-49_2.jpg,w,11-03-49
videos/process/process_escena5/w_0_11-03-50_1.jpg,w,11-03-50
videos/process/process_escena5/w_0_11-03-50.jpg,w,11-03-50
videos/process/process_escena5/w_0_11-03-50_2.jpg,w,11-03-50
videos/process/process_escena5/a+w_0_11-03-51.jpg,a+w,11-03-51
videos/process/process_escena5/w_0_11-03-51.jpg,w,11-03-51
videos/process/process_escena5/w_0_11-03-52.jpg,w,11-03-52
videos/process/process_escena5/d+w_0_11-03-52.jpg,d+w,11-03-52
videos/process/process_escena5/w_0_11-03-52_1.jpg,w,11-03-52
videos/process/process_escena5/w_0_11-03-53.jpg,w,11-03-53
videos/process/process_escena5/w_0_11-03-53_2.jpg,w,11-03-53
videos/process/process_escena5/w_0_11-03-53_1.jpg,w,11-03-53
videos/process/process_escena5/w_0_11-03-54_1.jpg,w,11-03-54
videos/process/process_escena5/w_0_11-03-54.jpg,w,11-03-54
videos/process/process_escena5/w_0_11-03-54_2.jpg,w,11-03-54
videos/process/process_escena5/d+w_0_11-03-55.jpg,d+w,11-03-55
videos/process/process_escena5/w_0_11-03-55_1.jpg,w,11-03-55
videos/process/process_escena5/w_0_11-03-55.jpg,w,11-03-55
videos/process/process_escena5/d+w_0_11-03-56.jpg,d+w,11-03-56
videos/process/process_escena5/w_0_11-03-56.jpg,w,11-03-56
videos/process/process_escena5/w_0_11-03-56_1.jpg,w,11-03-56
videos/process/process_escena5/w_0_11-03-57_2.jpg,w,11-03-57
videos/process/process_escena5/w_0_11-03-57_1.jpg,w,11-03-57
videos/process/process_escena5/w_0_11-03-57.jpg,w,11-03-57
videos/process/process_escena5/w_0_11-03-58.jpg,w,11-03-58
videos/process/process_escena5/w_0_11-03-58_1.jpg,w,11-03-58
videos/process/process_escena5/w_0_11-03-59.jpg,w,11-03-59
videos/process/process_escena5/w_0_11-03-59_1.jpg,w,11-03-59
videos/process/process_escena5/w_0_11-03-59_2.jpg,w,11-03-59
videos/process/process_escena5/w_0_11-04-00_1.jpg,w,11-04-00
videos/process/process_escena5/w_0_11-04-00_2.jpg,w,11-04-00
videos/process/process_escena5/w_0_11-04-00.jpg,w,11-04-00
videos/process/process_escena5/w_0_11-04-01_2.jpg,w,11-04-01
videos/process/process_escena5/w_0_11-04-01.jpg,w,11-04-01
videos/process/process_escena5/w_0_11-04-01_1.jpg,w,11-04-01
videos/process/process_escena5/w_0_11-04-02_2.jpg,w,11-04-02
videos/process/process_escena5/w_0_11-04-02_1.jpg,w,11-04-02
videos/process/process_escena5/w_0_11-04-02.jpg,w,11-04-02
videos/process/process_escena5/w_0_11-04-03_1.jpg,w,11-04-03
videos/process/process_escena5/w_0_11-04-03.jpg,w,11-04-03
videos/process/process_escena5/w_0_11-04-04.jpg,w,11-04-04
videos/process/process_escena5/w_0_11-04-04_1.jpg,w,11-04-04
videos/process/process_escena5/w_0_11-04-04_2.jpg,w,11-04-04
videos/process/process_escena5/w_0_11-04-05_1.jpg,w,11-04-05
videos/process/process_escena5/d+w_0_11-04-05.jpg,d+w,11-04-05
videos/process/process_escena5/w_0_11-04-05.jpg,w,11-04-05
videos/process/process_escena5/w_0_11-04-06.jpg,w,11-04-06
videos/process/process_escena5/w_0_11-04-06_1.jpg,w,11-04-06
videos/process/process_escena5/w_0_11-04-06_2.jpg,w,11-04-06
videos/process/process_escena5/w_0_11-04-07_2.jpg,w,11-04-07
videos/process/process_escena5/w_0_11-04-07_1.jpg,w,11-04-07
videos/process/process_escena5/w_0_11-04-07.jpg,w,11-04-07
videos/process/process_escena5/w_0_11-04-08.jpg,w,11-04-08
videos/process/process_escena5/w_0_11-04-08_1.jpg,w,11-04-08
videos/process/process_escena5/w_0_11-04-08_2.jpg,w,11-04-08
videos/process/process_escena5/w_0_11-04-09.jpg,w,11-04-09
videos/process/process_escena5/w_0_11-04-09_1.jpg,w,11-04-09
videos/process/process_escena5/w_0_11-04-10.jpg,w,11-04-10
videos/process/process_escena5/d+w_0_11-04-10.jpg,d+w,11-04-10
videos/process/process_escena5/w_0_11-04-10_1.jpg,w,11-04-10
videos/process/process_escena5/w_0_11-04-11_2.jpg,w,11-04-11
videos/process/process_escena5/w_0_11-04-11.jpg,w,11-04-11
videos/process/process_escena5/w_0_11-04-11_1.jpg,w,11-04-11
videos/process/process_escena5/w_0_11-04-12_1.jpg,w,11-04-12
videos/process/process_escena5/w_0_11-04-12.jpg,w,11-04-12
videos/process/process_escena5/a+w_0_11-04-12.jpg,a+w,11-04-12
videos/process/process_escena5/w_0_11-04-13.jpg,w,11-04-13
videos/process/process_escena5/w_0_11-04-13_1.jpg,w,11-04-13
videos/process/process_escena5/w_0_11-04-13_2.jpg,w,11-04-13
videos/process/process_escena5/w_0_11-04-14_1.jpg,w,11-04-14
videos/process/process_escena5/w_0_11-04-14.jpg,w,11-04-14
videos/process/process_escena5/a+w_0_11-04-14.jpg,a+w,11-04-14
videos/process/process_escena5/a+w_0_11-04-15.jpg,a+w,11-04-15
videos/process/process_escena5/w_0_11-04-15_1.jpg,w,11-04-15
videos/process/process_escena5/w_0_11-04-15.jpg,w,11-04-15
videos/process/process_escena5/w_0_11-04-16.jpg,w,11-04-16
videos/process/process_escena5/a+w_0_11-04-16.jpg,a+w,11-04-16
videos/process/process_escena5/w_0_11-04-17_2.jpg,w,11-04-17
videos/process/process_escena5/w_0_11-04-17_1.jpg,w,11-04-17
videos/process/process_escena5/w_0_11-04-17.jpg,w,11-04-17
videos/process/process_escena5/w_0_11-04-18.jpg,w,11-04-18
videos/process/process_escena5/w_0_11-04-18_2.jpg,w,11-04-18
videos/process/process_escena5/w_0_11-04-18_1.jpg,w,11-04-18
videos/process/process_escena5/w_0_11-04-19_1.jpg,w,11-04-19
videos/process/process_escena5/w_0_11-04-19.jpg,w,11-04-19
videos/process/process_escena5/w_0_11-04-19_2.jpg,w,11-04-19
videos/process/process_escena5/w_0_11-04-20.jpg,w,11-04-20
videos/process/process_escena5/d+w_0_11-04-20_1.jpg,d+w,11-04-20
videos/process/process_escena5/d+w_0_11-04-20.jpg,d+w,11-04-20
videos/process/process_escena5/w_0_11-04-21.jpg,w,11-04-21
videos/process/process_escena5/a+w_0_11-04-21.jpg,a+w,11-04-21
videos/process/process_escena5/w_0_11-04-21_1.jpg,w,11-04-21
videos/process/process_escena5/d+w_0_11-04-22.jpg,d+w,11-04-22
videos/process/process_escena5/w_0_11-04-22.jpg,w,11-04-22
videos/process/process_escena5/w_0_11-04-22_1.jpg,w,11-04-22
videos/process/process_escena5/w_0_11-04-23.jpg,w,11-04-23
videos/process/process_escena5/a+w_0_11-04-23.jpg,a+w,11-04-23
videos/process/process_escena5/w_0_11-04-23_1.jpg,w,11-04-23
videos/process/process_escena5/d+w_0_11-04-24.jpg,d+w,11-04-24
videos/process/process_escena5/w_0_11-04-24.jpg,w,11-04-24
videos/process/process_escena5/w_0_11-04-25_1.jpg,w,11-04-25
videos/process/process_escena5/d+w_0_11-04-25.jpg,d+w,11-04-25
videos/process/process_escena5/w_0_11-04-25.jpg,w,11-04-25
videos/process/process_escena5/a+w_0_11-04-26_1.jpg,a+w,11-04-26
videos/process/process_escena5/a+w_0_11-04-26.jpg,a+w,11-04-26
videos/process/process_escena5/d+w_0_11-04-26.jpg,d+w,11-04-26
videos/process/process_escena5/s_0_11-04-27.jpg,s,11-04-27
videos/process/process_escena5/d+s_0_11-04-27.jpg,d+s,11-04-27
videos/process/process_escena5/d+s_0_11-04-28.jpg,d+s,11-04-28
videos/process/process_escena5/a+w_0_11-04-28.jpg,a+w,11-04-28
videos/process/process_escena5/d+s_0_11-04-28_1.jpg,d+s,11-04-28
videos/process/process_escena5/a+w_0_11-04-29_1.jpg,a+w,11-04-29
videos/process/process_escena5/a+w_0_11-04-29_2.jpg,a+w,11-04-29
videos/process/process_escena5/a+w_0_11-04-29.jpg,a+w,11-04-29
videos/process/process_escena5/w_0_11-04-30_1.jpg,w,11-04-30
videos/process/process_escena5/w_0_11-04-30.jpg,w,11-04-30
videos/process/process_escena5/w_0_11-04-30_2.jpg,w,11-04-30
videos/process/process_escena5/w_0_11-04-31.jpg,w,11-04-31
videos/process/process_escena5/w_0_11-04-31_1.jpg,w,11-04-31
videos/process/process_escena5/w_0_11-04-32.jpg,w,11-04-32
videos/process/process_escena5/w_0_11-04-32_1.jpg,w,11-04-32
videos/process/process_escena5/w_0_11-04-32_2.jpg,w,11-04-32
videos/process/process_escena5/w_0_11-04-33_2.jpg,w,11-04-33
videos/process/process_escena5/w_0_11-04-33_1.jpg,w,11-04-33
videos/process/process_escena5/w_0_11-04-33.jpg,w,11-04-33
videos/process/process_escena5/w_0_11-04-34_1.jpg,w,11-04-34
videos/process/process_escena5/w_0_11-04-34_2.jpg,w,11-04-34
videos/process/process_escena5/w_0_11-04-34.jpg,w,11-04-34
videos/process/process_escena5/w_0_11-04-35_1.jpg,w,11-04-35
videos/process/process_escena5/w_0_11-04-35_2.jpg,w,11-04-35
videos/process/process_escena5/w_0_11-04-35.jpg,w,11-04-35
videos/process/process_escena5/w_0_11-04-36.jpg,w,11-04-36
videos/process/process_escena5/w_0_11-04-36_1.jpg,w,11-04-36
videos/process/process_escena5/w_0_11-04-36_2.jpg,w,11-04-36
videos/process/process_escena5/w_0_11-04-37_2.jpg,w,11-04-37
videos/process/process_escena5/w_0_11-04-37.jpg,w,11-04-37
videos/process/process_escena5/w_0_11-04-37_1.jpg,w,11-04-37
videos/process/process_escena5/e+w_0_11-04-38.jpg,e+w,11-04-38
videos/process/process_escena5/a+w_0_11-04-38.jpg,a+w,11-04-38
videos/process/process_escena5/e+w_0_11-04-39.jpg,e+w,11-04-39
videos/process/process_escena5/a+e+w_0_11-04-39_1.jpg,a+e+w,11-04-39
videos/process/process_escena5/a+e+w_0_11-04-39.jpg,a+e+w,11-04-39
videos/process/process_escena5/a+w_0_11-04-40_1.jpg,a+w,11-04-40
videos/process/process_escena5/a+w_0_11-04-40_2.jpg,a+w,11-04-40
videos/process/process_escena5/a+w_0_11-04-40.jpg,a+w,11-04-40
videos/process/process_escena5/w_0_11-04-41_2.jpg,w,11-04-41
videos/process/process_escena5/w_0_11-04-41_1.jpg,w,11-04-41
videos/process/process_escena5/w_0_11-04-41.jpg,w,11-04-41
videos/process/process_escena5/w_0_11-04-42_2.jpg,w,11-04-42
videos/process/process_escena5/w_0_11-04-42_1.jpg,w,11-04-42
videos/process/process_escena5/w_0_11-04-42.jpg,w,11-04-42
videos/process/process_escena5/w_0_11-04-43_1.jpg,w,11-04-43
videos/process/process_escena5/w_0_11-04-43.jpg,w,11-04-43
videos/process/process_escena5/d+w_0_11-04-43.jpg,d+w,11-04-43
videos/process/process_escena5/w_0_11-04-44.jpg,w,11-04-44
videos/process/process_escena5/w_0_11-04-44_1.jpg,w,11-04-44
videos/process/process_escena5/w_0_11-04-44_2.jpg,w,11-04-44
videos/process/process_escena5/w_0_11-04-45.jpg,w,11-04-45
videos/process/process_escena5/w_0_11-04-56.jpg,w,11-04-56
videos/process/process_escena5/w_0_11-04-56_1.jpg,w,11-04-56
videos/process/process_escena5/w_0_11-04-57.jpg,w,11-04-57
videos/process/process_escena5/w_0_11-04-57_1.jpg,w,11-04-57
videos/process/process_escena5/w_0_11-04-57_2.jpg,w,11-04-57
videos/process/process_escena5/w_0_11-04-58_1.jpg,w,11-04-58
videos/process/process_escena5/w_0_11-04-58.jpg,w,11-04-58
videos/process/process_escena5/d+w_0_11-04-58.jpg,d+w,11-04-58
videos/process/process_escena5/w_0_11-04-59.jpg,w,11-04-59
videos/process/process_escena5/d+w_0_11-04-59.jpg,d+w,11-04-59
videos/process/process_escena5/d+w_0_11-04-59_1.jpg,d+w,11-04-59
videos/process/process_escena5/w_0_11-05-00_1.jpg,w,11-05-00
videos/process/process_escena5/w_0_11-05-00_2.jpg,w,11-05-00
videos/process/process_escena5/w_0_11-05-00.jpg,w,11-05-00
videos/process/process_escena5/w_0_11-05-01.jpg,w,11-05-01
videos/process/process_escena5/d+w_0_11-05-01.jpg,d+w,11-05-01
videos/process/process_escena5/d_0_11-05-02.jpg,d,11-05-02
videos/process/process_escena5/e_0_11-05-03.jpg,e,11-05-03
videos/process/process_escena5/e_0_11-05-06.jpg,e,11-05-06
videos/process/process_escena5/w_0_11-05-34.jpg,w,11-05-34
videos/process/process_escena5/w_0_11-05-35_1.jpg,w,11-05-35
videos/process/process_escena5/w_0_11-05-35_2.jpg,w,11-05-35
videos/process/process_escena5/w_0_11-05-35.jpg,w,11-05-35
videos/process/process_escena5/w_0_11-05-36_1.jpg,w,11-05-36
videos/process/process_escena5/w_0_11-05-36_2.jpg,w,11-05-36
videos/process/process_escena5/w_0_11-05-36.jpg,w,11-05-36
videos/process/process_escena5/tab_0_11-05-38.jpg,tab,11-05-38
videos/process/process_escena1/a_0_20-28-03.jpg,a,20-28-03
videos/process/process_escena1/d_0_20-28-04.jpg,d,20-28-04
videos/process/process_escena1/d_0_20-28-04_1.jpg,d,20-28-04
videos/process/process_escena1/a+shift_0_20-28-06_1.jpg,a+shift,20-28-06
videos/process/process_escena1/a_0_20-28-06.jpg,a,20-28-06
videos/process/process_escena1/a+shift_0_20-28-06.jpg,a+shift,20-28-06
videos/process/process_escena1/a+shift_0_20-28-07_3.jpg,a+shift,20-28-07
videos/process/process_escena1/a+shift_0_20-28-07_2.jpg,a+shift,20-28-07
videos/process/process_escena1/a+shift_0_20-28-07_1.jpg,a+shift,20-28-07
videos/process/process_escena1/a+shift_0_20-28-07.jpg,a+shift,20-28-07
videos/process/process_escena1/a+shift_0_20-28-08.jpg,a+shift,20-28-08
videos/process/process_escena1/w_0_20-28-32_2.jpg,w,20-28-32
videos/process/process_escena1/w_0_20-28-32.jpg,w,20-28-32
videos/process/process_escena1/w_0_20-28-32_1.jpg,w,20-28-32
videos/process/process_escena1/a+w_0_20-28-33_1.jpg,a+w,20-28-33
videos/process/process_escena1/w_0_20-28-33.jpg,w,20-28-33
videos/process/process_escena1/w_0_20-28-33_1.jpg,w,20-28-33
videos/process/process_escena1/a+w_0_20-28-33.jpg,a+w,20-28-33
videos/process/process_escena1/a+w_0_20-28-34.jpg,a+w,20-28-34
videos/process/process_escena1/w_0_20-28-34.jpg,w,20-28-34
videos/process/process_escena1/w_0_20-28-34_1.jpg,w,20-28-34
videos/process/process_escena1/a+w_0_20-28-34_1.jpg,a+w,20-28-34
videos/process/process_escena1/a+w_0_20-28-35_3.jpg,a+w,20-28-35
videos/process/process_escena1/a+w_0_20-28-35_2.jpg,a+w,20-28-35
videos/process/process_escena1/a+w_0_20-28-35_1.jpg,a+w,20-28-35
videos/process/process_escena1/a+w_0_20-28-35.jpg,a+w,20-28-35
videos/process/process_escena1/w_0_20-28-36.jpg,w,20-28-36
videos/process/process_escena1/w_0_20-28-36_1.jpg,w,20-28-36
videos/process/process_escena1/w_0_20-28-36_2.jpg,w,20-28-36
videos/process/process_escena1/a+w_0_20-28-36.jpg,a+w,20-28-36
videos/process/process_escena1/d+w_0_20-28-37.jpg,d+w,20-28-37
videos/process/process_escena1/a+w_0_20-28-37.jpg,a+w,20-28-37
videos/process/process_escena1/w_0_20-28-37_1.jpg,w,20-28-37
videos/process/process_escena1/a+w_0_20-28-37_1.jpg,a+w,20-28-37
videos/process/process_escena1/w_0_20-28-37.jpg,w,20-28-37
videos/process/process_escena1/w_0_20-28-38_1.jpg,w,20-28-38
videos/process/process_escena1/w_0_20-28-38.jpg,w,20-28-38
videos/process/process_escena1/d+w_0_20-28-38.jpg,d+w,20-28-38
videos/process/process_escena1/d+w_0_20-28-38_1.jpg,d+w,20-28-38
videos/process/process_escena1/w_0_20-28-39.jpg,w,20-28-39
videos/process/process_escena1/w_0_20-28-43.jpg,w,20-28-43
videos/process/process_escena1/w_0_20-28-43_1.jpg,w,20-28-43
videos/process/process_escena1/w_0_20-28-44.jpg,w,20-28-44
videos/process/process_escena1/w_0_20-28-44_3.jpg,w,20-28-44
videos/process/process_escena1/w_0_20-28-44_1.jpg,w,20-28-44
videos/process/process_escena1/w_0_20-28-44_2.jpg,w,20-28-44
videos/process/process_escena1/w_0_20-28-45_1.jpg,w,20-28-45
videos/process/process_escena1/w_0_20-28-45.jpg,w,20-28-45
videos/process/process_escena1/a+w_0_20-28-45_1.jpg,a+w,20-28-45
videos/process/process_escena1/a+w_0_20-28-45.jpg,a+w,20-28-45
videos/process/process_escena1/w_0_20-28-46_1.jpg,w,20-28-46
videos/process/process_escena1/w_0_20-28-46_2.jpg,w,20-28-46
videos/process/process_escena1/d+w_0_20-28-46.jpg,d+w,20-28-46
videos/process/process_escena1/w_0_20-28-46.jpg,w,20-28-46
videos/process/process_escena1/w_0_20-28-58.jpg,w,20-28-58
videos/process/process_escena1/w_0_20-28-58_1.jpg,w,20-28-58
videos/process/process_escena1/d+w_0_20-28-59.jpg,d+w,20-28-59
videos/process/process_escena1/w_0_20-28-59.jpg,w,20-28-59
videos/process/process_escena1/w_0_20-28-59_1.jpg,w,20-28-59
videos/process/process_escena1/w_0_20-28-59_2.jpg,w,20-28-59
videos/process/process_escena1/w_0_20-29-09.jpg,w,20-29-09
videos/process/process_escena1/w_0_20-29-09_1.jpg,w,20-29-09
videos/process/process_escena1/w_0_20-29-09_2.jpg,w,20-29-09
videos/process/process_escena1/w_0_20-29-09_3.jpg,w,20-29-09
videos/process/process_escena1/w_0_20-29-09_4.jpg,w,20-29-09
videos/process/process_escena1/w_0_20-29-10.jpg,w,20-29-10
videos/process/process_escena1/s_0_20-29-10_1.jpg,s,20-29-10
videos/process/process_escena1/s_0_20-29-10.jpg,s,20-29-10
videos/process/process_escena1/s_0_20-29-11_1.jpg,s,20-29-11
videos/process/process_escena1/s_0_20-29-11.jpg,s,20-29-11
videos/process/process_escena1/w_0_20-29-11.jpg,w,20-29-11
videos/process/process_escena1/w_0_20-29-12_1.jpg,w,20-29-12
videos/process/process_escena1/d+w_0_20-29-12.jpg,d+w,20-29-12
videos/process/process_escena1/w_0_20-29-12.jpg,w,20-29-12
videos/process/process_escena1/a+w_0_20-29-12.jpg,a+w,20-29-12
videos/process/process_escena1/w_0_20-29-13_2.jpg,w,20-29-13
videos/process/process_escena1/w_0_20-29-13.jpg,w,20-29-13
videos/process/process_escena1/w_0_20-29-13_1.jpg,w,20-29-13
videos/process/process_escena1/d+w_0_20-29-13.jpg,d+w,20-29-13
videos/process/process_escena1/a+w_0_20-29-14.jpg,a+w,20-29-14
videos/process/process_escena1/w_0_20-29-14.jpg,w,20-29-14
videos/process/process_escena1/w_0_20-29-14_1.jpg,w,20-29-14
videos/process/process_escena1/d+w_0_20-29-14.jpg,d+w,20-29-14
videos/process/process_escena1/w_0_20-29-15_2.jpg,w,20-29-15
videos/process/process_escena1/a+w_0_20-29-15.jpg,a+w,20-29-15
videos/process/process_escena1/w_0_20-29-15.jpg,w,20-29-15
videos/process/process_escena1/w_0_20-29-15_1.jpg,w,20-29-15
videos/process/process_escena1/w_0_20-29-16.jpg,w,20-29-16
videos/process/process_escena1/w_0_20-29-16_1.jpg,w,20-29-16
videos/process/process_escena1/w_0_20-29-16_2.jpg,w,20-29-16
videos/process/process_escena1/s_0_20-29-16.jpg,s,20-29-16
videos/process/process_escena1/w_0_20-29-16_3.jpg,w,20-29-16
videos/process/process_escena1/s_0_20-29-17.jpg,s,20-29-17
videos/process/process_escena1/s_0_20-29-17_1.jpg,s,20-29-17
videos/process/process_escena1/d_0_20-29-19.jpg,d,20-29-19
videos/process/process_escena1/w_0_20-29-26_3.jpg,w,20-29-26
videos/process/process_escena1/w_0_20-29-26.jpg,w,20-29-26
videos/process/process_escena1/w_0_20-29-26_2.jpg,w,20-29-26
videos/process/process_escena1/w_0_20-29-26_1.jpg,w,20-29-26
videos/process/process_escena1/a+shift+w_0_20-29-27.jpg,a+shift+w,20-29-27
videos/process/process_escena1/a+w_0_20-29-27.jpg,a+w,20-29-27
videos/process/process_escena1/a+w_0_20-29-27_1.jpg,a+w,20-29-27
videos/process/process_escena1/a+shift+w_0_20-29-27_1.jpg,a+shift+w,20-29-27
videos/process/process_escena1/a+w_0_20-29-28.jpg,a+w,20-29-28
videos/process/process_escena1/s_0_20-29-28.jpg,s,20-29-28
videos/process/process_escena1/w_0_20-29-28.jpg,w,20-29-28
videos/process/process_escena1/tab_0_20-29-29.jpg,tab,20-29-29
videos/process/process_escena1/w_0_20-29-31.jpg,w,20-29-31
videos/process/process_escena1/w_0_20-29-32.jpg,w,20-29-32
videos/process/process_escena1/w_0_20-29-32_1.jpg,w,20-29-32
videos/process/process_escena1/a+w_0_20-29-32.jpg,a+w,20-29-32
videos/process/process_escena1/d+w_0_20-29-32.jpg,d+w,20-29-32
videos/process/process_escena1/d+w_0_20-29-33.jpg,d+w,20-29-33
videos/process/process_escena1/w_0_20-29-33.jpg,w,20-29-33
videos/process/process_escena1/w_0_20-29-33_1.jpg,w,20-29-33
videos/process/process_escena1/a+w_0_20-29-33.jpg,a+w,20-29-33
videos/process/process_escena1/a+w_0_20-29-34.jpg,a+w,20-29-34
videos/process/process_escena1/w_0_20-29-34.jpg,w,20-29-34
videos/process/process_escena1/w_0_20-29-34_1.jpg,w,20-29-34
videos/process/process_escena1/w_0_20-29-34_2.jpg,w,20-29-34
videos/process/process_escena1/w_0_20-29-35.jpg,w,20-29-35
videos/process/process_escena1/w_0_20-29-35_1.jpg,w,20-29-35
videos/process/process_escena1/w_0_20-29-35_2.jpg,w,20-29-35
videos/process/process_escena1/w_0_20-29-35_3.jpg,w,20-29-35
videos/process/process_escena1/w_0_20-29-36.jpg,w,20-29-36
videos/process/process_escena1/w_0_20-29-36_1.jpg,w,20-29-36
videos/process/process_escena1/s_0_20-29-36_1.jpg,s,20-29-36
videos/process/process_escena1/s_0_20-29-36.jpg,s,20-29-36
videos/process/process_escena1/a_0_20-29-38.jpg,a,20-29-38
videos/process/process_escena1/w_0_20-29-49.jpg,w,20-29-49
videos/process/process_escena1/a+w_0_20-29-50.jpg,a+w,20-29-50
videos/process/process_escena1/a+w_0_20-29-50_1.jpg,a+w,20-29-50
videos/process/process_escena1/w_0_20-29-50.jpg,w,20-29-50
videos/process/process_escena1/d+w_0_20-29-50.jpg,d+w,20-29-50
videos/process/process_escena1/d+w_0_20-29-51.jpg,d+w,20-29-51
videos/process/process_escena1/a+w_0_20-29-51.jpg,a+w,20-29-51
videos/process/process_escena1/a+w_0_20-29-51_1.jpg,a+w,20-29-51
videos/process/process_escena1/d+w_0_20-29-51_1.jpg,d+w,20-29-51
videos/process/process_escena1/a+w_0_20-29-52.jpg,a+w,20-29-52
videos/process/process_escena1/w_0_20-29-52.jpg,w,20-29-52
videos/process/process_escena1/d+w_0_20-29-52.jpg,d+w,20-29-52
videos/process/process_escena1/d+w_0_20-29-52_1.jpg,d+w,20-29-52
videos/process/process_escena1/a+w_0_20-29-53_2.jpg,a+w,20-29-53
videos/process/process_escena1/a+w_0_20-29-53.jpg,a+w,20-29-53
videos/process/process_escena1/a+w_0_20-29-53_1.jpg,a+w,20-29-53
videos/process/process_escena1/w_0_20-29-53.jpg,w,20-29-53
videos/process/process_escena1/w_0_20-29-54_3.jpg,w,20-29-54
videos/process/process_escena1/w_0_20-29-54_2.jpg,w,20-29-54
videos/process/process_escena1/w_0_20-29-54_1.jpg,w,20-29-54
videos/process/process_escena1/w_0_20-29-54.jpg,w,20-29-54
videos/process/process_escena1/w_0_20-29-55_2.jpg,w,20-29-55
videos/process/process_escena1/w_0_20-29-55_1.jpg,w,20-29-55
videos/process/process_escena1/w_0_20-29-55.jpg,w,20-29-55
videos/process/process_escena1/d+w_0_20-29-55.jpg,d+w,20-29-55
videos/process/process_escena1/d+w_0_20-29-56.jpg,d+w,20-29-56
videos/process/process_escena1/d+w_0_20-29-56_1.jpg,d+w,20-29-56
videos/process/process_escena1/w_0_20-29-56.jpg,w,20-29-56
videos/process/process_escena1/w_0_20-29-56_1.jpg,w,20-29-56
videos/process/process_escena1/s_0_20-29-57.jpg,s,20-29-57
videos/process/process_escena1/a+s_0_20-29-57.jpg,a+s,20-29-57
videos/process/process_escena1/s_0_20-29-57_1.jpg,s,20-29-57
videos/process/process_escena1/w_0_20-29-58.jpg,w,20-29-58
videos/process/process_escena1/w_0_20-30-04.jpg,w,20-30-04
videos/process/process_escena1/w_0_20-30-05_3.jpg,w,20-30-05
videos/process/process_escena1/w_0_20-30-05_2.jpg,w,20-30-05
videos/process/process_escena1/w_0_20-30-05_1.jpg,w,20-30-05
videos/process/process_escena1/w_0_20-30-05.jpg,w,20-30-05
videos/process/process_escena1/w_0_20-30-06.jpg,w,20-30-06
videos/process/process_escena1/w_0_20-30-06_2.jpg,w,20-30-06
videos/process/process_escena1/w_0_20-30-06_3.jpg,w,20-30-06
videos/process/process_escena1/w_0_20-30-06_1.jpg,w,20-30-06
videos/process/process_escena1/w_0_20-30-07.jpg,w,20-30-07
videos/process/process_escena1/w_0_20-30-07_1.jpg,w,20-30-07
videos/process/process_escena1/w_0_20-30-07_2.jpg,w,20-30-07
videos/process/process_escena1/d_0_20-30-07.jpg,d,20-30-07
videos/process/process_escena1/a+s_0_20-30-08.jpg,a+s,20-30-08
videos/process/process_escena1/s_0_20-30-08_1.jpg,s,20-30-08
videos/process/process_escena1/s_0_20-30-08.jpg,s,20-30-08
videos/process/process_escena1/d_0_20-30-08.jpg,d,20-30-08
videos/process/process_escena1/w_0_20-30-09.jpg,w,20-30-09
videos/process/process_escena1/a+w_0_20-30-09.jpg,a+w,20-30-09
videos/process/process_escena1/a+w_0_20-30-09_1.jpg,a+w,20-30-09
videos/process/process_escena1/d+w_0_20-30-09.jpg,d+w,20-30-09
videos/process/process_escena1/d+space+w_0_20-30-10.jpg,d+space+w,20-30-10
videos/process/process_escena1/d+space_0_20-30-10.jpg,d+space,20-30-10
videos/process/process_escena1/d+w_0_20-30-10_1.jpg,d+w,20-30-10
videos/process/process_escena1/d+w_0_20-30-10.jpg,d+w,20-30-10
videos/process/process_escena1/a_0_20-30-11_1.jpg,a,20-30-11
videos/process/process_escena1/a_0_20-30-11.jpg,a,20-30-11
videos/process/process_escena1/w_0_20-30-11.jpg,w,20-30-11
videos/process/process_escena1/a+w_0_20-30-12_1.jpg,a+w,20-30-12
videos/process/process_escena1/a+w_0_20-30-12.jpg,a+w,20-30-12
videos/process/process_escena1/d+w_0_20-30-14.jpg,d+w,20-30-14
videos/process/process_escena1/w_0_20-30-16.jpg,w,20-30-16
videos/process/process_escena1/s_0_20-30-16.jpg,s,20-30-16
videos/process/process_escena1/s+w_0_20-30-17.jpg,s+w,20-30-17
videos/process/process_escena1/s+w_0_20-30-17_3.jpg,s+w,20-30-17
videos/process/process_escena1/s+w_0_20-30-17_2.jpg,s+w,20-30-17
videos/process/process_escena1/s+w_0_20-30-17_1.jpg,s+w,20-30-17
videos/process/process_escena1/s+w_0_20-30-18.jpg,s+w,20-30-18
videos/process/process_escena1/s+w_0_20-30-18_1.jpg,s+w,20-30-18
videos/process/process_escena1/s+w_0_20-30-18_3.jpg,s+w,20-30-18
videos/process/process_escena1/s+w_0_20-30-18_2.jpg,s+w,20-30-18
videos/process/process_escena1/w_0_20-30-19.jpg,w,20-30-19
videos/process/process_escena1/w_0_20-30-19_1.jpg,w,20-30-19
videos/process/process_escena1/a_0_20-30-21.jpg,a,20-30-21
videos/process/process_escena1/a_0_20-30-22.jpg,a,20-30-22
videos/process/process_escena1/a_0_20-30-23.jpg,a,20-30-23
videos/process/process_escena1/d_0_20-30-23_1.jpg,d,20-30-23
videos/process/process_escena1/d_0_20-30-23.jpg,d,20-30-23
videos/process/process_escena1/d_0_20-30-24.jpg,d,20-30-24
videos/process/process_escena1/a+w_0_20-30-24_1.jpg,a+w,20-30-24
videos/process/process_escena1/a_0_20-30-24.jpg,a,20-30-24
videos/process/process_escena1/a+w_0_20-30-24.jpg,a+w,20-30-24
videos/process/process_escena1/s_0_20-30-25_1.jpg,s,20-30-25
videos/process/process_escena1/s_0_20-30-25.jpg,s,20-30-25
videos/process/process_escena1/s+w_0_20-30-25.jpg,s+w,20-30-25
videos/process/process_escena1/w_0_20-30-25.jpg,w,20-30-25
videos/process/process_escena1/w_0_20-30-26.jpg,w,20-30-26
videos/process/process_escena1/a_0_20-30-26.jpg,a,20-30-26
videos/process/process_escena1/w_0_20-30-26_1.jpg,w,20-30-26
videos/process/process_escena1/w_0_20-30-26_2.jpg,w,20-30-26
videos/process/process_escena1/a_0_20-30-27.jpg,a,20-30-27
videos/process/process_escena1/a_0_20-30-27_1.jpg,a,20-30-27
videos/process/process_escena1/d_0_20-30-27.jpg,d,20-30-27
videos/process/process_escena1/d_0_20-30-28.jpg,d,20-30-28
videos/process/process_escena1/w_0_20-30-28.jpg,w,20-30-28
videos/process/process_escena1/d+w_0_20-30-28.jpg,d+w,20-30-28
videos/process/process_escena1/a+w_0_20-30-28.jpg,a+w,20-30-28
videos/process/process_escena1/a_0_20-30-29.jpg,a,20-30-29
videos/process/process_escena1/d+w_0_20-30-29.jpg,d+w,20-30-29
videos/process/process_escena1/w_0_20-30-30.jpg,w,20-30-30
videos/process/process_escena1/s_0_20-30-30.jpg,s,20-30-30
videos/process/process_escena1/s+w_0_20-30-30.jpg,s+w,20-30-30
videos/process/process_escena1/s+w_0_20-30-31_1.jpg,s+w,20-30-31
videos/process/process_escena1/s+w_0_20-30-31_3.jpg,s+w,20-30-31
videos/process/process_escena1/s+w_0_20-30-31_2.jpg,s+w,20-30-31
videos/process/process_escena1/s+w_0_20-30-31.jpg,s+w,20-30-31
videos/process/process_escena1/w_0_20-30-32_2.jpg,w,20-30-32
videos/process/process_escena1/w_0_20-30-32_1.jpg,w,20-30-32
videos/process/process_escena1/w_0_20-30-32.jpg,w,20-30-32
videos/process/process_escena1/s+w_0_20-30-32.jpg,s+w,20-30-32
videos/process/process_escena1/s+w_0_20-30-33.jpg,s+w,20-30-33
videos/process/process_escena1/w_0_20-30-33.jpg,w,20-30-33
videos/process/process_escena1/w_0_20-30-33_1.jpg,w,20-30-33
videos/process/process_escena1/s+w_0_20-30-33_1.jpg,s+w,20-30-33
videos/process/process_escena1/w_0_20-30-34.jpg,w,20-30-34
videos/process/process_escena1/s+w_0_20-30-34_1.jpg,s+w,20-30-34
videos/process/process_escena1/w_0_20-30-34_1.jpg,w,20-30-34
videos/process/process_escena1/s+w_0_20-30-34.jpg,s+w,20-30-34
videos/process/process_escena1/s+w_0_20-30-35_2.jpg,s+w,20-30-35
videos/process/process_escena1/s+w_0_20-30-35_1.jpg,s+w,20-30-35
videos/process/process_escena1/s+w_0_20-30-35.jpg,s+w,20-30-35
videos/process/process_escena1/s_0_20-30-35.jpg,s,20-30-35
videos/process/process_escena1/s+w_0_20-30-36.jpg,s+w,20-30-36
videos/process/process_escena1/s+w_0_20-30-36_1.jpg,s+w,20-30-36
videos/process/process_escena1/s+w_0_20-30-36_2.jpg,s+w,20-30-36
videos/process/process_escena1/s+w_0_20-30-36_3.jpg,s+w,20-30-36
videos/process/process_escena1/s+w_0_20-30-37.jpg,s+w,20-30-37
videos/process/process_escena1/s+w_0_20-30-37_3.jpg,s+w,20-30-37
videos/process/process_escena1/s+w_0_20-30-37_1.jpg,s+w,20-30-37
videos/process/process_escena1/s+w_0_20-30-37_2.jpg,s+w,20-30-37
videos/process/process_escena1/s+w_0_20-30-38_1.jpg,s+w,20-30-38
videos/process/process_escena1/s+w_0_20-30-38.jpg,s+w,20-30-38
videos/process/process_escena1/a+s+w_0_20-30-38_1.jpg,a+s+w,20-30-38
videos/process/process_escena1/a+s+w_0_20-30-38.jpg,a+s+w,20-30-38
videos/process/process_escena1/a+s+w_0_20-30-39_2.jpg,a+s+w,20-30-39
videos/process/process_escena1/a+s+w_0_20-30-39.jpg,a+s+w,20-30-39
videos/process/process_escena1/a+s+w_0_20-30-39_1.jpg,a+s+w,20-30-39
videos/process/process_escena1/a+s+w_0_20-30-39_3.jpg,a+s+w,20-30-39
videos/process/process_escena1/d+s+w_0_20-30-40_1.jpg,d+s+w,20-30-40
videos/process/process_escena1/s+w_0_20-30-40.jpg,s+w,20-30-40
videos/process/process_escena1/d+s_0_20-30-40.jpg,d+s,20-30-40
videos/process/process_escena1/d+s+w_0_20-30-40.jpg,d+s+w,20-30-40
videos/process/process_escena1/d_0_20-30-41_1.jpg,d,20-30-41
videos/process/process_escena1/d+s_0_20-30-41.jpg,d+s,20-30-41
videos/process/process_escena1/d_0_20-30-41.jpg,d,20-30-41
videos/process/process_escena1/d_0_20-30-41_2.jpg,d,20-30-41
videos/process/process_escena1/d+s_0_20-30-42.jpg,d+s,20-30-42
videos/process/process_escena1/d+s_0_20-30-42_1.jpg,d+s,20-30-42
videos/process/process_escena1/d_0_20-30-42_1.jpg,d,20-30-42
videos/process/process_escena1/d_0_20-30-42.jpg,d,20-30-42
videos/process/process_escena1/a+w_0_20-30-43.jpg,a+w,20-30-43
videos/process/process_escena1/a+w_0_20-30-43_1.jpg,a+w,20-30-43
videos/process/process_escena1/a+w_0_20-30-43_2.jpg,a+w,20-30-43
videos/process/process_escena1/a+w_0_20-30-43_3.jpg,a+w,20-30-43
videos/process/process_escena1/a+w_0_20-30-44.jpg,a+w,20-30-44
videos/process/process_escena1/a_0_20-30-44.jpg,a,20-30-44
videos/process/process_escena1/d+w_0_20-30-46.jpg,d+w,20-30-46
videos/process/process_escena1/a+space_0_20-30-48.jpg,a+space,20-30-48
videos/process/process_escena1/a+w_0_20-30-48.jpg,a+w,20-30-48
videos/process/process_escena1/a+w_0_20-30-48_1.jpg,a+w,20-30-48
videos/process/process_escena1/a_0_20-30-48.jpg,a,20-30-48
videos/process/process_escena1/a+w_0_20-30-49.jpg,a+w,20-30-49
videos/process/process_escena1/a+w_0_20-30-49_1.jpg,a+w,20-30-49
videos/process/process_escena1/a+space_0_20-30-49.jpg,a+space,20-30-49
videos/process/process_escena1/a_0_20-30-49.jpg,a,20-30-49
videos/process/process_escena1/a+space+w_0_20-30-50.jpg,a+space+w,20-30-50
videos/process/process_escena1/a+w_0_20-30-50.jpg,a+w,20-30-50
videos/process/process_escena1/a+space+w_0_20-30-50_1.jpg,a+space+w,20-30-50
videos/process/process_escena1/a+w_0_20-30-50_1.jpg,a+w,20-30-50
videos/process/process_escena1/a+w_0_20-30-51.jpg,a+w,20-30-51
videos/process/process_escena1/a+w_0_20-30-51_1.jpg,a+w,20-30-51
videos/process/process_escena1/a+space+w_0_20-30-51_1.jpg,a+space+w,20-30-51
videos/process/process_escena1/a+space+w_0_20-30-51.jpg,a+space+w,20-30-51
videos/process/process_escena1/a+w_0_20-30-52.jpg,a+w,20-30-52
videos/process/process_escena1/a+w_0_20-30-52_1.jpg,a+w,20-30-52
videos/process/process_escena1/a+space+w_0_20-30-52.jpg,a+space+w,20-30-52
videos/process/process_escena1/a+space+w_0_20-30-52_1.jpg,a+space+w,20-30-52
videos/process/process_escena1/a+w_0_20-30-53_1.jpg,a+w,20-30-53
videos/process/process_escena1/a+w_0_20-30-53_2.jpg,a+w,20-30-53
videos/process/process_escena1/a+w_0_20-30-53_3.jpg,a+w,20-30-53
videos/process/process_escena1/a+w_0_20-30-53.jpg,a+w,20-30-53
videos/process/process_escena1/a+space+w_0_20-30-54.jpg,a+space+w,20-30-54
videos/process/process_escena1/a+space+w_0_20-30-54_1.jpg,a+space+w,20-30-54
videos/process/process_escena1/a+space+w_0_20-30-54_2.jpg,a+space+w,20-30-54
videos/process/process_escena1/a+w_0_20-30-54.jpg,a+w,20-30-54
videos/process/process_escena1/a+space+w_0_20-30-55.jpg,a+space+w,20-30-55
videos/process/process_escena1/a+w_0_20-30-55.jpg,a+w,20-30-55
videos/process/process_escena1/d+w_0_20-30-55.jpg,d+w,20-30-55
videos/process/process_escena1/w_0_20-30-55.jpg,w,20-30-55
videos/process/process_escena1/a+w_0_20-30-56.jpg,a+w,20-30-56
videos/process/process_escena1/d+w_0_20-30-56.jpg,d+w,20-30-56
videos/process/process_escena1/w_0_20-30-56.jpg,w,20-30-56
videos/process/process_escena1/d+w_0_20-30-56_1.jpg,d+w,20-30-56
videos/process/process_escena1/d_0_20-30-57.jpg,d,20-30-57
videos/process/process_escena1/w_0_20-30-58.jpg,w,20-30-58
videos/process/process_escena1/w_0_20-30-58_1.jpg,w,20-30-58
videos/process/process_escena1/w_0_20-30-58_2.jpg,w,20-30-58
videos/process/process_escena1/w_0_20-30-59.jpg,w,20-30-59
videos/process/process_escena1/d+w_0_20-30-59.jpg,d+w,20-30-59
videos/process/process_escena1/a+w_0_20-31-29_2.jpg,a+w,20-31-29
videos/process/process_escena1/a+w_0_20-31-29_1.jpg,a+w,20-31-29
videos/process/process_escena1/a+w_0_20-31-29.jpg,a+w,20-31-29
videos/process/process_escena1/w_0_20-31-29.jpg,w,20-31-29
videos/process/process_escena1/a+space+w_0_20-31-30_1.jpg,a+space+w,20-31-30
videos/process/process_escena1/a+space+w_0_20-31-30.jpg,a+space+w,20-31-30
videos/process/process_escena1/a+w_0_20-31-30_1.jpg,a+w,20-31-30
videos/process/process_escena1/a+w_0_20-31-30.jpg,a+w,20-31-30
videos/process/process_escena1/a+space+w_0_20-31-31.jpg,a+space+w,20-31-31
videos/process/process_escena1/a+w_0_20-31-31_1.jpg,a+w,20-31-31
videos/process/process_escena1/a+w_0_20-31-31_2.jpg,a+w,20-31-31
videos/process/process_escena1/a+w_0_20-31-31.jpg,a+w,20-31-31
videos/process/process_escena1/a+w_0_20-31-32.jpg,a+w,20-31-32
videos/process/process_escena1/a+w_0_20-31-32_1.jpg,a+w,20-31-32
videos/process/process_escena1/a_0_20-31-32_1.jpg,a,20-31-32
videos/process/process_escena1/a_0_20-31-32.jpg,a,20-31-32
videos/process/process_escena1/a+w_0_20-31-33.jpg,a+w,20-31-33
videos/process/process_escena1/w_0_20-31-33_2.jpg,w,20-31-33
videos/process/process_escena1/w_0_20-31-33.jpg,w,20-31-33
videos/process/process_escena1/w_0_20-31-33_1.jpg,w,20-31-33
videos/process/process_escena1/w_0_20-31-34.jpg,w,20-31-34
videos/process/process_escena1/w_0_20-31-34_1.jpg,w,20-31-34
videos/process/process_escena1/d_0_20-31-34.jpg,d,20-31-34
videos/process/process_escena1/d_0_20-31-34_1.jpg,d,20-31-34
videos/process/process_escena1/d_0_20-31-37_3.jpg,d,20-31-37
videos/process/process_escena1/d_0_20-31-37.jpg,d,20-31-37
videos/process/process_escena1/d_0_20-31-37_1.jpg,d,20-31-37
videos/process/process_escena1/d_0_20-31-37_2.jpg,d,20-31-37
videos/process/process_escena1/a+w_0_20-31-38_2.jpg,a+w,20-31-38
videos/process/process_escena1/a+w_0_20-31-38_1.jpg,a+w,20-31-38
videos/process/process_escena1/a+w_0_20-31-38.jpg,a+w,20-31-38
videos/process/process_escena1/d_0_20-31-38.jpg,d,20-31-38
videos/process/process_escena1/a+w_0_20-31-39_2.jpg,a+w,20-31-39
videos/process/process_escena1/a+w_0_20-31-39_1.jpg,a+w,20-31-39
videos/process/process_escena1/a+w_0_20-31-39.jpg,a+w,20-31-39
videos/process/process_escena1/a+w_0_20-31-39_3.jpg,a+w,20-31-39
videos/process/process_escena1/a+w_0_20-31-40.jpg,a+w,20-31-40
videos/process/process_escena1/a+w_0_20-31-40_1.jpg,a+w,20-31-40
videos/process/process_escena1/a_0_20-31-40_1.jpg,a,20-31-40
videos/process/process_escena1/a_0_20-31-40.jpg,a,20-31-40
videos/process/process_escena1/a+w_0_20-31-41.jpg,a+w,20-31-41
videos/process/process_escena1/a+w_0_20-31-41_1.jpg,a+w,20-31-41
videos/process/process_escena1/a+w_0_20-31-41_2.jpg,a+w,20-31-41
videos/process/process_escena1/d+w_0_20-31-41.jpg,d+w,20-31-41
videos/process/process_escena1/a_0_20-31-42.jpg,a,20-31-42
videos/process/process_escena1/w_0_20-31-43.jpg,w,20-31-43
videos/process/process_escena1/w_0_20-31-43_1.jpg,w,20-31-43
videos/process/process_escena1/w_0_20-31-43_2.jpg,w,20-31-43
videos/process/process_escena1/w_0_20-31-44_2.jpg,w,20-31-44
videos/process/process_escena1/d+w_0_20-31-44_1.jpg,d+w,20-31-44
videos/process/process_escena1/w_0_20-31-44.jpg,w,20-31-44
videos/process/process_escena1/w_0_20-31-44_1.jpg,w,20-31-44
videos/process/process_escena1/d+w_0_20-31-44.jpg,d+w,20-31-44
videos/process/process_escena1/s_0_20-31-45.jpg,s,20-31-45
videos/process/process_escena1/w_0_20-31-45.jpg,w,20-31-45
videos/process/process_escena1/a_0_20-31-45.jpg,a,20-31-45
videos/process/process_escena1/d_0_20-31-45.jpg,d,20-31-45
videos/process/process_escena1/d+s_0_20-31-46.jpg,d+s,20-31-46
videos/process/process_escena1/w_0_20-32-09_1.jpg,w,20-32-09
videos/process/process_escena1/d+w_0_20-32-09.jpg,d+w,20-32-09
videos/process/process_escena1/w_0_20-32-09.jpg,w,20-32-09
videos/process/process_escena1/w_0_20-32-09_2.jpg,w,20-32-09
videos/process/process_escena1/d+w_0_20-32-10.jpg,d+w,20-32-10
videos/process/process_escena1/d+w_0_20-32-10_1.jpg,d+w,20-32-10
videos/process/process_escena1/w_0_20-32-10.jpg,w,20-32-10
videos/process/process_escena1/a+w_0_20-32-10.jpg,a+w,20-32-10
videos/process/process_escena1/a+w_0_20-32-11.jpg,a+w,20-32-11
videos/process/process_escena1/d+w_0_20-32-11.jpg,d+w,20-32-11
videos/process/process_escena1/w_0_20-32-11.jpg,w,20-32-11
videos/process/process_escena1/w_0_20-32-11_1.jpg,w,20-32-11
videos/process/process_escena1/w_0_20-32-12_2.jpg,w,20-32-12
videos/process/process_escena1/w_0_20-32-12_3.jpg,w,20-32-12
videos/process/process_escena1/w_0_20-32-12_1.jpg,w,20-32-12
videos/process/process_escena1/w_0_20-32-12.jpg,w,20-32-12
videos/process/process_escena1/w_0_20-32-13.jpg,w,20-32-13
videos/process/process_escena1/w_0_20-32-13_1.jpg,w,20-32-13
videos/process/process_escena1/w_0_20-32-13_2.jpg,w,20-32-13
videos/process/process_escena1/w_0_20-32-13_3.jpg,w,20-32-13
videos/process/process_escena1/w_0_20-32-14.jpg,w,20-32-14
videos/process/process_escena1/a+w_0_20-32-14.jpg,a+w,20-32-14
videos/process/process_escena1/s_0_20-32-16_1.jpg,s,20-32-16
videos/process/process_escena1/s_0_20-32-16.jpg,s,20-32-16
videos/process/process_escena1/w_0_20-32-16.jpg,w,20-32-16
videos/process/process_escena1/d+w_0_20-32-17.jpg,d+w,20-32-17
videos/process/process_escena1/a+w_0_20-32-17.jpg,a+w,20-32-17
videos/process/process_escena1/w_0_20-32-17.jpg,w,20-32-17
videos/process/process_escena1/w_0_20-32-17_1.jpg,w,20-32-17
videos/process/process_escena1/d+w_0_20-32-18.jpg,d+w,20-32-18
videos/process/process_escena1/w_0_20-32-18.jpg,w,20-32-18
videos/process/process_escena1/d+w_0_20-32-18_1.jpg,d+w,20-32-18
videos/process/process_escena1/a_0_20-32-18.jpg,a,20-32-18
videos/process/process_escena1/a+w_0_20-32-19.jpg,a+w,20-32-19
videos/process/process_escena1/w_0_20-32-19.jpg,w,20-32-19
videos/process/process_escena1/a_0_20-32-19.jpg,a,20-32-19
videos/process/process_escena1/d+w_0_20-32-19.jpg,d+w,20-32-19
videos/process/process_escena1/s_0_20-32-20.jpg,s,20-32-20
videos/process/process_escena1/a+w_0_20-32-20.jpg,a+w,20-32-20
videos/process/process_escena1/d+s_0_20-32-20_1.jpg,d+s,20-32-20
videos/process/process_escena1/d+s_0_20-32-20.jpg,d+s,20-32-20
videos/process/process_escena1/s_0_20-32-21_1.jpg,s,20-32-21
videos/process/process_escena1/s_0_20-32-21.jpg,s,20-32-21
videos/process/process_escena1/w_0_20-32-21.jpg,w,20-32-21
videos/process/process_escena1/w_0_20-32-22_2.jpg,w,20-32-22
videos/process/process_escena1/w_0_20-32-22.jpg,w,20-32-22
videos/process/process_escena1/w_0_20-32-22_1.jpg,w,20-32-22
videos/process/process_escena1/w_0_20-32-22_3.jpg,w,20-32-22
videos/process/process_escena1/a+w_0_20-32-23.jpg,a+w,20-32-23
videos/process/process_escena1/d+w_0_20-32-23.jpg,d+w,20-32-23
videos/process/process_escena1/a+w_0_20-32-23_1.jpg,a+w,20-32-23
videos/process/process_escena1/d_0_20-32-24.jpg,d,20-32-24
videos/process/process_escena1/a_0_20-32-25.jpg,a,20-32-25
videos/process/process_escena1/d_0_20-32-25.jpg,d,20-32-25
videos/process/process_escena1/d_0_20-32-27.jpg,d,20-32-27
videos/process/process_escena1/a_0_20-32-28.jpg,a,20-32-28
videos/process/process_escena1/a_0_20-32-30.jpg,a,20-32-30
videos/process/process_escena1/d+w_0_20-32-45.jpg,d+w,20-32-45
videos/process/process_escena1/a+w_0_20-32-45.jpg,a+w,20-32-45
videos/process/process_escena1/w_0_20-32-45.jpg,w,20-32-45
videos/process/process_escena1/w_0_20-32-45_1.jpg,w,20-32-45
videos/process/process_escena1/d+w_0_20-32-46.jpg,d+w,20-32-46
videos/process/process_escena1/w_0_20-32-46.jpg,w,20-32-46
videos/process/process_escena1/w_0_20-32-46_1.jpg,w,20-32-46
videos/process/process_escena1/w_0_20-32-46_2.jpg,w,20-32-46
videos/process/process_escena1/a+w_0_20-32-47.jpg,a+w,20-32-47
videos/process/process_escena1/w_0_20-32-47.jpg,w,20-32-47
videos/process/process_escena1/w_0_20-32-48_1.jpg,w,20-32-48
videos/process/process_escena1/w_0_20-32-48.jpg,w,20-32-48
videos/process/process_escena1/w_0_20-32-49_2.jpg,w,20-32-49
videos/process/process_escena1/w_0_20-32-49_1.jpg,w,20-32-49
videos/process/process_escena1/w_0_20-32-49.jpg,w,20-32-49
videos/process/process_escena1/s_0_20-32-51.jpg,s,20-32-51
videos/process/process_escena1/s_0_20-32-52.jpg,s,20-32-52
videos/process/process_escena1/s_0_20-32-54.jpg,s,20-32-54
videos/process/process_escena1/s_0_20-32-56.jpg,s,20-32-56
videos/process/process_escena1/s_0_20-32-57_1.jpg,s,20-32-57
videos/process/process_escena1/s_0_20-32-57.jpg,s,20-32-57
videos/process/process_escena1/w_0_20-33-13.jpg,w,20-33-13
videos/process/process_escena1/w_0_20-33-14.jpg,w,20-33-14
videos/process/process_escena1/w_0_20-33-14_1.jpg,w,20-33-14
videos/process/process_escena1/w_0_20-33-14_3.jpg,w,20-33-14
videos/process/process_escena1/w_0_20-33-14_2.jpg,w,20-33-14
videos/process/process_escena1/w_0_20-33-15_2.jpg,w,20-33-15
videos/process/process_escena1/w_0_20-33-15_3.jpg,w,20-33-15
videos/process/process_escena1/w_0_20-33-15.jpg,w,20-33-15
videos/process/process_escena1/w_0_20-33-15_1.jpg,w,20-33-15
videos/process/process_escena1/w_0_20-33-16.jpg,w,20-33-16
videos/process/process_escena1/w_0_20-33-16_1.jpg,w,20-33-16
videos/process/process_escena1/w_0_20-33-16_2.jpg,w,20-33-16
videos/process/process_escena1/s_0_20-33-18.jpg,s,20-33-18
videos/process/process_escena1/a_0_20-33-18.jpg,a,20-33-18
videos/process/process_escena1/s_0_20-33-20.jpg,s,20-33-20
videos/process/process_escena1/w_0_20-33-20.jpg,w,20-33-20
videos/process/process_escena1/d_0_20-33-21.jpg,d,20-33-21
videos/process/process_escena1/s_0_20-33-21.jpg,s,20-33-21
videos/process/process_escena1/a+w_0_20-33-24.jpg,a+w,20-33-24
videos/process/process_escena1/a+w_0_20-33-25.jpg,a+w,20-33-25
videos/process/process_escena1/a_0_20-33-30.jpg,a,20-33-30
videos/process/process_escena1/w_0_20-33-30.jpg,w,20-33-30
videos/process/process_escena1/w_0_20-33-30_1.jpg,w,20-33-30
videos/process/process_escena1/s_0_20-33-31.jpg,s,20-33-31
videos/process/process_escena1/w_0_20-33-56.jpg,w,20-33-56
videos/process/process_escena1/w_0_20-33-57.jpg,w,20-33-57
videos/process/process_escena1/w_0_20-33-57_2.jpg,w,20-33-57
videos/process/process_escena1/w_0_20-33-57_1.jpg,w,20-33-57
videos/process/process_escena1/d+w_0_20-33-57.jpg,d+w,20-33-57
videos/process/process_escena1/w_0_20-33-58.jpg,w,20-33-58
videos/process/process_escena1/a+w_0_20-33-58.jpg,a+w,20-33-58
videos/process/process_escena1/a+w_0_20-33-58_2.jpg,a+w,20-33-58
videos/process/process_escena1/a+w_0_20-33-58_1.jpg,a+w,20-33-58
videos/process/process_escena1/a+w_0_20-33-59_3.jpg,a+w,20-33-59
videos/process/process_escena1/a+w_0_20-33-59_2.jpg,a+w,20-33-59
videos/process/process_escena1/a+w_0_20-33-59_1.jpg,a+w,20-33-59
videos/process/process_escena1/a+w_0_20-33-59.jpg,a+w,20-33-59
videos/process/process_escena1/a+w_0_20-34-00_3.jpg,a+w,20-34-00
videos/process/process_escena1/a+w_0_20-34-00_1.jpg,a+w,20-34-00
videos/process/process_escena1/a+w_0_20-34-00.jpg,a+w,20-34-00
videos/process/process_escena1/a+w_0_20-34-00_2.jpg,a+w,20-34-00
videos/process/process_escena1/a+w_0_20-34-01_2.jpg,a+w,20-34-01
videos/process/process_escena1/a+w_0_20-34-01_3.jpg,a+w,20-34-01
videos/process/process_escena1/a+w_0_20-34-01.jpg,a+w,20-34-01
videos/process/process_escena1/a+w_0_20-34-01_1.jpg,a+w,20-34-01
videos/process/process_escena1/a+w_0_20-34-02_3.jpg,a+w,20-34-02
videos/process/process_escena1/a+w_0_20-34-02_2.jpg,a+w,20-34-02
videos/process/process_escena1/a+w_0_20-34-02.jpg,a+w,20-34-02
videos/process/process_escena1/a+w_0_20-34-02_1.jpg,a+w,20-34-02
videos/process/process_escena1/a+w_0_20-34-03.jpg,a+w,20-34-03
videos/process/process_escena1/a+w_0_20-34-03_1.jpg,a+w,20-34-03
videos/process/process_escena1/a+w_0_20-34-03_3.jpg,a+w,20-34-03
videos/process/process_escena1/a+w_0_20-34-03_2.jpg,a+w,20-34-03
videos/process/process_escena1/a+w_0_20-34-04.jpg,a+w,20-34-04
videos/process/process_escena1/a+w_0_20-34-04_1.jpg,a+w,20-34-04
videos/process/process_escena1/a+w_0_20-34-04_2.jpg,a+w,20-34-04
videos/process/process_escena1/a+w_0_20-34-04_3.jpg,a+w,20-34-04
videos/process/process_escena1/a_0_20-34-05.jpg,a,20-34-05
videos/process/process_escena1/a+w_0_20-34-05_1.jpg,a+w,20-34-05
videos/process/process_escena1/a+w_0_20-34-05_2.jpg,a+w,20-34-05
videos/process/process_escena1/a+w_0_20-34-05.jpg,a+w,20-34-05
videos/process/process_escena1/a+s_0_20-34-06_2.jpg,a+s,20-34-06
videos/process/process_escena1/a+s_0_20-34-06_1.jpg,a+s,20-34-06
videos/process/process_escena1/a+s_0_20-34-06.jpg,a+s,20-34-06
